fecha_vigencia,lista_id,planta,valor
01.01.2024,COMB-01-2024,CHIMBOTE,19.6352
01.01.2024,COMB-01-2024,CUSCO,20.6146
01.01.2024,COMB-01-2024,EL MILAGRO,20.0718
01.01.2024,COMB-01-2024,ETEN,19.647
01.01.2024,COMB-01-2024,ILO,20.2016
01.01.2024,COMB-01-2024,IQUITOS,14.8
01.01.2024,COMB-01-2024,JULIACA,20.5084
01.01.2024,COMB-01-2024,LIMA,19.352
01.01.2024,COMB-01-2024,MOLLENDO,20.0246
01.01.2024,COMB-01-2024,PISCO,19.706
01.01.2024,COMB-01-2024,PIURA,19.5526
01.01.2024,COMB-01-2024,PTO. MALDONADO,17.02
01.01.2024,COMB-01-2024,PUCALLPA,14.79
01.01.2024,COMB-01-2024,SALAVERRY,19.6706
01.01.2024,COMB-01-2024,SUPE,19.5054
01.01.2024,COMB-01-2024,TALARA,19.352
01.01.2024,COMB-01-2024,TARAPOTO,20.4199
01.01.2024,COMB-01-2024,YURIMAGUAS,15.22
01.02.2022,COMB-07-2022,CHIMBOTE,15.7884
01.02.2022,COMB-07-2022,CUSCO,16.4374
01.02.2022,COMB-07-2022,EL MILAGRO,15.9536
01.02.2022,COMB-07-2022,ETEN,15.9182
01.02.2022,COMB-07-2022,ILO,16.225
01.02.2022,COMB-07-2022,JULIACA,16.4964
01.02.2022,COMB-07-2022,LIMA,15.6232
01.02.2022,COMB-07-2022,MOLLENDO,16.1778
01.02.2022,COMB-07-2022,PISCO,15.8592
01.02.2022,COMB-07-2022,PIURA,15.8238
01.02.2022,COMB-07-2022,PTO. MALDONADO,13.76
01.02.2022,COMB-07-2022,SALAVERRY,15.9418
01.02.2022,COMB-07-2022,SUPE,15.6586
01.02.2022,COMB-07-2022,TALARA,15.6232
01.02.2022,COMB-07-2022,TARAPOTO,16.1011
01.02.2023,COMB-06-2023,CHIMBOTE,22.1958
01.02.2023,COMB-06-2023,CUSCO,22.8448
01.02.2023,COMB-06-2023,EL MILAGRO,22.361
01.02.2023,COMB-06-2023,ETEN,22.3256
01.02.2023,COMB-06-2023,ILO,22.6324
01.02.2023,COMB-06-2023,JULIACA,22.9038
01.02.2023,COMB-06-2023,LIMA,22.0306
01.02.2023,COMB-06-2023,MOLLENDO,22.5852
01.02.2023,COMB-06-2023,PISCO,22.2666
01.02.2023,COMB-06-2023,PIURA,22.2312
01.02.2023,COMB-06-2023,PTO. MALDONADO,19.19
01.02.2023,COMB-06-2023,SALAVERRY,22.3492
01.02.2023,COMB-06-2023,SUPE,22.066
01.02.2023,COMB-06-2023,TALARA,22.0306
01.02.2023,COMB-06-2023,TARAPOTO,22.5085
01.03.2023,COMB-10-2023,CHIMBOTE,21.3108
01.03.2023,COMB-10-2023,CUSCO,21.9598
01.03.2023,COMB-10-2023,EL MILAGRO,21.476
01.03.2023,COMB-10-2023,ETEN,21.4406
01.03.2023,COMB-10-2023,ILO,21.7474
01.03.2023,COMB-10-2023,IQUITOS,16.22
01.03.2023,COMB-10-2023,JULIACA,22.0188
01.03.2023,COMB-10-2023,LIMA,21.1456
01.03.2023,COMB-10-2023,MOLLENDO,21.7002
01.03.2023,COMB-10-2023,PISCO,21.3816
01.03.2023,COMB-10-2023,PIURA,21.3462
01.03.2023,COMB-10-2023,PTO. MALDONADO,18.44
01.03.2023,COMB-10-2023,PUCALLPA,16.21
01.03.2023,COMB-10-2023,SALAVERRY,21.4642
01.03.2023,COMB-10-2023,SUPE,21.181
01.03.2023,COMB-10-2023,TALARA,21.1456
01.03.2023,COMB-10-2023,TARAPOTO,21.6235
01.03.2023,COMB-10-2023,YURIMAGUAS,16.64
01.03.2024,COMB-12-2024,CHIMBOTE,18.9744
01.03.2024,COMB-12-2024,CUSCO,19.9538
01.03.2024,COMB-12-2024,EL MILAGRO,19.411
01.03.2024,COMB-12-2024,ETEN,18.9862
01.03.2024,COMB-12-2024,ILO,19.5408
01.03.2024,COMB-12-2024,IQUITOS,14.24
01.03.2024,COMB-12-2024,JULIACA,19.8476
01.03.2024,COMB-12-2024,LIMA,18.6912
01.03.2024,COMB-12-2024,MOLLENDO,19.3638
01.03.2024,COMB-12-2024,PISCO,19.0452
01.03.2024,COMB-12-2024,PIURA,18.8918
01.03.2024,COMB-12-2024,PTO. MALDONADO,16.46
01.03.2024,COMB-12-2024,PUCALLPA,14.23
01.03.2024,COMB-12-2024,SALAVERRY,19.0098
01.03.2024,COMB-12-2024,SUPE,18.8446
01.03.2024,COMB-12-2024,TALARA,18.6912
01.03.2024,COMB-12-2024,TARAPOTO,19.7591
01.03.2024,COMB-12-2024,YURIMAGUAS,14.66
01.04.2021,COMB-13-2021,CHIMBOTE,12.3546
01.04.2021,COMB-13-2021,CUSCO,13.0036
01.04.2021,COMB-13-2021,EL MILAGRO,12.5198
01.04.2021,COMB-13-2021,ETEN,12.4844
01.04.2021,COMB-13-2021,ILO,12.7912
01.04.2021,COMB-13-2021,JULIACA,13.0626
01.04.2021,COMB-13-2021,LIMA,12.1894
01.04.2021,COMB-13-2021,MOLLENDO,12.744
01.04.2021,COMB-13-2021,PISCO,12.4254
01.04.2021,COMB-13-2021,PIURA,12.39
01.04.2021,COMB-13-2021,PTO. MALDONADO,10.85
01.04.2021,COMB-13-2021,SALAVERRY,12.508
01.04.2021,COMB-13-2021,SUPE,12.2838
01.04.2021,COMB-13-2021,TALARA,12.1894
01.04.2021,COMB-13-2021,TARAPOTO,12.6673
01.04.2025,COMB-24-2025,CHIMBOTE,15.1394
01.04.2025,COMB-24-2025,CUSCO,16.1188
01.04.2025,COMB-24-2025,EL MILAGRO,16.3902
01.04.2025,COMB-24-2025,ETEN,15.1512
01.04.2025,COMB-24-2025,ILO,15.7058
01.04.2025,COMB-24-2025,IQUITOS,11.68
01.04.2025,COMB-24-2025,JULIACA,16.0126
01.04.2025,COMB-24-2025,LIMA,14.8562
01.04.2025,COMB-24-2025,MOLLENDO,15.5288
01.04.2025,COMB-24-2025,PISCO,15.2102
01.04.2025,COMB-24-2025,PIURA,15.0568
01.04.2025,COMB-24-2025,PTO. MALDONADO,13.7
01.04.2025,COMB-24-2025,PUCALLPA,11.67
01.04.2025,COMB-24-2025,SALAVERRY,15.1748
01.04.2025,COMB-24-2025,SUPE,15.0096
01.04.2025,COMB-24-2025,TALARA,14.8562
01.04.2025,COMB-24-2025,TARAPOTO,16.7855
01.04.2025,COMB-24-2025,YURIMAGUAS,12.1
01.06.2023,COMB-25-2023,CHIMBOTE,19.6234
01.06.2023,COMB-25-2023,CUSCO,20.2724
01.06.2023,COMB-25-2023,EL MILAGRO,19.7886
01.06.2023,COMB-25-2023,ETEN,19.7532
01.06.2023,COMB-25-2023,ILO,20.06
01.06.2023,COMB-25-2023,IQUITOS,14.79
01.06.2023,COMB-25-2023,JULIACA,20.3314
01.06.2023,COMB-25-2023,LIMA,19.4582
01.06.2023,COMB-25-2023,MOLLENDO,20.0128
01.06.2023,COMB-25-2023,PISCO,19.6942
01.06.2023,COMB-25-2023,PIURA,19.6588
01.06.2023,COMB-25-2023,PTO. MALDONADO,17.01
01.06.2023,COMB-25-2023,PUCALLPA,14.78
01.06.2023,COMB-25-2023,SALAVERRY,19.7768
01.06.2023,COMB-25-2023,SUPE,19.4936
01.06.2023,COMB-25-2023,TALARA,19.4582
01.06.2023,COMB-25-2023,TARAPOTO,19.9361
01.06.2023,COMB-25-2023,YURIMAGUAS,15.21
01.06.2024,COMB-29-2024,CHIMBOTE,17.0156
01.06.2024,COMB-29-2024,CUSCO,17.995
01.06.2024,COMB-29-2024,EL MILAGRO,17.4522
01.06.2024,COMB-29-2024,ETEN,17.0274
01.06.2024,COMB-29-2024,ILO,17.582
01.06.2024,COMB-29-2024,IQUITOS,12.58
01.06.2024,COMB-29-2024,JULIACA,17.8888
01.06.2024,COMB-29-2024,LIMA,16.7324
01.06.2024,COMB-29-2024,MOLLENDO,17.405
01.06.2024,COMB-29-2024,PISCO,17.0864
01.06.2024,COMB-29-2024,PIURA,16.933
01.06.2024,COMB-29-2024,PTO. MALDONADO,14.8
01.06.2024,COMB-29-2024,PUCALLPA,12.57
01.06.2024,COMB-29-2024,SALAVERRY,17.051
01.06.2024,COMB-29-2024,SUPE,16.8858
01.06.2024,COMB-29-2024,TALARA,16.7324
01.06.2024,COMB-29-2024,TARAPOTO,17.8003
01.06.2024,COMB-29-2024,YURIMAGUAS,13.0
01.07.2021,COMB-30-2021,CHIMBOTE,14.3016
01.07.2021,COMB-30-2021,CUSCO,14.9506
01.07.2021,COMB-30-2021,EL MILAGRO,14.4668
01.07.2021,COMB-30-2021,ETEN,14.4314
01.07.2021,COMB-30-2021,ILO,14.7382
01.07.2021,COMB-30-2021,JULIACA,15.0096
01.07.2021,COMB-30-2021,LIMA,14.1364
01.07.2021,COMB-30-2021,MOLLENDO,14.691
01.07.2021,COMB-30-2021,PISCO,14.3724
01.07.2021,COMB-30-2021,PIURA,14.337
01.07.2021,COMB-30-2021,PTO. MALDONADO,12.5
01.07.2021,COMB-30-2021,SALAVERRY,14.455
01.07.2021,COMB-30-2021,SUPE,14.2308
01.07.2021,COMB-30-2021,TALARA,14.1364
01.07.2021,COMB-30-2021,TARAPOTO,14.6143
01.07.2022,COMB-30-2022,CHIMBOTE,25.901
01.07.2022,COMB-30-2022,CUSCO,26.55
01.07.2022,COMB-30-2022,EL MILAGRO,26.0662
01.07.2022,COMB-30-2022,ETEN,26.0308
01.07.2022,COMB-30-2022,ILO,26.3376
01.07.2022,COMB-30-2022,JULIACA,26.609
01.07.2022,COMB-30-2022,LIMA,25.7358
01.07.2022,COMB-30-2022,MOLLENDO,26.2904
01.07.2022,COMB-30-2022,PISCO,25.9718
01.07.2022,COMB-30-2022,PIURA,25.9364
01.07.2022,COMB-30-2022,PTO. MALDONADO,22.33
01.07.2022,COMB-30-2022,SALAVERRY,26.0544
01.07.2022,COMB-30-2022,SUPE,25.7712
01.07.2022,COMB-30-2022,TALARA,25.7358
01.07.2022,COMB-30-2022,TARAPOTO,26.2137
01.07.2023,COMB-31-2023,CHIMBOTE,18.1838
01.07.2023,COMB-31-2023,CUSCO,19.1632
01.07.2023,COMB-31-2023,EL MILAGRO,18.6204
01.07.2023,COMB-31-2023,ETEN,18.1956
01.07.2023,COMB-31-2023,ILO,18.7502
01.07.2023,COMB-31-2023,IQUITOS,13.57
01.07.2023,COMB-31-2023,JULIACA,19.057
01.07.2023,COMB-31-2023,LIMA,17.9006
01.07.2023,COMB-31-2023,MOLLENDO,18.5732
01.07.2023,COMB-31-2023,PISCO,18.2546
01.07.2023,COMB-31-2023,PIURA,18.1012
01.07.2023,COMB-31-2023,PTO. MALDONADO,15.79
01.07.2023,COMB-31-2023,PUCALLPA,13.56
01.07.2023,COMB-31-2023,SALAVERRY,18.2192
01.07.2023,COMB-31-2023,SUPE,18.054
01.07.2023,COMB-31-2023,TALARA,17.9006
01.07.2023,COMB-31-2023,TARAPOTO,18.9685
01.07.2023,COMB-31-2023,YURIMAGUAS,13.99
01.07.2024,COMB-34-2024,CHIMBOTE,17.4522
01.07.2024,COMB-34-2024,CUSCO,18.4316
01.07.2024,COMB-34-2024,EL MILAGRO,17.8888
01.07.2024,COMB-34-2024,ETEN,17.464
01.07.2024,COMB-34-2024,ILO,18.0186
01.07.2024,COMB-34-2024,IQUITOS,12.95
01.07.2024,COMB-34-2024,JULIACA,18.3254
01.07.2024,COMB-34-2024,LIMA,17.169
01.07.2024,COMB-34-2024,MOLLENDO,17.8416
01.07.2024,COMB-34-2024,PISCO,17.523
01.07.2024,COMB-34-2024,PIURA,17.3696
01.07.2024,COMB-34-2024,PTO. MALDONADO,15.17
01.07.2024,COMB-34-2024,PUCALLPA,12.94
01.07.2024,COMB-34-2024,SALAVERRY,17.4876
01.07.2024,COMB-34-2024,SUPE,17.3224
01.07.2024,COMB-34-2024,TALARA,17.169
01.07.2024,COMB-34-2024,TARAPOTO,18.2841
01.07.2024,COMB-34-2024,YURIMAGUAS,13.37
01.07.2025,COMB-42-2025,CHIMBOTE,15.3636
01.07.2025,COMB-42-2025,CUSCO,16.343
01.07.2025,COMB-42-2025,EL MILAGRO,16.6144
01.07.2025,COMB-42-2025,ETEN,15.3754
01.07.2025,COMB-42-2025,ILO,15.93
01.07.2025,COMB-42-2025,IQUITOS,11.62
01.07.2025,COMB-42-2025,JULIACA,16.2368
01.07.2025,COMB-42-2025,LIMA,15.0804
01.07.2025,COMB-42-2025,MOLLENDO,15.753
01.07.2025,COMB-42-2025,PISCO,15.4344
01.07.2025,COMB-42-2025,PIURA,12.685
01.07.2025,COMB-42-2025,PTO. MALDONADO,13.64
01.07.2025,COMB-42-2025,PUCALLPA,11.61
01.07.2025,COMB-42-2025,SALAVERRY,15.399
01.07.2025,COMB-42-2025,SUPE,15.2338
01.07.2025,COMB-42-2025,TALARA,12.4844
01.07.2025,COMB-42-2025,TARAPOTO,17.0097
01.07.2025,COMB-42-2025,YURIMAGUAS,12.04
01.07.2026,COMB-45-2026,CHIMBOTE,18.8564
01.07.2026,COMB-45-2026,CUSCO,20.6854
01.07.2026,COMB-45-2026,EL MILAGRO,19.2812
01.07.2026,COMB-45-2026,ETEN,18.8446
01.07.2026,COMB-45-2026,ILO,19.883
01.07.2026,COMB-45-2026,IQUITOS,16.18
01.07.2026,COMB-45-2026,JULIACA,20.5792
01.07.2026,COMB-45-2026,LIMA,18.9154
01.07.2026,COMB-45-2026,MOLLENDO,20.4022
01.07.2026,COMB-45-2026,PISCO,19.1278
01.07.2026,COMB-45-2026,PIURA,16.9684
01.07.2026,COMB-45-2026,PTO. MALDONADO,17.4883
01.07.2026,COMB-45-2026,PUCALLPA,16.24
01.07.2026,COMB-45-2026,SALAVERRY,19.5408
01.07.2026,COMB-45-2026,SUPE,19.3756
01.07.2026,COMB-45-2026,TALARA,16.7678
01.07.2026,COMB-45-2026,TARAPOTO,19.6765
01.07.2026,COMB-45-2026,YURIMAGUAS,13.5
01.08.2023,COMB-37-2023,CHIMBOTE,19.0452
01.08.2023,COMB-37-2023,CUSCO,20.0246
01.08.2023,COMB-37-2023,EL MILAGRO,19.4818
01.08.2023,COMB-37-2023,ETEN,19.057
01.08.2023,COMB-37-2023,ILO,19.6116
01.08.2023,COMB-37-2023,IQUITOS,14.3
01.08.2023,COMB-37-2023,JULIACA,19.9184
01.08.2023,COMB-37-2023,LIMA,18.762
01.08.2023,COMB-37-2023,MOLLENDO,19.4346
01.08.2023,COMB-37-2023,PISCO,19.116
01.08.2023,COMB-37-2023,PIURA,18.9626
01.08.2023,COMB-37-2023,PTO. MALDONADO,16.52
01.08.2023,COMB-37-2023,PUCALLPA,14.29
01.08.2023,COMB-37-2023,SALAVERRY,19.0806
01.08.2023,COMB-37-2023,SUPE,18.9154
01.08.2023,COMB-37-2023,TALARA,18.762
01.08.2023,COMB-37-2023,TARAPOTO,19.8299
01.08.2023,COMB-37-2023,YURIMAGUAS,14.72
01.08.2025,COMB-51-2025,CHIMBOTE,14.4786
01.08.2025,COMB-51-2025,CUSCO,15.458
01.08.2025,COMB-51-2025,EL MILAGRO,15.7294
01.08.2025,COMB-51-2025,ETEN,14.4904
01.08.2025,COMB-51-2025,ILO,15.045
01.08.2025,COMB-51-2025,IQUITOS,11.37
01.08.2025,COMB-51-2025,JULIACA,15.3518
01.08.2025,COMB-51-2025,LIMA,14.1954
01.08.2025,COMB-51-2025,MOLLENDO,14.868
01.08.2025,COMB-51-2025,PISCO,14.5494
01.08.2025,COMB-51-2025,PIURA,12.803
01.08.2025,COMB-51-2025,PTO. MALDONADO,13.39
01.08.2025,COMB-51-2025,PUCALLPA,11.36
01.08.2025,COMB-51-2025,SALAVERRY,14.514
01.08.2025,COMB-51-2025,SUPE,14.3488
01.08.2025,COMB-51-2025,TALARA,12.6024
01.08.2025,COMB-51-2025,TARAPOTO,16.1247
01.08.2025,COMB-51-2025,YURIMAGUAS,11.79
01.09.2023,COMB-42-2023,CHIMBOTE,21.9244
01.09.2023,COMB-42-2023,CUSCO,22.9038
01.09.2023,COMB-42-2023,EL MILAGRO,22.361
01.09.2023,COMB-42-2023,ETEN,21.9362
01.09.2023,COMB-42-2023,ILO,22.4908
01.09.2023,COMB-42-2023,IQUITOS,16.74
01.09.2023,COMB-42-2023,JULIACA,22.7976
01.09.2023,COMB-42-2023,LIMA,21.6412
01.09.2023,COMB-42-2023,MOLLENDO,22.3138
01.09.2023,COMB-42-2023,PISCO,21.9952
01.09.2023,COMB-42-2023,PIURA,21.8418
01.09.2023,COMB-42-2023,PTO. MALDONADO,18.96
01.09.2023,COMB-42-2023,PUCALLPA,16.73
01.09.2023,COMB-42-2023,SALAVERRY,21.9598
01.09.2023,COMB-42-2023,SUPE,21.7946
01.09.2023,COMB-42-2023,TALARA,21.6412
01.09.2023,COMB-42-2023,TARAPOTO,22.7091
01.09.2023,COMB-42-2023,YURIMAGUAS,17.16
01.09.2026,COMB-61-2026,CHIMBOTE,25.5942
01.09.2026,COMB-61-2026,CUSCO,26.9276
01.09.2026,COMB-61-2026,EL MILAGRO,26.1488
01.09.2026,COMB-61-2026,ETEN,25.7594
01.09.2026,COMB-61-2026,ILO,26.6132
01.09.2026,COMB-61-2026,IQUITOS,22.36
01.09.2026,COMB-61-2026,JULIACA,26.9866
01.09.2026,COMB-61-2026,LIMA,25.075
01.09.2026,COMB-61-2026,MOLLENDO,26.3612
01.09.2026,COMB-61-2026,PISCO,24.9452
01.09.2026,COMB-61-2026,PIURA,25.3346
01.09.2026,COMB-61-2026,PTO. MALDONADO,22.6583
01.09.2026,COMB-61-2026,PUCALLPA,21.47
01.09.2026,COMB-61-2026,SALAVERRY,26.5854
01.09.2026,COMB-61-2026,SUPE,25.2992
01.09.2026,COMB-61-2026,TALARA,25.134
01.09.2026,COMB-61-2026,TARAPOTO,26.4615
01.09.2026,COMB-61-2026,YURIMAGUAS,21.25
01.10.2021,COMB-47-2021,CHIMBOTE,15.576
01.10.2021,COMB-47-2021,CUSCO,16.225
01.10.2021,COMB-47-2021,EL MILAGRO,15.7412
01.10.2021,COMB-47-2021,ETEN,15.7058
01.10.2021,COMB-47-2021,ILO,16.0126
01.10.2021,COMB-47-2021,JULIACA,16.284
01.10.2021,COMB-47-2021,LIMA,15.4108
01.10.2021,COMB-47-2021,MOLLENDO,15.9654
01.10.2021,COMB-47-2021,PISCO,15.6468
01.10.2021,COMB-47-2021,PIURA,15.6114
01.10.2021,COMB-47-2021,PTO. MALDONADO,13.58
01.10.2021,COMB-47-2021,SALAVERRY,15.7294
01.10.2021,COMB-47-2021,SUPE,15.4462
01.10.2021,COMB-47-2021,TALARA,15.4108
01.10.2021,COMB-47-2021,TARAPOTO,15.8887
01.11.2024,COMB-54-2024,CHIMBOTE,15.7884
01.11.2024,COMB-54-2024,CUSCO,16.7678
01.11.2024,COMB-54-2024,EL MILAGRO,17.0392
01.11.2024,COMB-54-2024,ETEN,15.8002
01.11.2024,COMB-54-2024,ILO,16.3548
01.11.2024,COMB-54-2024,IQUITOS,12.23
01.11.2024,COMB-54-2024,JULIACA,16.6616
01.11.2024,COMB-54-2024,LIMA,15.5052
01.11.2024,COMB-54-2024,MOLLENDO,16.1778
01.11.2024,COMB-54-2024,PISCO,15.8592
01.11.2024,COMB-54-2024,PIURA,15.7058
01.11.2024,COMB-54-2024,PTO. MALDONADO,14.45
01.11.2024,COMB-54-2024,PUCALLPA,12.22
01.11.2024,COMB-54-2024,SALAVERRY,15.8238
01.11.2024,COMB-54-2024,SUPE,15.6586
01.11.2024,COMB-54-2024,TALARA,15.5052
01.11.2024,COMB-54-2024,TARAPOTO,17.4345
01.11.2024,COMB-54-2024,YURIMAGUAS,12.65
01.12.2022,COMB-56-2022,CHIMBOTE,21.6412
01.12.2022,COMB-56-2022,CUSCO,22.2902
01.12.2022,COMB-56-2022,EL MILAGRO,21.8064
01.12.2022,COMB-56-2022,ETEN,21.771
01.12.2022,COMB-56-2022,ILO,22.0778
01.12.2022,COMB-56-2022,IQUITOS,16.53
01.12.2022,COMB-56-2022,JULIACA,22.3492
01.12.2022,COMB-56-2022,LIMA,21.476
01.12.2022,COMB-56-2022,MOLLENDO,22.0306
01.12.2022,COMB-56-2022,PISCO,21.712
01.12.2022,COMB-56-2022,PIURA,21.6766
01.12.2022,COMB-56-2022,PTO. MALDONADO,18.72
01.12.2022,COMB-56-2022,PUCALLPA,16.52
01.12.2022,COMB-56-2022,SALAVERRY,21.7946
01.12.2022,COMB-56-2022,SUPE,21.5114
01.12.2022,COMB-56-2022,TALARA,21.476
01.12.2022,COMB-56-2022,TARAPOTO,21.9539
01.12.2022,COMB-56-2022,YURIMAGUAS,16.95
01.12.2023,COMB-61-2023,CHIMBOTE,21.0158
01.12.2023,COMB-61-2023,CUSCO,21.9952
01.12.2023,COMB-61-2023,EL MILAGRO,21.4524
01.12.2023,COMB-61-2023,ETEN,21.0276
01.12.2023,COMB-61-2023,ILO,21.5822
01.12.2023,COMB-61-2023,IQUITOS,15.97
01.12.2023,COMB-61-2023,JULIACA,21.889
01.12.2023,COMB-61-2023,LIMA,20.7326
01.12.2023,COMB-61-2023,MOLLENDO,21.4052
01.12.2023,COMB-61-2023,PISCO,21.0866
01.12.2023,COMB-61-2023,PIURA,20.9332
01.12.2023,COMB-61-2023,PTO. MALDONADO,18.19
01.12.2023,COMB-61-2023,PUCALLPA,15.96
01.12.2023,COMB-61-2023,SALAVERRY,21.0512
01.12.2023,COMB-61-2023,SUPE,20.886
01.12.2023,COMB-61-2023,TALARA,20.7326
01.12.2023,COMB-61-2023,TARAPOTO,21.8005
01.12.2023,COMB-61-2023,YURIMAGUAS,16.39
02.01.2024,COMB-02-2024,CHIMBOTE,19.6352
02.01.2024,COMB-02-2024,CUSCO,20.6146
02.01.2024,COMB-02-2024,EL MILAGRO,20.0718
02.01.2024,COMB-02-2024,ETEN,19.647
02.01.2024,COMB-02-2024,ILO,20.2016
02.01.2024,COMB-02-2024,IQUITOS,14.8
02.01.2024,COMB-02-2024,JULIACA,20.5084
02.01.2024,COMB-02-2024,LIMA,19.352
02.01.2024,COMB-02-2024,MOLLENDO,20.0246
02.01.2024,COMB-02-2024,PISCO,19.706
02.01.2024,COMB-02-2024,PIURA,19.5526
02.01.2024,COMB-02-2024,PTO. MALDONADO,17.02
02.01.2024,COMB-02-2024,PUCALLPA,14.79
02.01.2024,COMB-02-2024,SALAVERRY,19.6706
02.01.2024,COMB-02-2024,SUPE,19.5054
02.01.2024,COMB-02-2024,TALARA,19.352
02.01.2024,COMB-02-2024,TARAPOTO,20.4199
02.01.2024,COMB-02-2024,YURIMAGUAS,15.22
02.02.2024,COMB-08-2024,CHIMBOTE,19.2222
02.02.2024,COMB-08-2024,CUSCO,20.2016
02.02.2024,COMB-08-2024,EL MILAGRO,19.6588
02.02.2024,COMB-08-2024,ETEN,19.234
02.02.2024,COMB-08-2024,ILO,19.7886
02.02.2024,COMB-08-2024,IQUITOS,14.45
02.02.2024,COMB-08-2024,JULIACA,20.0954
02.02.2024,COMB-08-2024,LIMA,18.939
02.02.2024,COMB-08-2024,MOLLENDO,19.6116
02.02.2024,COMB-08-2024,PISCO,19.293
02.02.2024,COMB-08-2024,PIURA,19.1396
02.02.2024,COMB-08-2024,PTO. MALDONADO,16.67
02.02.2024,COMB-08-2024,PUCALLPA,14.44
02.02.2024,COMB-08-2024,SALAVERRY,19.2576
02.02.2024,COMB-08-2024,SUPE,19.0924
02.02.2024,COMB-08-2024,TALARA,18.939
02.02.2024,COMB-08-2024,TARAPOTO,20.0069
02.02.2024,COMB-08-2024,YURIMAGUAS,14.87
02.03.2024,COMB-13-2024,CHIMBOTE,18.9744
02.03.2024,COMB-13-2024,CUSCO,19.9538
02.03.2024,COMB-13-2024,EL MILAGRO,19.411
02.03.2024,COMB-13-2024,ETEN,18.9862
02.03.2024,COMB-13-2024,ILO,19.5408
02.03.2024,COMB-13-2024,IQUITOS,14.24
02.03.2024,COMB-13-2024,JULIACA,19.8476
02.03.2024,COMB-13-2024,LIMA,18.6912
02.03.2024,COMB-13-2024,MOLLENDO,19.3638
02.03.2024,COMB-13-2024,PISCO,19.0452
02.03.2024,COMB-13-2024,PIURA,18.8918
02.03.2024,COMB-13-2024,PTO. MALDONADO,16.46
02.03.2024,COMB-13-2024,PUCALLPA,14.23
02.03.2024,COMB-13-2024,SALAVERRY,19.0098
02.03.2024,COMB-13-2024,SUPE,18.8446
02.03.2024,COMB-13-2024,TALARA,18.6912
02.03.2024,COMB-13-2024,TARAPOTO,19.7591
02.03.2024,COMB-13-2024,YURIMAGUAS,14.66
02.04.2024,COMB-18-2024,CHIMBOTE,18.0658
02.04.2024,COMB-18-2024,CUSCO,19.0452
02.04.2024,COMB-18-2024,EL MILAGRO,18.5024
02.04.2024,COMB-18-2024,ETEN,18.0776
02.04.2024,COMB-18-2024,ILO,18.6322
02.04.2024,COMB-18-2024,IQUITOS,13.47
02.04.2024,COMB-18-2024,JULIACA,18.939
02.04.2024,COMB-18-2024,LIMA,17.7826
02.04.2024,COMB-18-2024,MOLLENDO,18.4552
02.04.2024,COMB-18-2024,PISCO,18.1366
02.04.2024,COMB-18-2024,PIURA,17.9832
02.04.2024,COMB-18-2024,PTO. MALDONADO,15.69
02.04.2024,COMB-18-2024,PUCALLPA,13.46
02.04.2024,COMB-18-2024,SALAVERRY,18.1012
02.04.2024,COMB-18-2024,SUPE,17.936
02.04.2024,COMB-18-2024,TALARA,17.7826
02.04.2024,COMB-18-2024,TARAPOTO,18.8505
02.04.2024,COMB-18-2024,YURIMAGUAS,13.89
02.06.2022,COMB-26-2022,CHIMBOTE,20.8624
02.06.2022,COMB-26-2022,CUSCO,21.5114
02.06.2022,COMB-26-2022,EL MILAGRO,21.0276
02.06.2022,COMB-26-2022,ETEN,20.9922
02.06.2022,COMB-26-2022,ILO,21.299
02.06.2022,COMB-26-2022,JULIACA,21.5704
02.06.2022,COMB-26-2022,LIMA,20.6972
02.06.2022,COMB-26-2022,MOLLENDO,21.2518
02.06.2022,COMB-26-2022,PISCO,20.9332
02.06.2022,COMB-26-2022,PIURA,20.8978
02.06.2022,COMB-26-2022,PTO. MALDONADO,15.51
02.06.2022,COMB-26-2022,SALAVERRY,21.0158
02.06.2022,COMB-26-2022,SUPE,20.7326
02.06.2022,COMB-26-2022,TALARA,20.6972
02.06.2022,COMB-26-2022,TARAPOTO,21.1751
02.06.2026,COMB-34-2026,CHIMBOTE,19.7178
02.06.2026,COMB-34-2026,CUSCO,22.7268
02.06.2026,COMB-34-2026,EL MILAGRO,20.8152
02.06.2026,COMB-34-2026,ETEN,19.942
02.06.2026,COMB-34-2026,ILO,22.8802
02.06.2026,COMB-34-2026,IQUITOS,16.41
02.06.2026,COMB-34-2026,JULIACA,22.6206
02.06.2026,COMB-34-2026,LIMA,19.1868
02.06.2026,COMB-34-2026,MOLLENDO,22.4436
02.06.2026,COMB-34-2026,PISCO,19.6352
02.06.2026,COMB-34-2026,PIURA,18.5024
02.06.2026,COMB-34-2026,PTO. MALDONADO,19.1183
02.06.2026,COMB-34-2026,PUCALLPA,16.47
02.06.2026,COMB-34-2026,SALAVERRY,20.9922
02.06.2026,COMB-34-2026,SUPE,19.647
02.06.2026,COMB-34-2026,TALARA,18.3018
02.06.2026,COMB-34-2026,TARAPOTO,21.2105
02.06.2026,COMB-34-2026,YURIMAGUAS,15.2
02.08.2022,COMB-35-2022,CHIMBOTE,23.3994
02.08.2022,COMB-35-2022,CUSCO,24.0484
02.08.2022,COMB-35-2022,EL MILAGRO,23.5646
02.08.2022,COMB-35-2022,ETEN,23.5292
02.08.2022,COMB-35-2022,ILO,23.836
02.08.2022,COMB-35-2022,JULIACA,24.1074
02.08.2022,COMB-35-2022,LIMA,23.2342
02.08.2022,COMB-35-2022,MOLLENDO,23.7888
02.08.2022,COMB-35-2022,PISCO,23.4702
02.08.2022,COMB-35-2022,PIURA,23.4348
02.08.2022,COMB-35-2022,PTO. MALDONADO,20.21
02.08.2022,COMB-35-2022,SALAVERRY,23.5528
02.08.2022,COMB-35-2022,SUPE,23.2696
02.08.2022,COMB-35-2022,TALARA,23.2342
02.08.2022,COMB-35-2022,TARAPOTO,23.7121
02.08.2024,COMB-39-2024,CHIMBOTE,17.2634
02.08.2024,COMB-39-2024,CUSCO,18.2428
02.08.2024,COMB-39-2024,EL MILAGRO,17.7
02.08.2024,COMB-39-2024,ETEN,17.2752
02.08.2024,COMB-39-2024,ILO,17.8298
02.08.2024,COMB-39-2024,IQUITOS,12.79
02.08.2024,COMB-39-2024,JULIACA,18.1366
02.08.2024,COMB-39-2024,LIMA,16.9802
02.08.2024,COMB-39-2024,MOLLENDO,17.6528
02.08.2024,COMB-39-2024,PISCO,17.3342
02.08.2024,COMB-39-2024,PIURA,17.1808
02.08.2024,COMB-39-2024,PTO. MALDONADO,15.01
02.08.2024,COMB-39-2024,PUCALLPA,12.78
02.08.2024,COMB-39-2024,SALAVERRY,17.2988
02.08.2024,COMB-39-2024,SUPE,17.1336
02.08.2024,COMB-39-2024,TALARA,16.9802
02.08.2024,COMB-39-2024,TARAPOTO,18.0953
02.08.2024,COMB-39-2024,YURIMAGUAS,13.21
02.09.2021,COMB-41-2021,CHIMBOTE,14.75
02.09.2021,COMB-41-2021,CUSCO,15.399
02.09.2021,COMB-41-2021,EL MILAGRO,14.9152
02.09.2021,COMB-41-2021,ETEN,14.8798
02.09.2021,COMB-41-2021,ILO,15.1866
02.09.2021,COMB-41-2021,JULIACA,15.458
02.09.2021,COMB-41-2021,LIMA,14.5848
02.09.2021,COMB-41-2021,MOLLENDO,15.1394
02.09.2021,COMB-41-2021,PISCO,14.8208
02.09.2021,COMB-41-2021,PIURA,14.7854
02.09.2021,COMB-41-2021,PTO. MALDONADO,12.88
02.09.2021,COMB-41-2021,SALAVERRY,14.9034
02.09.2021,COMB-41-2021,SUPE,14.6202
02.09.2021,COMB-41-2021,TALARA,14.5848
02.09.2021,COMB-41-2021,TARAPOTO,15.0627
02.09.2023,COMB-43-2023,CHIMBOTE,21.9244
02.09.2023,COMB-43-2023,CUSCO,22.9038
02.09.2023,COMB-43-2023,EL MILAGRO,22.361
02.09.2023,COMB-43-2023,ETEN,21.9362
02.09.2023,COMB-43-2023,ILO,22.4908
02.09.2023,COMB-43-2023,IQUITOS,16.74
02.09.2023,COMB-43-2023,JULIACA,22.7976
02.09.2023,COMB-43-2023,LIMA,21.6412
02.09.2023,COMB-43-2023,MOLLENDO,22.3138
02.09.2023,COMB-43-2023,PISCO,21.9952
02.09.2023,COMB-43-2023,PIURA,21.8418
02.09.2023,COMB-43-2023,PTO. MALDONADO,18.96
02.09.2023,COMB-43-2023,PUCALLPA,16.73
02.09.2023,COMB-43-2023,SALAVERRY,21.9598
02.09.2023,COMB-43-2023,SUPE,21.7946
02.09.2023,COMB-43-2023,TALARA,21.6412
02.09.2023,COMB-43-2023,TARAPOTO,22.7091
02.09.2023,COMB-43-2023,YURIMAGUAS,17.16
02.09.2025,COMB-58-2025,CHIMBOTE,13.6762
02.09.2025,COMB-58-2025,CUSCO,14.6556
02.09.2025,COMB-58-2025,EL MILAGRO,14.927
02.09.2025,COMB-58-2025,ETEN,13.688
02.09.2025,COMB-58-2025,ILO,14.2426
02.09.2025,COMB-58-2025,IQUITOS,11.56
02.09.2025,COMB-58-2025,JULIACA,14.5494
02.09.2025,COMB-58-2025,LIMA,13.393
02.09.2025,COMB-58-2025,MOLLENDO,14.0656
02.09.2025,COMB-58-2025,PISCO,13.747
02.09.2025,COMB-58-2025,PIURA,12.6968
02.09.2025,COMB-58-2025,PTO. MALDONADO,13.58
02.09.2025,COMB-58-2025,PUCALLPA,11.55
02.09.2025,COMB-58-2025,SALAVERRY,13.7116
02.09.2025,COMB-58-2025,SUPE,13.5464
02.09.2025,COMB-58-2025,TALARA,12.4962
02.09.2025,COMB-58-2025,TARAPOTO,15.3223
02.09.2025,COMB-58-2025,YURIMAGUAS,11.98
02.12.2021,COMB-61-2021,CHIMBOTE,15.5642
02.12.2021,COMB-61-2021,CUSCO,16.2132
02.12.2021,COMB-61-2021,EL MILAGRO,15.7294
02.12.2021,COMB-61-2021,ETEN,15.694
02.12.2021,COMB-61-2021,ILO,16.0008
02.12.2021,COMB-61-2021,JULIACA,16.2722
02.12.2021,COMB-61-2021,LIMA,15.399
02.12.2021,COMB-61-2021,MOLLENDO,15.9536
02.12.2021,COMB-61-2021,PISCO,15.635
02.12.2021,COMB-61-2021,PIURA,15.5996
02.12.2021,COMB-61-2021,PTO. MALDONADO,13.57
02.12.2021,COMB-61-2021,SALAVERRY,15.7176
02.12.2021,COMB-61-2021,SUPE,15.4344
02.12.2021,COMB-61-2021,TALARA,15.399
02.12.2021,COMB-61-2021,TARAPOTO,15.8769
02.12.2023,COMB-62-2023,CHIMBOTE,21.0158
02.12.2023,COMB-62-2023,CUSCO,21.9952
02.12.2023,COMB-62-2023,EL MILAGRO,21.4524
02.12.2023,COMB-62-2023,ETEN,21.0276
02.12.2023,COMB-62-2023,ILO,21.5822
02.12.2023,COMB-62-2023,IQUITOS,15.97
02.12.2023,COMB-62-2023,JULIACA,21.889
02.12.2023,COMB-62-2023,LIMA,20.7326
02.12.2023,COMB-62-2023,MOLLENDO,21.4052
02.12.2023,COMB-62-2023,PISCO,21.0866
02.12.2023,COMB-62-2023,PIURA,20.9332
02.12.2023,COMB-62-2023,PTO. MALDONADO,18.19
02.12.2023,COMB-62-2023,PUCALLPA,15.96
02.12.2023,COMB-62-2023,SALAVERRY,21.0512
02.12.2023,COMB-62-2023,SUPE,20.886
02.12.2023,COMB-62-2023,TALARA,20.7326
02.12.2023,COMB-62-2023,TARAPOTO,21.8005
02.12.2023,COMB-62-2023,YURIMAGUAS,16.39
02.12.2025,COMB-77-2025,CHIMBOTE,14.1128
02.12.2025,COMB-77-2025,CUSCO,16.1778
02.12.2025,COMB-77-2025,EL MILAGRO,15.694
02.12.2025,COMB-77-2025,ETEN,14.7146
02.12.2025,COMB-77-2025,ILO,15.4462
02.12.2025,COMB-77-2025,IQUITOS,12.46
02.12.2025,COMB-77-2025,JULIACA,16.0716
02.12.2025,COMB-77-2025,LIMA,14.4786
02.12.2025,COMB-77-2025,MOLLENDO,15.5996
02.12.2025,COMB-77-2025,PISCO,14.7736
02.12.2025,COMB-77-2025,PIURA,13.6762
02.12.2025,COMB-77-2025,PTO. MALDONADO,13.8183
02.12.2025,COMB-77-2025,PUCALLPA,12.45
02.12.2025,COMB-77-2025,SALAVERRY,14.9742
02.12.2025,COMB-77-2025,SUPE,14.573
02.12.2025,COMB-77-2025,TALARA,13.4756
02.12.2025,COMB-77-2025,TARAPOTO,16.0893
02.12.2025,COMB-77-2025,YURIMAGUAS,12.88
03.02.2026,COMB-05-2026,CHIMBOTE,13.1098
03.02.2026,COMB-05-2026,CUSCO,14.6438
03.02.2026,COMB-05-2026,EL MILAGRO,14.691
03.02.2026,COMB-05-2026,ETEN,13.7116
03.02.2026,COMB-05-2026,ILO,14.2072
03.02.2026,COMB-05-2026,IQUITOS,12.01
03.02.2026,COMB-05-2026,JULIACA,14.5376
03.02.2026,COMB-05-2026,LIMA,13.4756
03.02.2026,COMB-05-2026,MOLLENDO,14.3606
03.02.2026,COMB-05-2026,PISCO,14.1246
03.02.2026,COMB-05-2026,PIURA,12.3782
03.02.2026,COMB-05-2026,PTO. MALDONADO,12.2683
03.02.2026,COMB-05-2026,PUCALLPA,12.0
03.02.2026,COMB-05-2026,SALAVERRY,13.9712
03.02.2026,COMB-05-2026,SUPE,13.924
03.02.2026,COMB-05-2026,TALARA,12.1776
03.02.2026,COMB-05-2026,TARAPOTO,15.0863
03.02.2026,COMB-05-2026,YURIMAGUAS,12.43
03.03.2022,COMB-12-2022,CHIMBOTE,17.8534
03.03.2022,COMB-12-2022,CUSCO,18.5024
03.03.2022,COMB-12-2022,EL MILAGRO,18.0186
03.03.2022,COMB-12-2022,ETEN,17.9832
03.03.2022,COMB-12-2022,ILO,18.29
03.03.2022,COMB-12-2022,IQUITOS,13.6
03.03.2022,COMB-12-2022,JULIACA,18.5614
03.03.2022,COMB-12-2022,LIMA,17.6882
03.03.2022,COMB-12-2022,MOLLENDO,18.2428
03.03.2022,COMB-12-2022,PISCO,17.9242
03.03.2022,COMB-12-2022,PIURA,17.8888
03.03.2022,COMB-12-2022,PTO. MALDONADO,15.51
03.03.2022,COMB-12-2022,PUCALLPA,13.59
03.03.2022,COMB-12-2022,SALAVERRY,18.0068
03.03.2022,COMB-12-2022,SUPE,17.7236
03.03.2022,COMB-12-2022,TALARA,17.6882
03.03.2022,COMB-12-2022,TARAPOTO,18.1661
03.03.2022,COMB-12-2022,YURIMAGUAS,14.02
03.03.2023,COMB-11-2023,CHIMBOTE,21.1456
03.03.2023,COMB-11-2023,CUSCO,21.7946
03.03.2023,COMB-11-2023,EL MILAGRO,21.3108
03.03.2023,COMB-11-2023,ETEN,21.2754
03.03.2023,COMB-11-2023,ILO,21.5822
03.03.2023,COMB-11-2023,IQUITOS,16.08
03.03.2023,COMB-11-2023,JULIACA,21.8536
03.03.2023,COMB-11-2023,LIMA,20.9804
03.03.2023,COMB-11-2023,MOLLENDO,21.535
03.03.2023,COMB-11-2023,PISCO,21.2164
03.03.2023,COMB-11-2023,PIURA,21.181
03.03.2023,COMB-11-2023,PTO. MALDONADO,18.3
03.03.2023,COMB-11-2023,PUCALLPA,16.07
03.03.2023,COMB-11-2023,SALAVERRY,21.299
03.03.2023,COMB-11-2023,SUPE,21.0158
03.03.2023,COMB-11-2023,TALARA,20.9804
03.03.2023,COMB-11-2023,TARAPOTO,21.4583
03.03.2023,COMB-11-2023,YURIMAGUAS,16.5
03.03.2026,COMB-11-2026,CHIMBOTE,13.8768
03.03.2026,COMB-11-2026,CUSCO,15.4108
03.03.2026,COMB-11-2026,EL MILAGRO,15.3282
03.03.2026,COMB-11-2026,ETEN,14.4786
03.03.2026,COMB-11-2026,ILO,14.9742
03.03.2026,COMB-11-2026,IQUITOS,12.66
03.03.2026,COMB-11-2026,JULIACA,15.3046
03.03.2026,COMB-11-2026,LIMA,14.2426
03.03.2026,COMB-11-2026,MOLLENDO,15.1276
03.03.2026,COMB-11-2026,PISCO,14.8916
03.03.2026,COMB-11-2026,PIURA,13.0154
03.03.2026,COMB-11-2026,PTO. MALDONADO,12.9183
03.03.2026,COMB-11-2026,PUCALLPA,12.65
03.03.2026,COMB-11-2026,SALAVERRY,14.7382
03.03.2026,COMB-11-2026,SUPE,14.691
03.03.2026,COMB-11-2026,TALARA,12.8148
03.03.2026,COMB-11-2026,TARAPOTO,15.7235
03.03.2026,COMB-11-2026,YURIMAGUAS,13.08
03.05.2024,COMB-24-2024,CHIMBOTE,17.6174
03.05.2024,COMB-24-2024,CUSCO,18.5968
03.05.2024,COMB-24-2024,EL MILAGRO,18.054
03.05.2024,COMB-24-2024,ETEN,17.6292
03.05.2024,COMB-24-2024,ILO,18.1838
03.05.2024,COMB-24-2024,IQUITOS,13.09
03.05.2024,COMB-24-2024,JULIACA,18.4906
03.05.2024,COMB-24-2024,LIMA,17.3342
03.05.2024,COMB-24-2024,MOLLENDO,18.0068
03.05.2024,COMB-24-2024,PISCO,17.6882
03.05.2024,COMB-24-2024,PIURA,17.5348
03.05.2024,COMB-24-2024,PTO. MALDONADO,15.31
03.05.2024,COMB-24-2024,PUCALLPA,13.08
03.05.2024,COMB-24-2024,SALAVERRY,17.6528
03.05.2024,COMB-24-2024,SUPE,17.4876
03.05.2024,COMB-24-2024,TALARA,17.3342
03.05.2024,COMB-24-2024,TARAPOTO,18.4021
03.05.2024,COMB-24-2024,YURIMAGUAS,13.51
03.06.2021,COMB-25-2021,CHIMBOTE,13.5464
03.06.2021,COMB-25-2021,CUSCO,14.1954
03.06.2021,COMB-25-2021,EL MILAGRO,13.7116
03.06.2021,COMB-25-2021,ETEN,13.6762
03.06.2021,COMB-25-2021,ILO,13.983
03.06.2021,COMB-25-2021,JULIACA,14.2544
03.06.2021,COMB-25-2021,LIMA,13.3812
03.06.2021,COMB-25-2021,MOLLENDO,13.9358
03.06.2021,COMB-25-2021,PISCO,13.6172
03.06.2021,COMB-25-2021,PIURA,13.5818
03.06.2021,COMB-25-2021,PTO. MALDONADO,11.86
03.06.2021,COMB-25-2021,SALAVERRY,13.6998
03.06.2021,COMB-25-2021,SUPE,13.4756
03.06.2021,COMB-25-2021,TALARA,13.3812
03.06.2021,COMB-25-2021,TARAPOTO,13.8591
03.06.2025,COMB-35-2025,CHIMBOTE,15.0568
03.06.2025,COMB-35-2025,CUSCO,16.0362
03.06.2025,COMB-35-2025,EL MILAGRO,16.3076
03.06.2025,COMB-35-2025,ETEN,15.0686
03.06.2025,COMB-35-2025,ILO,15.6232
03.06.2025,COMB-35-2025,IQUITOS,11.36
03.06.2025,COMB-35-2025,JULIACA,15.93
03.06.2025,COMB-35-2025,LIMA,14.7736
03.06.2025,COMB-35-2025,MOLLENDO,15.4462
03.06.2025,COMB-35-2025,PISCO,15.1276
03.06.2025,COMB-35-2025,PIURA,14.9742
03.06.2025,COMB-35-2025,PTO. MALDONADO,13.38
03.06.2025,COMB-35-2025,PUCALLPA,11.35
03.06.2025,COMB-35-2025,SALAVERRY,15.0922
03.06.2025,COMB-35-2025,SUPE,14.927
03.06.2025,COMB-35-2025,TALARA,14.7736
03.06.2025,COMB-35-2025,TARAPOTO,16.7029
03.06.2025,COMB-35-2025,YURIMAGUAS,11.78
03.07.2025,COMB-43-2025,CHIMBOTE,15.3636
03.07.2025,COMB-43-2025,CUSCO,16.343
03.07.2025,COMB-43-2025,EL MILAGRO,16.6144
03.07.2025,COMB-43-2025,ETEN,15.3754
03.07.2025,COMB-43-2025,ILO,15.93
03.07.2025,COMB-43-2025,IQUITOS,11.62
03.07.2025,COMB-43-2025,JULIACA,16.2368
03.07.2025,COMB-43-2025,LIMA,15.0804
03.07.2025,COMB-43-2025,MOLLENDO,15.753
03.07.2025,COMB-43-2025,PISCO,15.4344
03.07.2025,COMB-43-2025,PIURA,12.685
03.07.2025,COMB-43-2025,PTO. MALDONADO,13.64
03.07.2025,COMB-43-2025,PUCALLPA,11.61
03.07.2025,COMB-43-2025,SALAVERRY,15.399
03.07.2025,COMB-43-2025,SUPE,15.2338
03.07.2025,COMB-43-2025,TALARA,12.4844
03.07.2025,COMB-43-2025,TARAPOTO,17.0097
03.07.2025,COMB-43-2025,YURIMAGUAS,12.04
03.07.2026,COMB-46-2026,CHIMBOTE,18.8564
03.07.2026,COMB-46-2026,CUSCO,20.6854
03.07.2026,COMB-46-2026,EL MILAGRO,19.7532
03.07.2026,COMB-46-2026,ETEN,18.8446
03.07.2026,COMB-46-2026,ILO,19.883
03.07.2026,COMB-46-2026,IQUITOS,16.18
03.07.2026,COMB-46-2026,JULIACA,20.5792
03.07.2026,COMB-46-2026,LIMA,18.9154
03.07.2026,COMB-46-2026,MOLLENDO,20.4022
03.07.2026,COMB-46-2026,PISCO,19.1278
03.07.2026,COMB-46-2026,PIURA,17.4404
03.07.2026,COMB-46-2026,PTO. MALDONADO,17.4883
03.07.2026,COMB-46-2026,PUCALLPA,16.24
03.07.2026,COMB-46-2026,SALAVERRY,19.5408
03.07.2026,COMB-46-2026,SUPE,19.3756
03.07.2026,COMB-46-2026,TALARA,17.2398
03.07.2026,COMB-46-2026,TARAPOTO,20.1485
03.07.2026,COMB-46-2026,YURIMAGUAS,14.2
03.10.2025,COMB-64-2025,CHIMBOTE,13.3104
03.10.2025,COMB-64-2025,CUSCO,14.2898
03.10.2025,COMB-64-2025,EL MILAGRO,14.5612
03.10.2025,COMB-64-2025,ETEN,13.3222
03.10.2025,COMB-64-2025,ILO,13.8768
03.10.2025,COMB-64-2025,IQUITOS,11.28
03.10.2025,COMB-64-2025,JULIACA,14.1836
03.10.2025,COMB-64-2025,LIMA,13.0272
03.10.2025,COMB-64-2025,MOLLENDO,13.6998
03.10.2025,COMB-64-2025,PISCO,13.3812
03.10.2025,COMB-64-2025,PIURA,12.5434
03.10.2025,COMB-64-2025,PTO. MALDONADO,13.3
03.10.2025,COMB-64-2025,PUCALLPA,11.27
03.10.2025,COMB-64-2025,SALAVERRY,13.3458
03.10.2025,COMB-64-2025,SUPE,13.1806
03.10.2025,COMB-64-2025,TALARA,12.3428
03.10.2025,COMB-64-2025,TARAPOTO,14.9565
03.10.2025,COMB-64-2025,YURIMAGUAS,11.7
03.11.2022,COMB-51-2022,CHIMBOTE,24.367
03.11.2022,COMB-51-2022,CUSCO,25.016
03.11.2022,COMB-51-2022,EL MILAGRO,24.5322
03.11.2022,COMB-51-2022,ETEN,24.4968
03.11.2022,COMB-51-2022,ILO,24.8036
03.11.2022,COMB-51-2022,JULIACA,25.075
03.11.2022,COMB-51-2022,LIMA,24.2018
03.11.2022,COMB-51-2022,MOLLENDO,24.7564
03.11.2022,COMB-51-2022,PISCO,24.4378
03.11.2022,COMB-51-2022,PIURA,24.4024
03.11.2022,COMB-51-2022,PTO. MALDONADO,21.03
03.11.2022,COMB-51-2022,SALAVERRY,24.5204
03.11.2022,COMB-51-2022,SUPE,24.2372
03.11.2022,COMB-51-2022,TALARA,24.2018
03.11.2022,COMB-51-2022,TARAPOTO,24.6797
03.11.2023,COMB-56-2023,CHIMBOTE,22.4672
03.11.2023,COMB-56-2023,CUSCO,23.4466
03.11.2023,COMB-56-2023,EL MILAGRO,22.9038
03.11.2023,COMB-56-2023,ETEN,22.479
03.11.2023,COMB-56-2023,ILO,23.0336
03.11.2023,COMB-56-2023,IQUITOS,17.2
03.11.2023,COMB-56-2023,JULIACA,23.3404
03.11.2023,COMB-56-2023,LIMA,22.184
03.11.2023,COMB-56-2023,MOLLENDO,22.8566
03.11.2023,COMB-56-2023,PISCO,22.538
03.11.2023,COMB-56-2023,PIURA,22.3846
03.11.2023,COMB-56-2023,PTO. MALDONADO,19.42
03.11.2023,COMB-56-2023,PUCALLPA,17.19
03.11.2023,COMB-56-2023,SALAVERRY,22.5026
03.11.2023,COMB-56-2023,SUPE,22.3374
03.11.2023,COMB-56-2023,TALARA,22.184
03.11.2023,COMB-56-2023,TARAPOTO,23.2519
03.11.2023,COMB-56-2023,YURIMAGUAS,17.62
03.12.2024,COMB-63-2024,CHIMBOTE,15.871
03.12.2024,COMB-63-2024,CUSCO,16.8504
03.12.2024,COMB-63-2024,EL MILAGRO,17.1218
03.12.2024,COMB-63-2024,ETEN,15.8828
03.12.2024,COMB-63-2024,ILO,16.4374
03.12.2024,COMB-63-2024,IQUITOS,12.3
03.12.2024,COMB-63-2024,JULIACA,16.7442
03.12.2024,COMB-63-2024,LIMA,15.5878
03.12.2024,COMB-63-2024,MOLLENDO,16.2604
03.12.2024,COMB-63-2024,PISCO,15.9418
03.12.2024,COMB-63-2024,PIURA,15.7884
03.12.2024,COMB-63-2024,PTO. MALDONADO,14.52
03.12.2024,COMB-63-2024,PUCALLPA,12.29
03.12.2024,COMB-63-2024,SALAVERRY,15.9064
03.12.2024,COMB-63-2024,SUPE,15.7412
03.12.2024,COMB-63-2024,TALARA,15.5878
03.12.2024,COMB-63-2024,TARAPOTO,17.5171
03.12.2024,COMB-63-2024,YURIMAGUAS,12.72
04.01.2025,COMB-01-2025,CHIMBOTE,15.6822
04.01.2025,COMB-01-2025,CUSCO,16.6616
04.01.2025,COMB-01-2025,EL MILAGRO,16.933
04.01.2025,COMB-01-2025,ETEN,15.694
04.01.2025,COMB-01-2025,ILO,16.2486
04.01.2025,COMB-01-2025,IQUITOS,12.14
04.01.2025,COMB-01-2025,JULIACA,16.5554
04.01.2025,COMB-01-2025,LIMA,15.399
04.01.2025,COMB-01-2025,MOLLENDO,16.0716
04.01.2025,COMB-01-2025,PISCO,15.753
04.01.2025,COMB-01-2025,PIURA,15.5996
04.01.2025,COMB-01-2025,PTO. MALDONADO,14.16
04.01.2025,COMB-01-2025,PUCALLPA,12.13
04.01.2025,COMB-01-2025,SALAVERRY,15.7176
04.01.2025,COMB-01-2025,SUPE,15.5524
04.01.2025,COMB-01-2025,TALARA,15.399
04.01.2025,COMB-01-2025,TARAPOTO,17.3283
04.01.2025,COMB-01-2025,YURIMAGUAS,12.56
04.02.2021,COMB-05-2021,CHIMBOTE,11.446
04.02.2021,COMB-05-2021,CUSCO,12.095
04.02.2021,COMB-05-2021,EL MILAGRO,11.6112
04.02.2021,COMB-05-2021,ETEN,11.5758
04.02.2021,COMB-05-2021,ILO,11.8826
04.02.2021,COMB-05-2021,IQUITOS,8.44
04.02.2021,COMB-05-2021,JULIACA,12.154
04.02.2021,COMB-05-2021,LIMA,11.2808
04.02.2021,COMB-05-2021,MOLLENDO,11.8354
04.02.2021,COMB-05-2021,PISCO,11.5168
04.02.2021,COMB-05-2021,PIURA,11.4814
04.02.2021,COMB-05-2021,PTO. MALDONADO,10.08
04.02.2021,COMB-05-2021,PUCALLPA,8.43
04.02.2021,COMB-05-2021,SALAVERRY,11.5994
04.02.2021,COMB-05-2021,SUPE,11.3752
04.02.2021,COMB-05-2021,TALARA,11.2808
04.02.2021,COMB-05-2021,TARAPOTO,11.7587
04.02.2021,COMB-05-2021,YURIMAGUAS,8.86
04.02.2025,COMB-11-2025,CHIMBOTE,16.461
04.02.2025,COMB-11-2025,CUSCO,17.4404
04.02.2025,COMB-11-2025,EL MILAGRO,17.7118
04.02.2025,COMB-11-2025,ETEN,16.4728
04.02.2025,COMB-11-2025,ILO,17.0274
04.02.2025,COMB-11-2025,IQUITOS,12.8
04.02.2025,COMB-11-2025,JULIACA,17.3342
04.02.2025,COMB-11-2025,LIMA,16.1778
04.02.2025,COMB-11-2025,MOLLENDO,16.8504
04.02.2025,COMB-11-2025,PISCO,16.5318
04.02.2025,COMB-11-2025,PIURA,16.3784
04.02.2025,COMB-11-2025,PTO. MALDONADO,14.82
04.02.2025,COMB-11-2025,PUCALLPA,12.79
04.02.2025,COMB-11-2025,SALAVERRY,16.4964
04.02.2025,COMB-11-2025,SUPE,16.3312
04.02.2025,COMB-11-2025,TALARA,16.1778
04.02.2025,COMB-11-2025,TARAPOTO,18.1071
04.02.2025,COMB-11-2025,YURIMAGUAS,13.22
04.03.2021,COMB-09-2021,CHIMBOTE,12.6614
04.03.2021,COMB-09-2021,CUSCO,13.3104
04.03.2021,COMB-09-2021,EL MILAGRO,12.8266
04.03.2021,COMB-09-2021,ETEN,12.7912
04.03.2021,COMB-09-2021,ILO,13.098
04.03.2021,COMB-09-2021,IQUITOS,9.29
04.03.2021,COMB-09-2021,JULIACA,13.3694
04.03.2021,COMB-09-2021,LIMA,12.4962
04.03.2021,COMB-09-2021,MOLLENDO,13.0508
04.03.2021,COMB-09-2021,PISCO,12.7322
04.03.2021,COMB-09-2021,PIURA,12.6968
04.03.2021,COMB-09-2021,PTO. MALDONADO,11.11
04.03.2021,COMB-09-2021,PUCALLPA,9.28
04.03.2021,COMB-09-2021,SALAVERRY,12.8148
04.03.2021,COMB-09-2021,SUPE,12.5906
04.03.2021,COMB-09-2021,TALARA,12.4962
04.03.2021,COMB-09-2021,TARAPOTO,12.9741
04.03.2021,COMB-09-2021,YURIMAGUAS,9.71
04.03.2025,COMB-19-2025,CHIMBOTE,15.871
04.03.2025,COMB-19-2025,CUSCO,16.8504
04.03.2025,COMB-19-2025,EL MILAGRO,17.1218
04.03.2025,COMB-19-2025,ETEN,15.8828
04.03.2025,COMB-19-2025,ILO,16.4374
04.03.2025,COMB-19-2025,IQUITOS,12.3
04.03.2025,COMB-19-2025,JULIACA,16.7442
04.03.2025,COMB-19-2025,LIMA,15.5878
04.03.2025,COMB-19-2025,MOLLENDO,16.2604
04.03.2025,COMB-19-2025,PISCO,15.9418
04.03.2025,COMB-19-2025,PIURA,15.7884
04.03.2025,COMB-19-2025,PTO. MALDONADO,14.32
04.03.2025,COMB-19-2025,PUCALLPA,12.29
04.03.2025,COMB-19-2025,SALAVERRY,15.9064
04.03.2025,COMB-19-2025,SUPE,15.7412
04.03.2025,COMB-19-2025,TALARA,15.5878
04.03.2025,COMB-19-2025,TARAPOTO,17.5171
04.03.2025,COMB-19-2025,YURIMAGUAS,12.72
04.04.2022,COMB-18-2022,CHIMBOTE,18.7502
04.04.2022,COMB-18-2022,CUSCO,19.3992
04.04.2022,COMB-18-2022,EL MILAGRO,18.9154
04.04.2022,COMB-18-2022,ETEN,18.88
04.04.2022,COMB-18-2022,ILO,19.1868
04.04.2022,COMB-18-2022,JULIACA,19.4582
04.04.2022,COMB-18-2022,LIMA,18.585
04.04.2022,COMB-18-2022,MOLLENDO,19.1396
04.04.2022,COMB-18-2022,PISCO,18.821
04.04.2022,COMB-18-2022,PIURA,18.7856
04.04.2022,COMB-18-2022,PTO. MALDONADO,13.55
04.04.2022,COMB-18-2022,SALAVERRY,18.9036
04.04.2022,COMB-18-2022,SUPE,18.6204
04.04.2022,COMB-18-2022,TALARA,18.585
04.04.2022,COMB-18-2022,TARAPOTO,19.0629
04.04.2023,COMB-16-2023,CHIMBOTE,20.5792
04.04.2023,COMB-16-2023,CUSCO,21.2282
04.04.2023,COMB-16-2023,EL MILAGRO,20.7444
04.04.2023,COMB-16-2023,ETEN,20.709
04.04.2023,COMB-16-2023,ILO,21.0158
04.04.2023,COMB-16-2023,IQUITOS,15.6
04.04.2023,COMB-16-2023,JULIACA,21.2872
04.04.2023,COMB-16-2023,LIMA,20.414
04.04.2023,COMB-16-2023,MOLLENDO,20.9686
04.04.2023,COMB-16-2023,PISCO,20.65
04.04.2023,COMB-16-2023,PIURA,20.6146
04.04.2023,COMB-16-2023,PTO. MALDONADO,17.82
04.04.2023,COMB-16-2023,PUCALLPA,15.59
04.04.2023,COMB-16-2023,SALAVERRY,20.7326
04.04.2023,COMB-16-2023,SUPE,20.4494
04.04.2023,COMB-16-2023,TALARA,20.414
04.04.2023,COMB-16-2023,TARAPOTO,20.8919
04.04.2023,COMB-16-2023,YURIMAGUAS,16.02
04.08.2023,COMB-38-2023,CHIMBOTE,19.706
04.08.2023,COMB-38-2023,CUSCO,20.6854
04.08.2023,COMB-38-2023,EL MILAGRO,20.1426
04.08.2023,COMB-38-2023,ETEN,19.7178
04.08.2023,COMB-38-2023,ILO,20.2724
04.08.2023,COMB-38-2023,IQUITOS,14.86
04.08.2023,COMB-38-2023,JULIACA,20.5792
04.08.2023,COMB-38-2023,LIMA,19.4228
04.08.2023,COMB-38-2023,MOLLENDO,20.0954
04.08.2023,COMB-38-2023,PISCO,19.7768
04.08.2023,COMB-38-2023,PIURA,19.6234
04.08.2023,COMB-38-2023,PTO. MALDONADO,17.08
04.08.2023,COMB-38-2023,PUCALLPA,14.85
04.08.2023,COMB-38-2023,SALAVERRY,19.7414
04.08.2023,COMB-38-2023,SUPE,19.5762
04.08.2023,COMB-38-2023,TALARA,19.4228
04.08.2023,COMB-38-2023,TARAPOTO,20.4907
04.08.2023,COMB-38-2023,YURIMAGUAS,15.28
04.08.2026,COMB-56-2026,CHIMBOTE,25.0986
04.08.2026,COMB-56-2026,CUSCO,26.432
04.08.2026,COMB-56-2026,EL MILAGRO,26.2432
04.08.2026,COMB-56-2026,ETEN,25.2638
04.08.2026,COMB-56-2026,ILO,26.1176
04.08.2026,COMB-56-2026,IQUITOS,22.47
04.08.2026,COMB-56-2026,JULIACA,26.491
04.08.2026,COMB-56-2026,LIMA,25.2048
04.08.2026,COMB-56-2026,MOLLENDO,25.8656
04.08.2026,COMB-56-2026,PISCO,25.075
04.08.2026,COMB-56-2026,PIURA,25.429
04.08.2026,COMB-56-2026,PTO. MALDONADO,22.2383
04.08.2026,COMB-56-2026,PUCALLPA,21.58
04.08.2026,COMB-56-2026,SALAVERRY,26.0898
04.08.2026,COMB-56-2026,SUPE,25.429
04.08.2026,COMB-56-2026,TALARA,25.2284
04.08.2026,COMB-56-2026,TARAPOTO,26.5559
04.08.2026,COMB-56-2026,YURIMAGUAS,21.33
04.10.2024,COMB-49-2024,CHIMBOTE,15.3518
04.10.2024,COMB-49-2024,CUSCO,16.3312
04.10.2024,COMB-49-2024,EL MILAGRO,16.6026
04.10.2024,COMB-49-2024,ETEN,15.3636
04.10.2024,COMB-49-2024,ILO,15.9182
04.10.2024,COMB-49-2024,IQUITOS,11.86
04.10.2024,COMB-49-2024,JULIACA,16.225
04.10.2024,COMB-49-2024,LIMA,15.0686
04.10.2024,COMB-49-2024,MOLLENDO,15.7412
04.10.2024,COMB-49-2024,PISCO,15.4226
04.10.2024,COMB-49-2024,PIURA,15.2692
04.10.2024,COMB-49-2024,PTO. MALDONADO,14.08
04.10.2024,COMB-49-2024,PUCALLPA,11.85
04.10.2024,COMB-49-2024,SALAVERRY,15.3872
04.10.2024,COMB-49-2024,SUPE,15.222
04.10.2024,COMB-49-2024,TALARA,15.0686
04.10.2024,COMB-49-2024,TARAPOTO,16.9979
04.10.2024,COMB-49-2024,YURIMAGUAS,12.28
04.11.2021,COMB-56-2021,CHIMBOTE,16.0244
04.11.2021,COMB-56-2021,CUSCO,16.6734
04.11.2021,COMB-56-2021,EL MILAGRO,16.1896
04.11.2021,COMB-56-2021,ETEN,16.1542
04.11.2021,COMB-56-2021,ILO,16.461
04.11.2021,COMB-56-2021,JULIACA,16.7324
04.11.2021,COMB-56-2021,LIMA,15.8592
04.11.2021,COMB-56-2021,MOLLENDO,16.4138
04.11.2021,COMB-56-2021,PISCO,16.0952
04.11.2021,COMB-56-2021,PIURA,16.0598
04.11.2021,COMB-56-2021,PTO. MALDONADO,13.96
04.11.2021,COMB-56-2021,SALAVERRY,16.1778
04.11.2021,COMB-56-2021,SUPE,15.8946
04.11.2021,COMB-56-2021,TALARA,15.8592
04.11.2021,COMB-56-2021,TARAPOTO,16.3371
04.11.2023,COMB-57-2023,CHIMBOTE,22.4672
04.11.2023,COMB-57-2023,CUSCO,23.4466
04.11.2023,COMB-57-2023,EL MILAGRO,22.9038
04.11.2023,COMB-57-2023,ETEN,22.479
04.11.2023,COMB-57-2023,ILO,23.0336
04.11.2023,COMB-57-2023,IQUITOS,17.2
04.11.2023,COMB-57-2023,JULIACA,23.3404
04.11.2023,COMB-57-2023,LIMA,22.184
04.11.2023,COMB-57-2023,MOLLENDO,22.8566
04.11.2023,COMB-57-2023,PISCO,22.538
04.11.2023,COMB-57-2023,PIURA,22.3846
04.11.2023,COMB-57-2023,PTO. MALDONADO,19.42
04.11.2023,COMB-57-2023,PUCALLPA,17.19
04.11.2023,COMB-57-2023,SALAVERRY,22.5026
04.11.2023,COMB-57-2023,SUPE,22.3374
04.11.2023,COMB-57-2023,TALARA,22.184
04.11.2023,COMB-57-2023,TARAPOTO,23.2519
04.11.2023,COMB-57-2023,YURIMAGUAS,17.62
04.11.2025,COMB-69-2025,CHIMBOTE,13.7942
04.11.2025,COMB-69-2025,CUSCO,15.0804
04.11.2025,COMB-69-2025,EL MILAGRO,15.045
04.11.2025,COMB-69-2025,ETEN,13.806
04.11.2025,COMB-69-2025,ILO,14.6674
04.11.2025,COMB-69-2025,IQUITOS,11.69
04.11.2025,COMB-69-2025,JULIACA,14.9742
04.11.2025,COMB-69-2025,LIMA,13.511
04.11.2025,COMB-69-2025,MOLLENDO,14.4904
04.11.2025,COMB-69-2025,PISCO,13.865
04.11.2025,COMB-69-2025,PIURA,13.0272
04.11.2025,COMB-69-2025,PTO. MALDONADO,13.97
04.11.2025,COMB-69-2025,PUCALLPA,11.68
04.11.2025,COMB-69-2025,SALAVERRY,13.8296
04.11.2025,COMB-69-2025,SUPE,13.6644
04.11.2025,COMB-69-2025,TALARA,12.8266
04.11.2025,COMB-69-2025,TARAPOTO,15.4403
04.11.2025,COMB-69-2025,YURIMAGUAS,12.11
05.01.2023,COMB-01-2023,CHIMBOTE,21.3816
05.01.2023,COMB-01-2023,CUSCO,22.0306
05.01.2023,COMB-01-2023,EL MILAGRO,21.5468
05.01.2023,COMB-01-2023,ETEN,21.5114
05.01.2023,COMB-01-2023,ILO,21.8182
05.01.2023,COMB-01-2023,IQUITOS,16.28
05.01.2023,COMB-01-2023,JULIACA,22.0896
05.01.2023,COMB-01-2023,LIMA,21.2164
05.01.2023,COMB-01-2023,MOLLENDO,21.771
05.01.2023,COMB-01-2023,PISCO,21.4524
05.01.2023,COMB-01-2023,PIURA,21.417
05.01.2023,COMB-01-2023,PTO. MALDONADO,18.5
05.01.2023,COMB-01-2023,PUCALLPA,16.27
05.01.2023,COMB-01-2023,SALAVERRY,21.535
05.01.2023,COMB-01-2023,SUPE,21.2518
05.01.2023,COMB-01-2023,TALARA,21.2164
05.01.2023,COMB-01-2023,TARAPOTO,21.6943
05.01.2023,COMB-01-2023,YURIMAGUAS,16.7
05.01.2024,COMB-03-2024,CHIMBOTE,19.6352
05.01.2024,COMB-03-2024,CUSCO,20.6146
05.01.2024,COMB-03-2024,EL MILAGRO,20.0718
05.01.2024,COMB-03-2024,ETEN,19.647
05.01.2024,COMB-03-2024,ILO,20.2016
05.01.2024,COMB-03-2024,IQUITOS,14.8
05.01.2024,COMB-03-2024,JULIACA,20.5084
05.01.2024,COMB-03-2024,LIMA,19.352
05.01.2024,COMB-03-2024,MOLLENDO,20.0246
05.01.2024,COMB-03-2024,PISCO,19.706
05.01.2024,COMB-03-2024,PIURA,19.5526
05.01.2024,COMB-03-2024,PTO. MALDONADO,17.02
05.01.2024,COMB-03-2024,PUCALLPA,14.79
05.01.2024,COMB-03-2024,SALAVERRY,19.6706
05.01.2024,COMB-03-2024,SUPE,19.5054
05.01.2024,COMB-03-2024,TALARA,19.352
05.01.2024,COMB-03-2024,TARAPOTO,20.4199
05.01.2024,COMB-03-2024,YURIMAGUAS,15.22
05.02.2026,COMB-06-2026,CHIMBOTE,13.1098
05.02.2026,COMB-06-2026,CUSCO,14.6438
05.02.2026,COMB-06-2026,EL MILAGRO,14.691
05.02.2026,COMB-06-2026,ETEN,13.7116
05.02.2026,COMB-06-2026,ILO,14.2072
05.02.2026,COMB-06-2026,IQUITOS,12.01
05.02.2026,COMB-06-2026,JULIACA,14.5376
05.02.2026,COMB-06-2026,LIMA,13.4756
05.02.2026,COMB-06-2026,MOLLENDO,14.3606
05.02.2026,COMB-06-2026,PISCO,14.1246
05.02.2026,COMB-06-2026,PIURA,12.3782
05.02.2026,COMB-06-2026,PTO. MALDONADO,12.2683
05.02.2026,COMB-06-2026,PUCALLPA,12.0
05.02.2026,COMB-06-2026,SALAVERRY,13.9712
05.02.2026,COMB-06-2026,SUPE,13.924
05.02.2026,COMB-06-2026,TALARA,12.1776
05.02.2026,COMB-06-2026,TARAPOTO,15.0863
05.02.2026,COMB-06-2026,YURIMAGUAS,12.43
05.03.2026,COMB-12-2026,CHIMBOTE,15.6704
05.03.2026,COMB-12-2026,CUSCO,17.2044
05.03.2026,COMB-12-2026,EL MILAGRO,17.1218
05.03.2026,COMB-12-2026,ETEN,16.2722
05.03.2026,COMB-12-2026,ILO,16.7678
05.03.2026,COMB-12-2026,IQUITOS,14.18
05.03.2026,COMB-12-2026,JULIACA,17.0982
05.03.2026,COMB-12-2026,LIMA,16.0362
05.03.2026,COMB-12-2026,MOLLENDO,16.9212
05.03.2026,COMB-12-2026,PISCO,16.6852
05.03.2026,COMB-12-2026,PIURA,14.809
05.03.2026,COMB-12-2026,PTO. MALDONADO,14.4383
05.03.2026,COMB-12-2026,PUCALLPA,14.17
05.03.2026,COMB-12-2026,SALAVERRY,16.5318
05.03.2026,COMB-12-2026,SUPE,16.4846
05.03.2026,COMB-12-2026,TALARA,14.6084
05.03.2026,COMB-12-2026,TARAPOTO,17.5171
05.03.2026,COMB-12-2026,YURIMAGUAS,14.6
05.04.2024,COMB-19-2024,CHIMBOTE,18.0776
05.04.2024,COMB-19-2024,CUSCO,19.057
05.04.2024,COMB-19-2024,EL MILAGRO,18.5142
05.04.2024,COMB-19-2024,ETEN,18.0894
05.04.2024,COMB-19-2024,ILO,18.644
05.04.2024,COMB-19-2024,IQUITOS,13.48
05.04.2024,COMB-19-2024,JULIACA,18.9508
05.04.2024,COMB-19-2024,LIMA,17.7944
05.04.2024,COMB-19-2024,MOLLENDO,18.467
05.04.2024,COMB-19-2024,PISCO,18.1484
05.04.2024,COMB-19-2024,PIURA,17.995
05.04.2024,COMB-19-2024,PTO. MALDONADO,15.7
05.04.2024,COMB-19-2024,PUCALLPA,13.47
05.04.2024,COMB-19-2024,SALAVERRY,18.113
05.04.2024,COMB-19-2024,SUPE,17.9478
05.04.2024,COMB-19-2024,TALARA,17.7944
05.04.2024,COMB-19-2024,TARAPOTO,18.8623
05.04.2024,COMB-19-2024,YURIMAGUAS,13.9
05.05.2022,COMB-22-2022,CHIMBOTE,22.066
05.05.2022,COMB-22-2022,CUSCO,22.715
05.05.2022,COMB-22-2022,EL MILAGRO,22.2312
05.05.2022,COMB-22-2022,ETEN,22.1958
05.05.2022,COMB-22-2022,ILO,22.5026
05.05.2022,COMB-22-2022,JULIACA,22.774
05.05.2022,COMB-22-2022,LIMA,21.9008
05.05.2022,COMB-22-2022,MOLLENDO,22.4554
05.05.2022,COMB-22-2022,PISCO,22.1368
05.05.2022,COMB-22-2022,PIURA,22.1014
05.05.2022,COMB-22-2022,PTO. MALDONADO,14.57
05.05.2022,COMB-22-2022,SALAVERRY,22.2194
05.05.2022,COMB-22-2022,SUPE,21.9362
05.05.2022,COMB-22-2022,TALARA,21.9008
05.05.2022,COMB-22-2022,TARAPOTO,22.3787
05.05.2023,COMB-20-2023,CHIMBOTE,19.9066
05.05.2023,COMB-20-2023,CUSCO,20.5556
05.05.2023,COMB-20-2023,EL MILAGRO,20.0718
05.05.2023,COMB-20-2023,ETEN,20.0364
05.05.2023,COMB-20-2023,ILO,20.3432
05.05.2023,COMB-20-2023,IQUITOS,15.03
05.05.2023,COMB-20-2023,JULIACA,20.6146
05.05.2023,COMB-20-2023,LIMA,19.7414
05.05.2023,COMB-20-2023,MOLLENDO,20.296
05.05.2023,COMB-20-2023,PISCO,19.9774
05.05.2023,COMB-20-2023,PIURA,19.942
05.05.2023,COMB-20-2023,PTO. MALDONADO,17.25
05.05.2023,COMB-20-2023,PUCALLPA,15.02
05.05.2023,COMB-20-2023,SALAVERRY,20.06
05.05.2023,COMB-20-2023,SUPE,19.7768
05.05.2023,COMB-20-2023,TALARA,19.7414
05.05.2023,COMB-20-2023,TARAPOTO,20.2193
05.05.2023,COMB-20-2023,YURIMAGUAS,15.45
05.05.2026,COMB-26-2026,CHIMBOTE,20.3078
05.05.2026,COMB-26-2026,CUSCO,23.836
05.05.2026,COMB-26-2026,EL MILAGRO,23.7534
05.05.2026,COMB-26-2026,ETEN,23.2578
05.05.2026,COMB-26-2026,ILO,23.3994
05.05.2026,COMB-26-2026,IQUITOS,18.1
05.05.2026,COMB-26-2026,JULIACA,23.7298
05.05.2026,COMB-26-2026,LIMA,21.6058
05.05.2026,COMB-26-2026,MOLLENDO,23.5528
05.05.2026,COMB-26-2026,PISCO,23.4348
05.05.2026,COMB-26-2026,PIURA,21.4406
05.05.2026,COMB-26-2026,PTO. MALDONADO,20.0583
05.05.2026,COMB-26-2026,PUCALLPA,18.39
05.05.2026,COMB-26-2026,SALAVERRY,23.5174
05.05.2026,COMB-26-2026,SUPE,22.0542
05.05.2026,COMB-26-2026,TALARA,21.24
05.05.2026,COMB-26-2026,TARAPOTO,24.1487
05.05.2026,COMB-26-2026,YURIMAGUAS,17.69
05.06.2026,COMB-35-2026,CHIMBOTE,20.1898
05.06.2026,COMB-35-2026,CUSCO,23.0808
05.06.2026,COMB-35-2026,EL MILAGRO,21.7592
05.06.2026,COMB-35-2026,ETEN,20.178
05.06.2026,COMB-35-2026,ILO,23.2342
05.06.2026,COMB-35-2026,IQUITOS,16.81
05.06.2026,COMB-35-2026,JULIACA,22.9746
05.06.2026,COMB-35-2026,LIMA,19.6588
05.06.2026,COMB-35-2026,MOLLENDO,22.7976
05.06.2026,COMB-35-2026,PISCO,20.1072
05.06.2026,COMB-35-2026,PIURA,19.4464
05.06.2026,COMB-35-2026,PTO. MALDONADO,19.5183
05.06.2026,COMB-35-2026,PUCALLPA,16.87
05.06.2026,COMB-35-2026,SALAVERRY,20.8742
05.06.2026,COMB-35-2026,SUPE,20.119
05.06.2026,COMB-35-2026,TALARA,19.2458
05.06.2026,COMB-35-2026,TARAPOTO,22.1545
05.06.2026,COMB-35-2026,YURIMAGUAS,15.6
05.07.2024,COMB-35-2024,CHIMBOTE,17.9242
05.07.2024,COMB-35-2024,CUSCO,18.9036
05.07.2024,COMB-35-2024,EL MILAGRO,18.3608
05.07.2024,COMB-35-2024,ETEN,17.936
05.07.2024,COMB-35-2024,ILO,18.4906
05.07.2024,COMB-35-2024,IQUITOS,13.35
05.07.2024,COMB-35-2024,JULIACA,18.7974
05.07.2024,COMB-35-2024,LIMA,17.641
05.07.2024,COMB-35-2024,MOLLENDO,18.3136
05.07.2024,COMB-35-2024,PISCO,17.995
05.07.2024,COMB-35-2024,PIURA,17.8416
05.07.2024,COMB-35-2024,PTO. MALDONADO,15.57
05.07.2024,COMB-35-2024,PUCALLPA,13.34
05.07.2024,COMB-35-2024,SALAVERRY,17.9596
05.07.2024,COMB-35-2024,SUPE,17.7944
05.07.2024,COMB-35-2024,TALARA,17.641
05.07.2024,COMB-35-2024,TARAPOTO,18.7561
05.07.2024,COMB-35-2024,YURIMAGUAS,13.77
05.08.2021,COMB-36-2021,CHIMBOTE,14.5022
05.08.2021,COMB-36-2021,CUSCO,15.1512
05.08.2021,COMB-36-2021,EL MILAGRO,14.6674
05.08.2021,COMB-36-2021,ETEN,14.632
05.08.2021,COMB-36-2021,ILO,14.9388
05.08.2021,COMB-36-2021,JULIACA,15.2102
05.08.2021,COMB-36-2021,LIMA,14.337
05.08.2021,COMB-36-2021,MOLLENDO,14.8916
05.08.2021,COMB-36-2021,PISCO,14.573
05.08.2021,COMB-36-2021,PIURA,14.5376
05.08.2021,COMB-36-2021,PTO. MALDONADO,12.67
05.08.2021,COMB-36-2021,SALAVERRY,14.6556
05.08.2021,COMB-36-2021,SUPE,14.3724
05.08.2021,COMB-36-2021,TALARA,14.337
05.08.2021,COMB-36-2021,TARAPOTO,14.8149
05.08.2022,COMB-36-2022,CHIMBOTE,23.246
05.08.2022,COMB-36-2022,CUSCO,23.895
05.08.2022,COMB-36-2022,EL MILAGRO,23.4112
05.08.2022,COMB-36-2022,ETEN,23.3758
05.08.2022,COMB-36-2022,ILO,23.6826
05.08.2022,COMB-36-2022,JULIACA,23.954
05.08.2022,COMB-36-2022,LIMA,23.0808
05.08.2022,COMB-36-2022,MOLLENDO,23.6354
05.08.2022,COMB-36-2022,PISCO,23.3168
05.08.2022,COMB-36-2022,PIURA,23.2814
05.08.2022,COMB-36-2022,PTO. MALDONADO,20.08
05.08.2022,COMB-36-2022,SALAVERRY,23.3994
05.08.2022,COMB-36-2022,SUPE,23.1162
05.08.2022,COMB-36-2022,TALARA,23.0808
05.08.2022,COMB-36-2022,TARAPOTO,23.5587
05.08.2025,COMB-52-2025,CHIMBOTE,14.1246
05.08.2025,COMB-52-2025,CUSCO,15.104
05.08.2025,COMB-52-2025,EL MILAGRO,15.3754
05.08.2025,COMB-52-2025,ETEN,14.1364
05.08.2025,COMB-52-2025,ILO,14.691
05.08.2025,COMB-52-2025,IQUITOS,11.37
05.08.2025,COMB-52-2025,JULIACA,14.9978
05.08.2025,COMB-52-2025,LIMA,13.8414
05.08.2025,COMB-52-2025,MOLLENDO,14.514
05.08.2025,COMB-52-2025,PISCO,14.1954
05.08.2025,COMB-52-2025,PIURA,12.803
05.08.2025,COMB-52-2025,PTO. MALDONADO,13.39
05.08.2025,COMB-52-2025,PUCALLPA,11.36
05.08.2025,COMB-52-2025,SALAVERRY,14.16
05.08.2025,COMB-52-2025,SUPE,13.9948
05.08.2025,COMB-52-2025,TALARA,12.6024
05.08.2025,COMB-52-2025,TARAPOTO,15.7707
05.08.2025,COMB-52-2025,YURIMAGUAS,11.79
05.09.2023,COMB-44-2023,CHIMBOTE,21.9244
05.09.2023,COMB-44-2023,CUSCO,22.9038
05.09.2023,COMB-44-2023,EL MILAGRO,22.361
05.09.2023,COMB-44-2023,ETEN,21.9362
05.09.2023,COMB-44-2023,ILO,22.4908
05.09.2023,COMB-44-2023,IQUITOS,16.74
05.09.2023,COMB-44-2023,JULIACA,22.7976
05.09.2023,COMB-44-2023,LIMA,21.6412
05.09.2023,COMB-44-2023,MOLLENDO,22.3138
05.09.2023,COMB-44-2023,PISCO,21.9952
05.09.2023,COMB-44-2023,PIURA,21.8418
05.09.2023,COMB-44-2023,PTO. MALDONADO,18.96
05.09.2023,COMB-44-2023,PUCALLPA,16.73
05.09.2023,COMB-44-2023,SALAVERRY,21.9598
05.09.2023,COMB-44-2023,SUPE,21.7946
05.09.2023,COMB-44-2023,TALARA,21.6412
05.09.2023,COMB-44-2023,TARAPOTO,22.7091
05.09.2023,COMB-44-2023,YURIMAGUAS,17.16
05.11.2024,COMB-55-2024,CHIMBOTE,15.7884
05.11.2024,COMB-55-2024,CUSCO,16.7678
05.11.2024,COMB-55-2024,EL MILAGRO,17.0392
05.11.2024,COMB-55-2024,ETEN,15.8002
05.11.2024,COMB-55-2024,ILO,16.3548
05.11.2024,COMB-55-2024,IQUITOS,12.23
05.11.2024,COMB-55-2024,JULIACA,16.6616
05.11.2024,COMB-55-2024,LIMA,15.5052
05.11.2024,COMB-55-2024,MOLLENDO,16.1778
05.11.2024,COMB-55-2024,PISCO,15.8592
05.11.2024,COMB-55-2024,PIURA,15.7058
05.11.2024,COMB-55-2024,PTO. MALDONADO,14.45
05.11.2024,COMB-55-2024,PUCALLPA,12.22
05.11.2024,COMB-55-2024,SALAVERRY,15.8238
05.11.2024,COMB-55-2024,SUPE,15.6586
05.11.2024,COMB-55-2024,TALARA,15.5052
05.11.2024,COMB-55-2024,TARAPOTO,17.4345
05.11.2024,COMB-55-2024,YURIMAGUAS,12.65
06.01.2022,COMB-01-2022,CHIMBOTE,14.573
06.01.2022,COMB-01-2022,CUSCO,15.222
06.01.2022,COMB-01-2022,EL MILAGRO,14.7382
06.01.2022,COMB-01-2022,ETEN,14.7028
06.01.2022,COMB-01-2022,ILO,15.0096
06.01.2022,COMB-01-2022,JULIACA,15.281
06.01.2022,COMB-01-2022,LIMA,14.4078
06.01.2022,COMB-01-2022,MOLLENDO,14.9624
06.01.2022,COMB-01-2022,PISCO,14.6438
06.01.2022,COMB-01-2022,PIURA,14.6084
06.01.2022,COMB-01-2022,PTO. MALDONADO,12.73
06.01.2022,COMB-01-2022,SALAVERRY,14.7264
06.01.2022,COMB-01-2022,SUPE,14.4432
06.01.2022,COMB-01-2022,TALARA,14.4078
06.01.2022,COMB-01-2022,TARAPOTO,14.8857
06.01.2026,COMB-01-2026,CHIMBOTE,12.685
06.01.2026,COMB-01-2026,CUSCO,15.104
06.01.2026,COMB-01-2026,EL MILAGRO,14.2662
06.01.2026,COMB-01-2026,ETEN,13.2868
06.01.2026,COMB-01-2026,ILO,14.3724
06.01.2026,COMB-01-2026,IQUITOS,11.65
06.01.2026,COMB-01-2026,JULIACA,14.9978
06.01.2026,COMB-01-2026,LIMA,13.0508
06.01.2026,COMB-01-2026,MOLLENDO,14.5258
06.01.2026,COMB-01-2026,PISCO,13.6998
06.01.2026,COMB-01-2026,PIURA,12.2484
06.01.2026,COMB-01-2026,PTO. MALDONADO,12.2083
06.01.2026,COMB-01-2026,PUCALLPA,11.64
06.01.2026,COMB-01-2026,SALAVERRY,13.5464
06.01.2026,COMB-01-2026,SUPE,13.4992
06.01.2026,COMB-01-2026,TALARA,12.0478
06.01.2026,COMB-01-2026,TARAPOTO,14.6615
06.01.2026,COMB-01-2026,YURIMAGUAS,12.07
06.02.2022,COMB-08-2022,CHIMBOTE,15.989
06.02.2022,COMB-08-2022,CUSCO,16.638
06.02.2022,COMB-08-2022,EL MILAGRO,16.1542
06.02.2022,COMB-08-2022,ETEN,16.1188
06.02.2022,COMB-08-2022,ILO,16.4256
06.02.2022,COMB-08-2022,JULIACA,16.697
06.02.2022,COMB-08-2022,LIMA,15.8238
06.02.2022,COMB-08-2022,MOLLENDO,16.3784
06.02.2022,COMB-08-2022,PISCO,16.0598
06.02.2022,COMB-08-2022,PIURA,16.0244
06.02.2022,COMB-08-2022,PTO. MALDONADO,13.93
06.02.2022,COMB-08-2022,SALAVERRY,16.1424
06.02.2022,COMB-08-2022,SUPE,15.8592
06.02.2022,COMB-08-2022,TALARA,15.8238
06.02.2022,COMB-08-2022,TARAPOTO,16.3017
06.02.2025,COMB-12-2025,CHIMBOTE,16.461
06.02.2025,COMB-12-2025,CUSCO,17.4404
06.02.2025,COMB-12-2025,EL MILAGRO,17.7118
06.02.2025,COMB-12-2025,ETEN,16.4728
06.02.2025,COMB-12-2025,ILO,17.0274
06.02.2025,COMB-12-2025,IQUITOS,12.8
06.02.2025,COMB-12-2025,JULIACA,17.3342
06.02.2025,COMB-12-2025,LIMA,16.1778
06.02.2025,COMB-12-2025,MOLLENDO,16.8504
06.02.2025,COMB-12-2025,PISCO,16.5318
06.02.2025,COMB-12-2025,PIURA,16.3784
06.02.2025,COMB-12-2025,PTO. MALDONADO,14.82
06.02.2025,COMB-12-2025,PUCALLPA,12.79
06.02.2025,COMB-12-2025,SALAVERRY,16.4964
06.02.2025,COMB-12-2025,SUPE,16.3312
06.02.2025,COMB-12-2025,TALARA,16.1778
06.02.2025,COMB-12-2025,TARAPOTO,18.1071
06.02.2025,COMB-12-2025,YURIMAGUAS,13.22
06.03.2026,COMB-13-2026,CHIMBOTE,16.8504
06.03.2026,COMB-13-2026,CUSCO,18.3844
06.03.2026,COMB-13-2026,EL MILAGRO,18.3018
06.03.2026,COMB-13-2026,ETEN,17.4522
06.03.2026,COMB-13-2026,ILO,17.9478
06.03.2026,COMB-13-2026,IQUITOS,15.18
06.03.2026,COMB-13-2026,JULIACA,18.2782
06.03.2026,COMB-13-2026,LIMA,17.2162
06.03.2026,COMB-13-2026,MOLLENDO,18.1012
06.03.2026,COMB-13-2026,PISCO,17.8652
06.03.2026,COMB-13-2026,PIURA,15.989
06.03.2026,COMB-13-2026,PTO. MALDONADO,15.4383
06.03.2026,COMB-13-2026,PUCALLPA,15.17
06.03.2026,COMB-13-2026,SALAVERRY,17.7118
06.03.2026,COMB-13-2026,SUPE,17.6646
06.03.2026,COMB-13-2026,TALARA,15.7884
06.03.2026,COMB-13-2026,TARAPOTO,18.6971
06.03.2026,COMB-13-2026,YURIMAGUAS,15.6
06.05.2021,COMB-20-2021,CHIMBOTE,12.7204
06.05.2021,COMB-20-2021,CUSCO,13.3694
06.05.2021,COMB-20-2021,EL MILAGRO,12.8856
06.05.2021,COMB-20-2021,ETEN,12.8502
06.05.2021,COMB-20-2021,ILO,13.157
06.05.2021,COMB-20-2021,JULIACA,13.4284
06.05.2021,COMB-20-2021,LIMA,12.5552
06.05.2021,COMB-20-2021,MOLLENDO,13.1098
06.05.2021,COMB-20-2021,PISCO,12.7912
06.05.2021,COMB-20-2021,PIURA,12.7558
06.05.2021,COMB-20-2021,PTO. MALDONADO,11.16
06.05.2021,COMB-20-2021,SALAVERRY,12.8738
06.05.2021,COMB-20-2021,SUPE,12.6496
06.05.2021,COMB-20-2021,TALARA,12.5552
06.05.2021,COMB-20-2021,TARAPOTO,13.0331
06.05.2025,COMB-30-2025,CHIMBOTE,14.7972
06.05.2025,COMB-30-2025,CUSCO,15.7766
06.05.2025,COMB-30-2025,EL MILAGRO,16.048
06.05.2025,COMB-30-2025,ETEN,14.809
06.05.2025,COMB-30-2025,ILO,15.3636
06.05.2025,COMB-30-2025,IQUITOS,11.39
06.05.2025,COMB-30-2025,JULIACA,15.6704
06.05.2025,COMB-30-2025,LIMA,14.514
06.05.2025,COMB-30-2025,MOLLENDO,15.1866
06.05.2025,COMB-30-2025,PISCO,14.868
06.05.2025,COMB-30-2025,PIURA,14.7146
06.05.2025,COMB-30-2025,PTO. MALDONADO,13.41
06.05.2025,COMB-30-2025,PUCALLPA,11.38
06.05.2025,COMB-30-2025,SALAVERRY,14.8326
06.05.2025,COMB-30-2025,SUPE,14.6674
06.05.2025,COMB-30-2025,TALARA,14.514
06.05.2025,COMB-30-2025,TARAPOTO,16.4433
06.05.2025,COMB-30-2025,YURIMAGUAS,11.81
06.06.2026,COMB-36-2026,CHIMBOTE,20.1898
06.06.2026,COMB-36-2026,CUSCO,23.0808
06.06.2026,COMB-36-2026,EL MILAGRO,21.7592
06.06.2026,COMB-36-2026,ETEN,20.178
06.06.2026,COMB-36-2026,ILO,23.2342
06.06.2026,COMB-36-2026,IQUITOS,16.81
06.06.2026,COMB-36-2026,JULIACA,22.9746
06.06.2026,COMB-36-2026,LIMA,19.6588
06.06.2026,COMB-36-2026,MOLLENDO,22.7976
06.06.2026,COMB-36-2026,PISCO,20.1072
06.06.2026,COMB-36-2026,PIURA,19.4464
06.06.2026,COMB-36-2026,PTO. MALDONADO,19.5183
06.06.2026,COMB-36-2026,PUCALLPA,16.87
06.06.2026,COMB-36-2026,SALAVERRY,20.8742
06.06.2026,COMB-36-2026,SUPE,20.119
06.06.2026,COMB-36-2026,TALARA,19.2458
06.06.2026,COMB-36-2026,TARAPOTO,22.1545
06.06.2026,COMB-36-2026,YURIMAGUAS,15.6
06.09.2024,COMB-44-2024,CHIMBOTE,16.225
06.09.2024,COMB-44-2024,CUSCO,17.2044
06.09.2024,COMB-44-2024,EL MILAGRO,16.6616
06.09.2024,COMB-44-2024,ETEN,16.2368
06.09.2024,COMB-44-2024,ILO,16.7914
06.09.2024,COMB-44-2024,IQUITOS,12.24
06.09.2024,COMB-44-2024,JULIACA,17.0982
06.09.2024,COMB-44-2024,LIMA,15.9418
06.09.2024,COMB-44-2024,MOLLENDO,16.6144
06.09.2024,COMB-44-2024,PISCO,16.2958
06.09.2024,COMB-44-2024,PIURA,16.1424
06.09.2024,COMB-44-2024,PTO. MALDONADO,14.46
06.09.2024,COMB-44-2024,PUCALLPA,12.23
06.09.2024,COMB-44-2024,SALAVERRY,16.2604
06.09.2024,COMB-44-2024,SUPE,16.0952
06.09.2024,COMB-44-2024,TALARA,15.9418
06.09.2024,COMB-44-2024,TARAPOTO,17.0569
06.09.2024,COMB-44-2024,YURIMAGUAS,12.66
06.10.2022,COMB-46-2022,CHIMBOTE,21.771
06.10.2022,COMB-46-2022,CUSCO,22.42
06.10.2022,COMB-46-2022,EL MILAGRO,21.9362
06.10.2022,COMB-46-2022,ETEN,21.9008
06.10.2022,COMB-46-2022,ILO,22.2076
06.10.2022,COMB-46-2022,IQUITOS,16.64
06.10.2022,COMB-46-2022,JULIACA,22.479
06.10.2022,COMB-46-2022,LIMA,21.6058
06.10.2022,COMB-46-2022,MOLLENDO,22.1604
06.10.2022,COMB-46-2022,PISCO,21.8418
06.10.2022,COMB-46-2022,PIURA,21.8064
06.10.2022,COMB-46-2022,PTO. MALDONADO,18.83
06.10.2022,COMB-46-2022,PUCALLPA,16.63
06.10.2022,COMB-46-2022,SALAVERRY,21.9244
06.10.2022,COMB-46-2022,SUPE,21.6412
06.10.2022,COMB-46-2022,TALARA,21.6058
06.10.2022,COMB-46-2022,TARAPOTO,22.0837
06.10.2022,COMB-46-2022,YURIMAGUAS,17.06
06.10.2023,COMB-51-2023,CHIMBOTE,22.9156
06.10.2023,COMB-51-2023,CUSCO,23.895
06.10.2023,COMB-51-2023,EL MILAGRO,23.3522
06.10.2023,COMB-51-2023,ETEN,22.9274
06.10.2023,COMB-51-2023,ILO,23.482
06.10.2023,COMB-51-2023,IQUITOS,17.58
06.10.2023,COMB-51-2023,JULIACA,23.7888
06.10.2023,COMB-51-2023,LIMA,22.6324
06.10.2023,COMB-51-2023,MOLLENDO,23.305
06.10.2023,COMB-51-2023,PISCO,22.9864
06.10.2023,COMB-51-2023,PIURA,22.833
06.10.2023,COMB-51-2023,PTO. MALDONADO,19.8
06.10.2023,COMB-51-2023,PUCALLPA,17.57
06.10.2023,COMB-51-2023,SALAVERRY,22.951
06.10.2023,COMB-51-2023,SUPE,22.7858
06.10.2023,COMB-51-2023,TALARA,22.6324
06.10.2023,COMB-51-2023,TARAPOTO,23.7003
06.10.2023,COMB-51-2023,YURIMAGUAS,18.0
06.11.2025,COMB-70-2025,CHIMBOTE,13.7942
06.11.2025,COMB-70-2025,CUSCO,15.0804
06.11.2025,COMB-70-2025,EL MILAGRO,15.045
06.11.2025,COMB-70-2025,ETEN,13.806
06.11.2025,COMB-70-2025,ILO,14.6674
06.11.2025,COMB-70-2025,IQUITOS,11.69
06.11.2025,COMB-70-2025,JULIACA,14.9742
06.11.2025,COMB-70-2025,LIMA,13.511
06.11.2025,COMB-70-2025,MOLLENDO,14.4904
06.11.2025,COMB-70-2025,PISCO,13.865
06.11.2025,COMB-70-2025,PIURA,13.0272
06.11.2025,COMB-70-2025,PTO. MALDONADO,13.97
06.11.2025,COMB-70-2025,PUCALLPA,11.68
06.11.2025,COMB-70-2025,SALAVERRY,14.0656
06.11.2025,COMB-70-2025,SUPE,13.6644
06.11.2025,COMB-70-2025,TALARA,12.8266
06.11.2025,COMB-70-2025,TARAPOTO,15.4403
06.11.2025,COMB-70-2025,YURIMAGUAS,12.11
07.01.2025,COMB-02-2025,CHIMBOTE,15.7766
07.01.2025,COMB-02-2025,CUSCO,16.756
07.01.2025,COMB-02-2025,EL MILAGRO,17.0274
07.01.2025,COMB-02-2025,ETEN,15.7884
07.01.2025,COMB-02-2025,ILO,16.343
07.01.2025,COMB-02-2025,IQUITOS,12.22
07.01.2025,COMB-02-2025,JULIACA,16.6498
07.01.2025,COMB-02-2025,LIMA,15.4934
07.01.2025,COMB-02-2025,MOLLENDO,16.166
07.01.2025,COMB-02-2025,PISCO,15.8474
07.01.2025,COMB-02-2025,PIURA,15.694
07.01.2025,COMB-02-2025,PTO. MALDONADO,14.24
07.01.2025,COMB-02-2025,PUCALLPA,12.21
07.01.2025,COMB-02-2025,SALAVERRY,15.812
07.01.2025,COMB-02-2025,SUPE,15.6468
07.01.2025,COMB-02-2025,TALARA,15.4934
07.01.2025,COMB-02-2025,TARAPOTO,17.4227
07.01.2025,COMB-02-2025,YURIMAGUAS,12.64
07.04.2026,COMB-19-2026,CHIMBOTE,23.3168
07.04.2026,COMB-19-2026,CUSCO,26.5028
07.04.2026,COMB-19-2026,EL MILAGRO,24.7682
07.04.2026,COMB-19-2026,ETEN,24.4968
07.04.2026,COMB-19-2026,ILO,26.1724
07.04.2026,COMB-19-2026,IQUITOS,20.36
07.04.2026,COMB-19-2026,JULIACA,26.3966
07.04.2026,COMB-19-2026,LIMA,24.0248
07.04.2026,COMB-19-2026,MOLLENDO,26.2196
07.04.2026,COMB-19-2026,PISCO,24.6738
07.04.2026,COMB-19-2026,PIURA,22.4554
07.04.2026,COMB-19-2026,PTO. MALDONADO,22.3183
07.04.2026,COMB-19-2026,PUCALLPA,20.35
07.04.2026,COMB-19-2026,SALAVERRY,24.7564
07.04.2026,COMB-19-2026,SUPE,24.4732
07.04.2026,COMB-19-2026,TALARA,22.2548
07.04.2026,COMB-19-2026,TARAPOTO,25.1635
07.04.2026,COMB-19-2026,YURIMAGUAS,20.49
07.05.2026,COMB-27-2026,CHIMBOTE,20.3078
07.05.2026,COMB-27-2026,CUSCO,23.836
07.05.2026,COMB-27-2026,EL MILAGRO,23.7534
07.05.2026,COMB-27-2026,ETEN,23.2578
07.05.2026,COMB-27-2026,ILO,23.3994
07.05.2026,COMB-27-2026,IQUITOS,18.6
07.05.2026,COMB-27-2026,JULIACA,23.7298
07.05.2026,COMB-27-2026,LIMA,22.1958
07.05.2026,COMB-27-2026,MOLLENDO,23.5528
07.05.2026,COMB-27-2026,PISCO,23.4348
07.05.2026,COMB-27-2026,PIURA,21.4406
07.05.2026,COMB-27-2026,PTO. MALDONADO,20.0583
07.05.2026,COMB-27-2026,PUCALLPA,18.89
07.05.2026,COMB-27-2026,SALAVERRY,23.5174
07.05.2026,COMB-27-2026,SUPE,22.6442
07.05.2026,COMB-27-2026,TALARA,21.24
07.05.2026,COMB-27-2026,TARAPOTO,24.1487
07.05.2026,COMB-27-2026,YURIMAGUAS,17.69
07.06.2024,COMB-30-2024,CHIMBOTE,17.1454
07.06.2024,COMB-30-2024,CUSCO,18.1248
07.06.2024,COMB-30-2024,EL MILAGRO,17.582
07.06.2024,COMB-30-2024,ETEN,17.1572
07.06.2024,COMB-30-2024,ILO,17.7118
07.06.2024,COMB-30-2024,IQUITOS,12.69
07.06.2024,COMB-30-2024,JULIACA,18.0186
07.06.2024,COMB-30-2024,LIMA,16.8622
07.06.2024,COMB-30-2024,MOLLENDO,17.5348
07.06.2024,COMB-30-2024,PISCO,17.2162
07.06.2024,COMB-30-2024,PIURA,17.0628
07.06.2024,COMB-30-2024,PTO. MALDONADO,14.91
07.06.2024,COMB-30-2024,PUCALLPA,12.68
07.06.2024,COMB-30-2024,SALAVERRY,17.1808
07.06.2024,COMB-30-2024,SUPE,17.0156
07.06.2024,COMB-30-2024,TALARA,16.8622
07.06.2024,COMB-30-2024,TARAPOTO,17.9301
07.06.2024,COMB-30-2024,YURIMAGUAS,13.11
07.07.2021,COMB-31-2021,CHIMBOTE,14.396
07.07.2021,COMB-31-2021,CUSCO,15.045
07.07.2021,COMB-31-2021,EL MILAGRO,14.5612
07.07.2021,COMB-31-2021,ETEN,14.5258
07.07.2021,COMB-31-2021,ILO,14.8326
07.07.2021,COMB-31-2021,JULIACA,15.104
07.07.2021,COMB-31-2021,LIMA,14.2308
07.07.2021,COMB-31-2021,MOLLENDO,14.7854
07.07.2021,COMB-31-2021,PISCO,14.4668
07.07.2021,COMB-31-2021,PIURA,14.4314
07.07.2021,COMB-31-2021,PTO. MALDONADO,12.58
07.07.2021,COMB-31-2021,SALAVERRY,14.5494
07.07.2021,COMB-31-2021,SUPE,14.3252
07.07.2021,COMB-31-2021,TALARA,14.2308
07.07.2021,COMB-31-2021,TARAPOTO,14.7087
07.07.2022,COMB-31-2022,CHIMBOTE,25.2638
07.07.2022,COMB-31-2022,CUSCO,25.9128
07.07.2022,COMB-31-2022,EL MILAGRO,25.429
07.07.2022,COMB-31-2022,ETEN,25.3936
07.07.2022,COMB-31-2022,ILO,25.7004
07.07.2022,COMB-31-2022,JULIACA,25.9718
07.07.2022,COMB-31-2022,LIMA,25.0986
07.07.2022,COMB-31-2022,MOLLENDO,25.6532
07.07.2022,COMB-31-2022,PISCO,25.3346
07.07.2022,COMB-31-2022,PIURA,25.2992
07.07.2022,COMB-31-2022,PTO. MALDONADO,21.79
07.07.2022,COMB-31-2022,SALAVERRY,25.4172
07.07.2022,COMB-31-2022,SUPE,25.134
07.07.2022,COMB-31-2022,TALARA,25.0986
07.07.2022,COMB-31-2022,TARAPOTO,25.5765
07.07.2023,COMB-32-2023,CHIMBOTE,18.3726
07.07.2023,COMB-32-2023,CUSCO,19.352
07.07.2023,COMB-32-2023,EL MILAGRO,18.8092
07.07.2023,COMB-32-2023,ETEN,18.3844
07.07.2023,COMB-32-2023,ILO,18.939
07.07.2023,COMB-32-2023,IQUITOS,13.73
07.07.2023,COMB-32-2023,JULIACA,19.2458
07.07.2023,COMB-32-2023,LIMA,18.0894
07.07.2023,COMB-32-2023,MOLLENDO,18.762
07.07.2023,COMB-32-2023,PISCO,18.4434
07.07.2023,COMB-32-2023,PIURA,18.29
07.07.2023,COMB-32-2023,PTO. MALDONADO,15.95
07.07.2023,COMB-32-2023,PUCALLPA,13.72
07.07.2023,COMB-32-2023,SALAVERRY,18.408
07.07.2023,COMB-32-2023,SUPE,18.2428
07.07.2023,COMB-32-2023,TALARA,18.0894
07.07.2023,COMB-32-2023,TARAPOTO,19.1573
07.07.2023,COMB-32-2023,YURIMAGUAS,14.15
07.07.2026,COMB-47-2026,CHIMBOTE,19.3638
07.07.2026,COMB-47-2026,CUSCO,20.8152
07.07.2026,COMB-47-2026,EL MILAGRO,19.3166
07.07.2026,COMB-47-2026,ETEN,18.9272
07.07.2026,COMB-47-2026,ILO,19.3048
07.07.2026,COMB-47-2026,IQUITOS,17.11
07.07.2026,COMB-47-2026,JULIACA,20.8742
07.07.2026,COMB-47-2026,LIMA,18.88
07.07.2026,COMB-47-2026,MOLLENDO,20.2488
07.07.2026,COMB-47-2026,PISCO,18.7502
07.07.2026,COMB-47-2026,PIURA,17.5584
07.07.2026,COMB-47-2026,PTO. MALDONADO,17.6783
07.07.2026,COMB-47-2026,PUCALLPA,16.22
07.07.2026,COMB-47-2026,SALAVERRY,19.175
07.07.2026,COMB-47-2026,SUPE,19.1042
07.07.2026,COMB-47-2026,TALARA,17.3578
07.07.2026,COMB-47-2026,TARAPOTO,19.6293
07.07.2026,COMB-47-2026,YURIMAGUAS,15.26
07.09.2022,COMB-41-2022,CHIMBOTE,23.423
07.09.2022,COMB-41-2022,CUSCO,24.072
07.09.2022,COMB-41-2022,EL MILAGRO,23.5882
07.09.2022,COMB-41-2022,ETEN,23.5528
07.09.2022,COMB-41-2022,ILO,23.8596
07.09.2022,COMB-41-2022,JULIACA,24.131
07.09.2022,COMB-41-2022,LIMA,23.2578
07.09.2022,COMB-41-2022,MOLLENDO,23.8124
07.09.2022,COMB-41-2022,PISCO,23.4938
07.09.2022,COMB-41-2022,PIURA,23.4584
07.09.2022,COMB-41-2022,PTO. MALDONADO,20.23
07.09.2022,COMB-41-2022,SALAVERRY,23.5764
07.09.2022,COMB-41-2022,SUPE,23.2932
07.09.2022,COMB-41-2022,TALARA,23.2578
07.09.2022,COMB-41-2022,TARAPOTO,23.7357
07.09.2023,COMB-45-2023,CHIMBOTE,21.9244
07.09.2023,COMB-45-2023,CUSCO,22.9038
07.09.2023,COMB-45-2023,EL MILAGRO,22.361
07.09.2023,COMB-45-2023,ETEN,21.9362
07.09.2023,COMB-45-2023,ILO,22.4908
07.09.2023,COMB-45-2023,IQUITOS,16.74
07.09.2023,COMB-45-2023,JULIACA,22.7976
07.09.2023,COMB-45-2023,LIMA,21.6412
07.09.2023,COMB-45-2023,MOLLENDO,22.3138
07.09.2023,COMB-45-2023,PISCO,21.9952
07.09.2023,COMB-45-2023,PIURA,21.8418
07.09.2023,COMB-45-2023,PTO. MALDONADO,18.96
07.09.2023,COMB-45-2023,PUCALLPA,16.73
07.09.2023,COMB-45-2023,SALAVERRY,21.9598
07.09.2023,COMB-45-2023,SUPE,21.7946
07.09.2023,COMB-45-2023,TALARA,21.6412
07.09.2023,COMB-45-2023,TARAPOTO,22.7091
07.09.2023,COMB-45-2023,YURIMAGUAS,17.16
07.10.2021,COMB-48-2021,CHIMBOTE,15.93
07.10.2021,COMB-48-2021,CUSCO,16.579
07.10.2021,COMB-48-2021,EL MILAGRO,16.0952
07.10.2021,COMB-48-2021,ETEN,16.0598
07.10.2021,COMB-48-2021,ILO,16.3666
07.10.2021,COMB-48-2021,JULIACA,16.638
07.10.2021,COMB-48-2021,LIMA,15.7648
07.10.2021,COMB-48-2021,MOLLENDO,16.3194
07.10.2021,COMB-48-2021,PISCO,16.0008
07.10.2021,COMB-48-2021,PIURA,15.9654
07.10.2021,COMB-48-2021,PTO. MALDONADO,13.88
07.10.2021,COMB-48-2021,SALAVERRY,16.0834
07.10.2021,COMB-48-2021,SUPE,15.8002
07.10.2021,COMB-48-2021,TALARA,15.7648
07.10.2021,COMB-48-2021,TARAPOTO,16.2427
07.10.2025,COMB-65-2025,CHIMBOTE,13.7824
07.10.2025,COMB-65-2025,CUSCO,14.7618
07.10.2025,COMB-65-2025,EL MILAGRO,15.0332
07.10.2025,COMB-65-2025,ETEN,13.7942
07.10.2025,COMB-65-2025,ILO,14.3488
07.10.2025,COMB-65-2025,IQUITOS,11.68
07.10.2025,COMB-65-2025,JULIACA,14.6556
07.10.2025,COMB-65-2025,LIMA,13.4992
07.10.2025,COMB-65-2025,MOLLENDO,14.1718
07.10.2025,COMB-65-2025,PISCO,13.8532
07.10.2025,COMB-65-2025,PIURA,13.0154
07.10.2025,COMB-65-2025,PTO. MALDONADO,13.7
07.10.2025,COMB-65-2025,PUCALLPA,11.67
07.10.2025,COMB-65-2025,SALAVERRY,13.8178
07.10.2025,COMB-65-2025,SUPE,13.6526
07.10.2025,COMB-65-2025,TALARA,12.8148
07.10.2025,COMB-65-2025,TARAPOTO,15.4285
07.10.2025,COMB-65-2025,YURIMAGUAS,12.1
07.11.2024,COMB-56-2024,CHIMBOTE,15.7884
07.11.2024,COMB-56-2024,CUSCO,16.7678
07.11.2024,COMB-56-2024,EL MILAGRO,17.0392
07.11.2024,COMB-56-2024,ETEN,15.8002
07.11.2024,COMB-56-2024,ILO,16.3548
07.11.2024,COMB-56-2024,IQUITOS,12.23
07.11.2024,COMB-56-2024,JULIACA,16.6616
07.11.2024,COMB-56-2024,LIMA,15.5052
07.11.2024,COMB-56-2024,MOLLENDO,16.1778
07.11.2024,COMB-56-2024,PISCO,15.8592
07.11.2024,COMB-56-2024,PIURA,15.7058
07.11.2024,COMB-56-2024,PTO. MALDONADO,14.45
07.11.2024,COMB-56-2024,PUCALLPA,12.22
07.11.2024,COMB-56-2024,SALAVERRY,15.8238
07.11.2024,COMB-56-2024,SUPE,15.6586
07.11.2024,COMB-56-2024,TALARA,15.5052
07.11.2024,COMB-56-2024,TARAPOTO,17.4345
07.11.2024,COMB-56-2024,YURIMAGUAS,12.65
08.03.2024,COMB-14-2024,CHIMBOTE,18.3726
08.03.2024,COMB-14-2024,CUSCO,19.352
08.03.2024,COMB-14-2024,EL MILAGRO,18.8092
08.03.2024,COMB-14-2024,ETEN,18.3844
08.03.2024,COMB-14-2024,ILO,18.939
08.03.2024,COMB-14-2024,IQUITOS,13.73
08.03.2024,COMB-14-2024,JULIACA,19.2458
08.03.2024,COMB-14-2024,LIMA,18.0894
08.03.2024,COMB-14-2024,MOLLENDO,18.762
08.03.2024,COMB-14-2024,PISCO,18.4434
08.03.2024,COMB-14-2024,PIURA,18.29
08.03.2024,COMB-14-2024,PTO. MALDONADO,15.95
08.03.2024,COMB-14-2024,PUCALLPA,13.72
08.03.2024,COMB-14-2024,SALAVERRY,18.408
08.03.2024,COMB-14-2024,SUPE,18.2428
08.03.2024,COMB-14-2024,TALARA,18.0894
08.03.2024,COMB-14-2024,TARAPOTO,19.1573
08.03.2024,COMB-14-2024,YURIMAGUAS,14.15
08.04.2021,COMB-14-2021,CHIMBOTE,12.2838
08.04.2021,COMB-14-2021,CUSCO,12.9328
08.04.2021,COMB-14-2021,EL MILAGRO,12.449
08.04.2021,COMB-14-2021,ETEN,12.4136
08.04.2021,COMB-14-2021,ILO,12.7204
08.04.2021,COMB-14-2021,JULIACA,12.9918
08.04.2021,COMB-14-2021,LIMA,12.1186
08.04.2021,COMB-14-2021,MOLLENDO,12.6732
08.04.2021,COMB-14-2021,PISCO,12.3546
08.04.2021,COMB-14-2021,PIURA,12.3192
08.04.2021,COMB-14-2021,PTO. MALDONADO,10.79
08.04.2021,COMB-14-2021,SALAVERRY,12.4372
08.04.2021,COMB-14-2021,SUPE,12.213
08.04.2021,COMB-14-2021,TALARA,12.1186
08.04.2021,COMB-14-2021,TARAPOTO,12.5965
08.04.2022,COMB-19-2022,CHIMBOTE,19.5054
08.04.2022,COMB-19-2022,CUSCO,20.1544
08.04.2022,COMB-19-2022,EL MILAGRO,19.6706
08.04.2022,COMB-19-2022,ETEN,19.6352
08.04.2022,COMB-19-2022,ILO,19.942
08.04.2022,COMB-19-2022,JULIACA,20.2134
08.04.2022,COMB-19-2022,LIMA,19.3402
08.04.2022,COMB-19-2022,MOLLENDO,19.8948
08.04.2022,COMB-19-2022,PISCO,19.5762
08.04.2022,COMB-19-2022,PIURA,19.5408
08.04.2022,COMB-19-2022,PTO. MALDONADO,13.55
08.04.2022,COMB-19-2022,SALAVERRY,19.6588
08.04.2022,COMB-19-2022,SUPE,19.3756
08.04.2022,COMB-19-2022,TALARA,19.3402
08.04.2022,COMB-19-2022,TARAPOTO,19.8181
08.04.2025,COMB-25-2025,CHIMBOTE,15.3518
08.04.2025,COMB-25-2025,CUSCO,16.3312
08.04.2025,COMB-25-2025,EL MILAGRO,16.6026
08.04.2025,COMB-25-2025,ETEN,15.3636
08.04.2025,COMB-25-2025,ILO,15.9182
08.04.2025,COMB-25-2025,IQUITOS,11.86
08.04.2025,COMB-25-2025,JULIACA,16.225
08.04.2025,COMB-25-2025,LIMA,15.0686
08.04.2025,COMB-25-2025,MOLLENDO,15.7412
08.04.2025,COMB-25-2025,PISCO,15.4226
08.04.2025,COMB-25-2025,PIURA,15.2692
08.04.2025,COMB-25-2025,PTO. MALDONADO,13.88
08.04.2025,COMB-25-2025,PUCALLPA,11.85
08.04.2025,COMB-25-2025,SALAVERRY,15.3872
08.04.2025,COMB-25-2025,SUPE,15.222
08.04.2025,COMB-25-2025,TALARA,15.0686
08.04.2025,COMB-25-2025,TARAPOTO,16.9979
08.04.2025,COMB-25-2025,YURIMAGUAS,12.28
08.07.2021,COMB-32-2021,CHIMBOTE,14.396
08.07.2021,COMB-32-2021,CUSCO,15.045
08.07.2021,COMB-32-2021,EL MILAGRO,14.5612
08.07.2021,COMB-32-2021,ETEN,14.5258
08.07.2021,COMB-32-2021,ILO,14.8326
08.07.2021,COMB-32-2021,JULIACA,15.104
08.07.2021,COMB-32-2021,LIMA,14.2308
08.07.2021,COMB-32-2021,MOLLENDO,14.7854
08.07.2021,COMB-32-2021,PISCO,14.4668
08.07.2021,COMB-32-2021,PIURA,14.4314
08.07.2021,COMB-32-2021,PTO. MALDONADO,12.58
08.07.2021,COMB-32-2021,SALAVERRY,14.5494
08.07.2021,COMB-32-2021,SUPE,14.3252
08.07.2021,COMB-32-2021,TALARA,14.2308
08.07.2021,COMB-32-2021,TARAPOTO,14.7087
08.07.2025,COMB-44-2025,CHIMBOTE,15.0096
08.07.2025,COMB-44-2025,CUSCO,15.989
08.07.2025,COMB-44-2025,EL MILAGRO,16.2604
08.07.2025,COMB-44-2025,ETEN,15.0214
08.07.2025,COMB-44-2025,ILO,15.576
08.07.2025,COMB-44-2025,IQUITOS,11.32
08.07.2025,COMB-44-2025,JULIACA,15.8828
08.07.2025,COMB-44-2025,LIMA,14.7264
08.07.2025,COMB-44-2025,MOLLENDO,15.399
08.07.2025,COMB-44-2025,PISCO,15.0804
08.07.2025,COMB-44-2025,PIURA,12.331
08.07.2025,COMB-44-2025,PTO. MALDONADO,13.34
08.07.2025,COMB-44-2025,PUCALLPA,11.31
08.07.2025,COMB-44-2025,SALAVERRY,15.045
08.07.2025,COMB-44-2025,SUPE,14.8798
08.07.2025,COMB-44-2025,TALARA,12.1304
08.07.2025,COMB-44-2025,TARAPOTO,16.6557
08.07.2025,COMB-44-2025,YURIMAGUAS,11.74
08.09.2022,COMB-42-2022,CHIMBOTE,23.6708
08.09.2022,COMB-42-2022,CUSCO,24.3198
08.09.2022,COMB-42-2022,EL MILAGRO,23.836
08.09.2022,COMB-42-2022,ETEN,23.8006
08.09.2022,COMB-42-2022,ILO,24.1074
08.09.2022,COMB-42-2022,JULIACA,24.3788
08.09.2022,COMB-42-2022,LIMA,23.5056
08.09.2022,COMB-42-2022,MOLLENDO,24.0602
08.09.2022,COMB-42-2022,PISCO,23.7416
08.09.2022,COMB-42-2022,PIURA,23.7062
08.09.2022,COMB-42-2022,PTO. MALDONADO,20.44
08.09.2022,COMB-42-2022,SALAVERRY,23.8242
08.09.2022,COMB-42-2022,SUPE,23.541
08.09.2022,COMB-42-2022,TALARA,23.5056
08.09.2022,COMB-42-2022,TARAPOTO,23.9835
08.09.2023,COMB-46-2023,CHIMBOTE,22.0306
08.09.2023,COMB-46-2023,CUSCO,23.01
08.09.2023,COMB-46-2023,EL MILAGRO,22.4672
08.09.2023,COMB-46-2023,ETEN,22.0424
08.09.2023,COMB-46-2023,ILO,22.597
08.09.2023,COMB-46-2023,IQUITOS,16.83
08.09.2023,COMB-46-2023,JULIACA,22.9038
08.09.2023,COMB-46-2023,LIMA,21.7474
08.09.2023,COMB-46-2023,MOLLENDO,22.42
08.09.2023,COMB-46-2023,PISCO,22.1014
08.09.2023,COMB-46-2023,PIURA,21.948
08.09.2023,COMB-46-2023,PTO. MALDONADO,19.05
08.09.2023,COMB-46-2023,PUCALLPA,16.82
08.09.2023,COMB-46-2023,SALAVERRY,22.066
08.09.2023,COMB-46-2023,SUPE,21.9008
08.09.2023,COMB-46-2023,TALARA,21.7474
08.09.2023,COMB-46-2023,TARAPOTO,22.8153
08.09.2023,COMB-46-2023,YURIMAGUAS,17.25
08.09.2024,COMB-45-2024,CHIMBOTE,16.225
08.09.2024,COMB-45-2024,CUSCO,17.2044
08.09.2024,COMB-45-2024,EL MILAGRO,17.051
08.09.2024,COMB-45-2024,ETEN,16.2368
08.09.2024,COMB-45-2024,ILO,16.7914
08.09.2024,COMB-45-2024,IQUITOS,12.24
08.09.2024,COMB-45-2024,JULIACA,17.0982
08.09.2024,COMB-45-2024,LIMA,15.9418
08.09.2024,COMB-45-2024,MOLLENDO,16.6144
08.09.2024,COMB-45-2024,PISCO,16.2958
08.09.2024,COMB-45-2024,PIURA,16.1424
08.09.2024,COMB-45-2024,PTO. MALDONADO,14.46
08.09.2024,COMB-45-2024,PUCALLPA,12.23
08.09.2024,COMB-45-2024,SALAVERRY,16.2604
08.09.2024,COMB-45-2024,SUPE,16.0952
08.09.2024,COMB-45-2024,TALARA,15.9418
08.09.2024,COMB-45-2024,TARAPOTO,17.4463
08.09.2024,COMB-45-2024,YURIMAGUAS,12.66
08.09.2026,COMB-62-2026,IQUITOS,22.36
08.09.2026,COMB-62-2026,PUCALLPA,21.47
08.09.2026,COMB-62-2026,YURIMAGUAS,20.6
08.12.2022,COMB-57-2022,CHIMBOTE,21.3226
08.12.2022,COMB-57-2022,CUSCO,21.9716
08.12.2022,COMB-57-2022,EL MILAGRO,21.4878
08.12.2022,COMB-57-2022,ETEN,21.4524
08.12.2022,COMB-57-2022,ILO,21.7592
08.12.2022,COMB-57-2022,IQUITOS,16.26
08.12.2022,COMB-57-2022,JULIACA,22.0306
08.12.2022,COMB-57-2022,LIMA,21.1574
08.12.2022,COMB-57-2022,MOLLENDO,21.712
08.12.2022,COMB-57-2022,PISCO,21.3934
08.12.2022,COMB-57-2022,PIURA,21.358
08.12.2022,COMB-57-2022,PTO. MALDONADO,18.45
08.12.2022,COMB-57-2022,PUCALLPA,16.25
08.12.2022,COMB-57-2022,SALAVERRY,21.476
08.12.2022,COMB-57-2022,SUPE,21.1928
08.12.2022,COMB-57-2022,TALARA,21.1574
08.12.2022,COMB-57-2022,TARAPOTO,21.6353
08.12.2022,COMB-57-2022,YURIMAGUAS,16.68
08.12.2023,COMB-63-2023,CHIMBOTE,20.8624
08.12.2023,COMB-63-2023,CUSCO,21.8418
08.12.2023,COMB-63-2023,EL MILAGRO,21.299
08.12.2023,COMB-63-2023,ETEN,20.8742
08.12.2023,COMB-63-2023,ILO,21.4288
08.12.2023,COMB-63-2023,IQUITOS,15.84
08.12.2023,COMB-63-2023,JULIACA,21.7356
08.12.2023,COMB-63-2023,LIMA,20.5792
08.12.2023,COMB-63-2023,MOLLENDO,21.2518
08.12.2023,COMB-63-2023,PISCO,20.9332
08.12.2023,COMB-63-2023,PIURA,20.7798
08.12.2023,COMB-63-2023,PTO. MALDONADO,18.06
08.12.2023,COMB-63-2023,PUCALLPA,15.83
08.12.2023,COMB-63-2023,SALAVERRY,20.8978
08.12.2023,COMB-63-2023,SUPE,20.7326
08.12.2023,COMB-63-2023,TALARA,20.5792
08.12.2023,COMB-63-2023,TARAPOTO,21.6471
08.12.2023,COMB-63-2023,YURIMAGUAS,16.26
09.01.2025,COMB-03-2025,CHIMBOTE,15.7766
09.01.2025,COMB-03-2025,CUSCO,16.756
09.01.2025,COMB-03-2025,EL MILAGRO,17.0274
09.01.2025,COMB-03-2025,ETEN,15.7884
09.01.2025,COMB-03-2025,ILO,16.343
09.01.2025,COMB-03-2025,IQUITOS,12.22
09.01.2025,COMB-03-2025,JULIACA,16.6498
09.01.2025,COMB-03-2025,LIMA,15.4934
09.01.2025,COMB-03-2025,MOLLENDO,16.166
09.01.2025,COMB-03-2025,PISCO,15.8474
09.01.2025,COMB-03-2025,PIURA,15.694
09.01.2025,COMB-03-2025,PTO. MALDONADO,14.24
09.01.2025,COMB-03-2025,PUCALLPA,12.21
09.01.2025,COMB-03-2025,SALAVERRY,15.812
09.01.2025,COMB-03-2025,SUPE,15.6468
09.01.2025,COMB-03-2025,TALARA,15.4934
09.01.2025,COMB-03-2025,TARAPOTO,17.4227
09.01.2025,COMB-03-2025,YURIMAGUAS,12.64
09.02.2024,COMB-09-2024,CHIMBOTE,19.2222
09.02.2024,COMB-09-2024,CUSCO,20.2016
09.02.2024,COMB-09-2024,EL MILAGRO,19.6588
09.02.2024,COMB-09-2024,ETEN,19.234
09.02.2024,COMB-09-2024,ILO,19.7886
09.02.2024,COMB-09-2024,IQUITOS,14.45
09.02.2024,COMB-09-2024,JULIACA,20.0954
09.02.2024,COMB-09-2024,LIMA,18.939
09.02.2024,COMB-09-2024,MOLLENDO,19.6116
09.02.2024,COMB-09-2024,PISCO,19.293
09.02.2024,COMB-09-2024,PIURA,19.1396
09.02.2024,COMB-09-2024,PTO. MALDONADO,16.67
09.02.2024,COMB-09-2024,PUCALLPA,14.44
09.02.2024,COMB-09-2024,SALAVERRY,19.2576
09.02.2024,COMB-09-2024,SUPE,19.0924
09.02.2024,COMB-09-2024,TALARA,18.939
09.02.2024,COMB-09-2024,TARAPOTO,20.0069
09.02.2024,COMB-09-2024,YURIMAGUAS,14.87
09.04.2021,COMB-15-2021,CHIMBOTE,12.2838
09.04.2021,COMB-15-2021,CUSCO,12.9328
09.04.2021,COMB-15-2021,EL MILAGRO,12.449
09.04.2021,COMB-15-2021,ETEN,12.4136
09.04.2021,COMB-15-2021,ILO,12.7204
09.04.2021,COMB-15-2021,JULIACA,12.9918
09.04.2021,COMB-15-2021,LIMA,12.1186
09.04.2021,COMB-15-2021,MOLLENDO,12.6732
09.04.2021,COMB-15-2021,PISCO,12.3546
09.04.2021,COMB-15-2021,PIURA,12.3192
09.04.2021,COMB-15-2021,PTO. MALDONADO,10.79
09.04.2021,COMB-15-2021,SALAVERRY,12.4372
09.04.2021,COMB-15-2021,SUPE,12.213
09.04.2021,COMB-15-2021,TALARA,12.1186
09.04.2021,COMB-15-2021,TARAPOTO,12.5965
09.06.2022,COMB-27-2022,CHIMBOTE,21.6176
09.06.2022,COMB-27-2022,CUSCO,22.2666
09.06.2022,COMB-27-2022,EL MILAGRO,21.7828
09.06.2022,COMB-27-2022,ETEN,21.7474
09.06.2022,COMB-27-2022,ILO,22.0542
09.06.2022,COMB-27-2022,JULIACA,22.3256
09.06.2022,COMB-27-2022,LIMA,21.4524
09.06.2022,COMB-27-2022,MOLLENDO,22.007
09.06.2022,COMB-27-2022,PISCO,21.6884
09.06.2022,COMB-27-2022,PIURA,21.653
09.06.2022,COMB-27-2022,PTO. MALDONADO,15.51
09.06.2022,COMB-27-2022,SALAVERRY,21.771
09.06.2022,COMB-27-2022,SUPE,21.4878
09.06.2022,COMB-27-2022,TALARA,21.4524
09.06.2022,COMB-27-2022,TARAPOTO,21.9303
09.06.2023,COMB-26-2023,CHIMBOTE,17.8534
09.06.2023,COMB-26-2023,CUSCO,18.8328
09.06.2023,COMB-26-2023,EL MILAGRO,18.29
09.06.2023,COMB-26-2023,ETEN,17.8652
09.06.2023,COMB-26-2023,ILO,18.4198
09.06.2023,COMB-26-2023,IQUITOS,13.29
09.06.2023,COMB-26-2023,JULIACA,18.7266
09.06.2023,COMB-26-2023,LIMA,17.5702
09.06.2023,COMB-26-2023,MOLLENDO,18.2428
09.06.2023,COMB-26-2023,PISCO,17.9242
09.06.2023,COMB-26-2023,PIURA,17.7708
09.06.2023,COMB-26-2023,PTO. MALDONADO,15.51
09.06.2023,COMB-26-2023,PUCALLPA,13.28
09.06.2023,COMB-26-2023,SALAVERRY,17.8888
09.06.2023,COMB-26-2023,SUPE,17.7236
09.06.2023,COMB-26-2023,TALARA,17.5702
09.06.2023,COMB-26-2023,TARAPOTO,18.6381
09.06.2023,COMB-26-2023,YURIMAGUAS,13.71
09.06.2026,COMB-37-2026,CHIMBOTE,19.8476
09.06.2026,COMB-37-2026,CUSCO,22.5026
09.06.2026,COMB-37-2026,EL MILAGRO,21.417
09.06.2026,COMB-37-2026,ETEN,19.8358
09.06.2026,COMB-37-2026,ILO,22.656
09.06.2026,COMB-37-2026,IQUITOS,16.52
09.06.2026,COMB-37-2026,JULIACA,22.3964
09.06.2026,COMB-37-2026,LIMA,19.3166
09.06.2026,COMB-37-2026,MOLLENDO,22.2194
09.06.2026,COMB-37-2026,PISCO,19.765
09.06.2026,COMB-37-2026,PIURA,19.1042
09.06.2026,COMB-37-2026,PTO. MALDONADO,19.0283
09.06.2026,COMB-37-2026,PUCALLPA,16.58
09.06.2026,COMB-37-2026,SALAVERRY,20.532
09.06.2026,COMB-37-2026,SUPE,19.7768
09.06.2026,COMB-37-2026,TALARA,18.9036
09.06.2026,COMB-37-2026,TARAPOTO,21.8123
09.06.2026,COMB-37-2026,YURIMAGUAS,15.31
09.08.2024,COMB-40-2024,CHIMBOTE,16.9684
09.08.2024,COMB-40-2024,CUSCO,17.9478
09.08.2024,COMB-40-2024,EL MILAGRO,17.405
09.08.2024,COMB-40-2024,ETEN,16.9802
09.08.2024,COMB-40-2024,ILO,17.5348
09.08.2024,COMB-40-2024,IQUITOS,12.54
09.08.2024,COMB-40-2024,JULIACA,17.8416
09.08.2024,COMB-40-2024,LIMA,16.6852
09.08.2024,COMB-40-2024,MOLLENDO,17.3578
09.08.2024,COMB-40-2024,PISCO,17.0392
09.08.2024,COMB-40-2024,PIURA,16.8858
09.08.2024,COMB-40-2024,PTO. MALDONADO,14.76
09.08.2024,COMB-40-2024,PUCALLPA,12.53
09.08.2024,COMB-40-2024,SALAVERRY,17.0038
09.08.2024,COMB-40-2024,SUPE,16.8386
09.08.2024,COMB-40-2024,TALARA,16.6852
09.08.2024,COMB-40-2024,TARAPOTO,17.8003
09.08.2024,COMB-40-2024,YURIMAGUAS,12.96
09.09.2021,COMB-42-2021,CHIMBOTE,15.1512
09.09.2021,COMB-42-2021,CUSCO,15.8002
09.09.2021,COMB-42-2021,EL MILAGRO,15.3164
09.09.2021,COMB-42-2021,ETEN,15.281
09.09.2021,COMB-42-2021,ILO,15.5878
09.09.2021,COMB-42-2021,JULIACA,15.8592
09.09.2021,COMB-42-2021,LIMA,14.986
09.09.2021,COMB-42-2021,MOLLENDO,15.5406
09.09.2021,COMB-42-2021,PISCO,15.222
09.09.2021,COMB-42-2021,PIURA,15.1866
09.09.2021,COMB-42-2021,PTO. MALDONADO,13.22
09.09.2021,COMB-42-2021,SALAVERRY,15.3046
09.09.2021,COMB-42-2021,SUPE,15.0214
09.09.2021,COMB-42-2021,TALARA,14.986
09.09.2021,COMB-42-2021,TARAPOTO,15.4639
09.09.2025,COMB-59-2025,CHIMBOTE,13.7942
09.09.2025,COMB-59-2025,CUSCO,14.7736
09.09.2025,COMB-59-2025,EL MILAGRO,15.045
09.09.2025,COMB-59-2025,ETEN,13.806
09.09.2025,COMB-59-2025,ILO,14.3606
09.09.2025,COMB-59-2025,IQUITOS,11.66
09.09.2025,COMB-59-2025,JULIACA,14.6674
09.09.2025,COMB-59-2025,LIMA,13.511
09.09.2025,COMB-59-2025,MOLLENDO,14.1836
09.09.2025,COMB-59-2025,PISCO,13.865
09.09.2025,COMB-59-2025,PIURA,12.8148
09.09.2025,COMB-59-2025,PTO. MALDONADO,13.68
09.09.2025,COMB-59-2025,PUCALLPA,11.65
09.09.2025,COMB-59-2025,SALAVERRY,13.8296
09.09.2025,COMB-59-2025,SUPE,13.6644
09.09.2025,COMB-59-2025,TALARA,12.6142
09.09.2025,COMB-59-2025,TARAPOTO,15.4403
09.09.2025,COMB-59-2025,YURIMAGUAS,12.08
10.02.2022,COMB-09-2022,CHIMBOTE,16.5908
10.02.2022,COMB-09-2022,CUSCO,17.2398
10.02.2022,COMB-09-2022,EL MILAGRO,16.756
10.02.2022,COMB-09-2022,ETEN,16.7206
10.02.2022,COMB-09-2022,ILO,17.0274
10.02.2022,COMB-09-2022,JULIACA,17.2988
10.02.2022,COMB-09-2022,LIMA,16.4256
10.02.2022,COMB-09-2022,MOLLENDO,16.9802
10.02.2022,COMB-09-2022,PISCO,16.6616
10.02.2022,COMB-09-2022,PIURA,16.6262
10.02.2022,COMB-09-2022,PTO. MALDONADO,14.44
10.02.2022,COMB-09-2022,SALAVERRY,16.7442
10.02.2022,COMB-09-2022,SUPE,16.461
10.02.2022,COMB-09-2022,TALARA,16.4256
10.02.2022,COMB-09-2022,TARAPOTO,16.9035
10.02.2023,COMB-07-2023,CHIMBOTE,21.8064
10.02.2023,COMB-07-2023,CUSCO,22.4554
10.02.2023,COMB-07-2023,EL MILAGRO,21.9716
10.02.2023,COMB-07-2023,ETEN,21.9362
10.02.2023,COMB-07-2023,ILO,22.243
10.02.2023,COMB-07-2023,JULIACA,22.5144
10.02.2023,COMB-07-2023,LIMA,21.6412
10.02.2023,COMB-07-2023,MOLLENDO,22.1958
10.02.2023,COMB-07-2023,PISCO,21.8772
10.02.2023,COMB-07-2023,PIURA,21.8418
10.02.2023,COMB-07-2023,PTO. MALDONADO,18.86
10.02.2023,COMB-07-2023,SALAVERRY,21.9598
10.02.2023,COMB-07-2023,SUPE,21.6766
10.02.2023,COMB-07-2023,TALARA,21.6412
10.02.2023,COMB-07-2023,TARAPOTO,22.1191
10.02.2026,COMB-07-2026,CHIMBOTE,13.2396
10.02.2026,COMB-07-2026,CUSCO,14.7736
10.02.2026,COMB-07-2026,EL MILAGRO,14.691
10.02.2026,COMB-07-2026,ETEN,13.8414
10.02.2026,COMB-07-2026,ILO,14.337
10.02.2026,COMB-07-2026,IQUITOS,12.12
10.02.2026,COMB-07-2026,JULIACA,14.6674
10.02.2026,COMB-07-2026,LIMA,13.6054
10.02.2026,COMB-07-2026,MOLLENDO,14.4904
10.02.2026,COMB-07-2026,PISCO,14.2544
10.02.2026,COMB-07-2026,PIURA,12.3782
10.02.2026,COMB-07-2026,PTO. MALDONADO,12.3783
10.02.2026,COMB-07-2026,PUCALLPA,12.11
10.02.2026,COMB-07-2026,SALAVERRY,14.101
10.02.2026,COMB-07-2026,SUPE,14.0538
10.02.2026,COMB-07-2026,TALARA,12.1776
10.02.2026,COMB-07-2026,TARAPOTO,15.0863
10.02.2026,COMB-07-2026,YURIMAGUAS,12.54
10.03.2022,COMB-13-2022,CHIMBOTE,19.9302
10.03.2022,COMB-13-2022,CUSCO,20.5792
10.03.2022,COMB-13-2022,EL MILAGRO,20.0954
10.03.2022,COMB-13-2022,ETEN,20.06
10.03.2022,COMB-13-2022,ILO,20.3668
10.03.2022,COMB-13-2022,IQUITOS,15.42
10.03.2022,COMB-13-2022,JULIACA,20.6382
10.03.2022,COMB-13-2022,LIMA,19.765
10.03.2022,COMB-13-2022,MOLLENDO,20.3196
10.03.2022,COMB-13-2022,PISCO,20.001
10.03.2022,COMB-13-2022,PIURA,19.9656
10.03.2022,COMB-13-2022,PTO. MALDONADO,17.27
10.03.2022,COMB-13-2022,PUCALLPA,15.41
10.03.2022,COMB-13-2022,SALAVERRY,20.0836
10.03.2022,COMB-13-2022,SUPE,19.8004
10.03.2022,COMB-13-2022,TALARA,19.765
10.03.2022,COMB-13-2022,TARAPOTO,20.2429
10.03.2022,COMB-13-2022,YURIMAGUAS,15.84
10.03.2023,COMB-12-2023,CHIMBOTE,20.8506
10.03.2023,COMB-12-2023,CUSCO,21.4996
10.03.2023,COMB-12-2023,EL MILAGRO,21.0158
10.03.2023,COMB-12-2023,ETEN,20.9804
10.03.2023,COMB-12-2023,ILO,21.2872
10.03.2023,COMB-12-2023,IQUITOS,15.83
10.03.2023,COMB-12-2023,JULIACA,21.5586
10.03.2023,COMB-12-2023,LIMA,20.6854
10.03.2023,COMB-12-2023,MOLLENDO,21.24
10.03.2023,COMB-12-2023,PISCO,20.9214
10.03.2023,COMB-12-2023,PIURA,20.886
10.03.2023,COMB-12-2023,PTO. MALDONADO,18.05
10.03.2023,COMB-12-2023,PUCALLPA,15.82
10.03.2023,COMB-12-2023,SALAVERRY,21.004
10.03.2023,COMB-12-2023,SUPE,20.7208
10.03.2023,COMB-12-2023,TALARA,20.6854
10.03.2023,COMB-12-2023,TARAPOTO,21.1633
10.03.2023,COMB-12-2023,YURIMAGUAS,16.25
10.03.2026,COMB-14-2026,CHIMBOTE,17.405
10.03.2026,COMB-14-2026,CUSCO,18.939
10.03.2026,COMB-14-2026,EL MILAGRO,18.8564
10.03.2026,COMB-14-2026,ETEN,18.0068
10.03.2026,COMB-14-2026,ILO,18.5024
10.03.2026,COMB-14-2026,IQUITOS,15.65
10.03.2026,COMB-14-2026,JULIACA,18.8328
10.03.2026,COMB-14-2026,LIMA,17.7708
10.03.2026,COMB-14-2026,MOLLENDO,18.6558
10.03.2026,COMB-14-2026,PISCO,18.4198
10.03.2026,COMB-14-2026,PIURA,16.5436
10.03.2026,COMB-14-2026,PTO. MALDONADO,15.9083
10.03.2026,COMB-14-2026,PUCALLPA,15.64
10.03.2026,COMB-14-2026,SALAVERRY,18.2664
10.03.2026,COMB-14-2026,SUPE,18.2192
10.03.2026,COMB-14-2026,TALARA,16.343
10.03.2026,COMB-14-2026,TARAPOTO,19.2517
10.03.2026,COMB-14-2026,YURIMAGUAS,16.07
10.04.2026,COMB-20-2026,CHIMBOTE,23.3168
10.04.2026,COMB-20-2026,CUSCO,26.5028
10.04.2026,COMB-20-2026,EL MILAGRO,24.7682
10.04.2026,COMB-20-2026,ETEN,24.4968
10.04.2026,COMB-20-2026,ILO,26.1724
10.04.2026,COMB-20-2026,IQUITOS,18.86
10.04.2026,COMB-20-2026,JULIACA,26.3966
10.04.2026,COMB-20-2026,LIMA,22.2548
10.04.2026,COMB-20-2026,MOLLENDO,26.2196
10.04.2026,COMB-20-2026,PISCO,24.6738
10.04.2026,COMB-20-2026,PIURA,22.4554
10.04.2026,COMB-20-2026,PTO. MALDONADO,22.3183
10.04.2026,COMB-20-2026,PUCALLPA,18.85
10.04.2026,COMB-20-2026,SALAVERRY,24.7564
10.04.2026,COMB-20-2026,SUPE,22.7032
10.04.2026,COMB-20-2026,TALARA,22.2548
10.04.2026,COMB-20-2026,TARAPOTO,25.1635
10.04.2026,COMB-20-2026,YURIMAGUAS,18.99
10.05.2024,COMB-25-2024,CHIMBOTE,17.346
10.05.2024,COMB-25-2024,CUSCO,18.3254
10.05.2024,COMB-25-2024,EL MILAGRO,17.7826
10.05.2024,COMB-25-2024,ETEN,17.3578
10.05.2024,COMB-25-2024,ILO,17.9124
10.05.2024,COMB-25-2024,IQUITOS,12.86
10.05.2024,COMB-25-2024,JULIACA,18.2192
10.05.2024,COMB-25-2024,LIMA,17.0628
10.05.2024,COMB-25-2024,MOLLENDO,17.7354
10.05.2024,COMB-25-2024,PISCO,17.4168
10.05.2024,COMB-25-2024,PIURA,17.2634
10.05.2024,COMB-25-2024,PTO. MALDONADO,15.08
10.05.2024,COMB-25-2024,PUCALLPA,12.85
10.05.2024,COMB-25-2024,SALAVERRY,17.3814
10.05.2024,COMB-25-2024,SUPE,17.2162
10.05.2024,COMB-25-2024,TALARA,17.0628
10.05.2024,COMB-25-2024,TARAPOTO,18.1307
10.05.2024,COMB-25-2024,YURIMAGUAS,13.28
10.06.2021,COMB-26-2021,CHIMBOTE,13.8178
10.06.2021,COMB-26-2021,CUSCO,14.4668
10.06.2021,COMB-26-2021,EL MILAGRO,13.983
10.06.2021,COMB-26-2021,ETEN,13.9476
10.06.2021,COMB-26-2021,ILO,14.2544
10.06.2021,COMB-26-2021,JULIACA,14.5258
10.06.2021,COMB-26-2021,LIMA,13.6526
10.06.2021,COMB-26-2021,MOLLENDO,14.2072
10.06.2021,COMB-26-2021,PISCO,13.8886
10.06.2021,COMB-26-2021,PIURA,13.8532
10.06.2021,COMB-26-2021,PTO. MALDONADO,12.09
10.06.2021,COMB-26-2021,SALAVERRY,13.9712
10.06.2021,COMB-26-2021,SUPE,13.747
10.06.2021,COMB-26-2021,TALARA,13.6526
10.06.2021,COMB-26-2021,TARAPOTO,14.1305
10.06.2025,COMB-36-2025,CHIMBOTE,15.0096
10.06.2025,COMB-36-2025,CUSCO,15.989
10.06.2025,COMB-36-2025,EL MILAGRO,16.2604
10.06.2025,COMB-36-2025,ETEN,15.0214
10.06.2025,COMB-36-2025,ILO,15.576
10.06.2025,COMB-36-2025,IQUITOS,11.32
10.06.2025,COMB-36-2025,JULIACA,15.8828
10.06.2025,COMB-36-2025,LIMA,14.7264
10.06.2025,COMB-36-2025,MOLLENDO,15.399
10.06.2025,COMB-36-2025,PISCO,15.0804
10.06.2025,COMB-36-2025,PIURA,14.927
10.06.2025,COMB-36-2025,PTO. MALDONADO,13.34
10.06.2025,COMB-36-2025,PUCALLPA,11.31
10.06.2025,COMB-36-2025,SALAVERRY,15.045
10.06.2025,COMB-36-2025,SUPE,14.8798
10.06.2025,COMB-36-2025,TALARA,14.7264
10.06.2025,COMB-36-2025,TARAPOTO,16.6557
10.06.2025,COMB-36-2025,YURIMAGUAS,11.74
10.06.2026,COMB-38-2026,CHIMBOTE,19.8476
10.06.2026,COMB-38-2026,CUSCO,21.9126
10.06.2026,COMB-38-2026,EL MILAGRO,21.417
10.06.2026,COMB-38-2026,ETEN,19.8358
10.06.2026,COMB-38-2026,ILO,22.066
10.06.2026,COMB-38-2026,IQUITOS,16.52
10.06.2026,COMB-38-2026,JULIACA,21.8064
10.06.2026,COMB-38-2026,LIMA,19.3166
10.06.2026,COMB-38-2026,MOLLENDO,21.6294
10.06.2026,COMB-38-2026,PISCO,19.765
10.06.2026,COMB-38-2026,PIURA,19.1042
10.06.2026,COMB-38-2026,PTO. MALDONADO,18.5283
10.06.2026,COMB-38-2026,PUCALLPA,16.58
10.06.2026,COMB-38-2026,SALAVERRY,20.532
10.06.2026,COMB-38-2026,SUPE,19.7768
10.06.2026,COMB-38-2026,TALARA,18.9036
10.06.2026,COMB-38-2026,TARAPOTO,21.8123
10.06.2026,COMB-38-2026,YURIMAGUAS,15.31
10.07.2025,COMB-45-2025,CHIMBOTE,15.0096
10.07.2025,COMB-45-2025,CUSCO,15.989
10.07.2025,COMB-45-2025,EL MILAGRO,16.2604
10.07.2025,COMB-45-2025,ETEN,15.0214
10.07.2025,COMB-45-2025,ILO,15.576
10.07.2025,COMB-45-2025,IQUITOS,11.32
10.07.2025,COMB-45-2025,JULIACA,15.8828
10.07.2025,COMB-45-2025,LIMA,14.7264
10.07.2025,COMB-45-2025,MOLLENDO,15.399
10.07.2025,COMB-45-2025,PISCO,15.0804
10.07.2025,COMB-45-2025,PIURA,12.685
10.07.2025,COMB-45-2025,PTO. MALDONADO,13.34
10.07.2025,COMB-45-2025,PUCALLPA,11.31
10.07.2025,COMB-45-2025,SALAVERRY,15.045
10.07.2025,COMB-45-2025,SUPE,14.8798
10.07.2025,COMB-45-2025,TALARA,12.4844
10.07.2025,COMB-45-2025,TARAPOTO,16.6557
10.07.2025,COMB-45-2025,YURIMAGUAS,11.74
10.07.2026,COMB-48-2026,CHIMBOTE,19.3638
10.07.2026,COMB-48-2026,CUSCO,21.0512
10.07.2026,COMB-48-2026,EL MILAGRO,21.0866
10.07.2026,COMB-48-2026,ETEN,18.9272
10.07.2026,COMB-48-2026,ILO,19.8948
10.07.2026,COMB-48-2026,IQUITOS,17.61
10.07.2026,COMB-48-2026,JULIACA,21.1102
10.07.2026,COMB-48-2026,LIMA,19.47
10.07.2026,COMB-48-2026,MOLLENDO,20.4848
10.07.2026,COMB-48-2026,PISCO,19.3402
10.07.2026,COMB-48-2026,PIURA,19.3284
10.07.2026,COMB-48-2026,PTO. MALDONADO,17.6783
10.07.2026,COMB-48-2026,PUCALLPA,16.72
10.07.2026,COMB-48-2026,SALAVERRY,19.175
10.07.2026,COMB-48-2026,SUPE,19.6942
10.07.2026,COMB-48-2026,TALARA,19.1278
10.07.2026,COMB-48-2026,TARAPOTO,21.3993
10.07.2026,COMB-48-2026,YURIMAGUAS,16.76
10.11.2022,COMB-52-2022,CHIMBOTE,24.2608
10.11.2022,COMB-52-2022,CUSCO,24.9098
10.11.2022,COMB-52-2022,EL MILAGRO,24.426
10.11.2022,COMB-52-2022,ETEN,24.3906
10.11.2022,COMB-52-2022,ILO,24.6974
10.11.2022,COMB-52-2022,JULIACA,24.9688
10.11.2022,COMB-52-2022,LIMA,24.0956
10.11.2022,COMB-52-2022,MOLLENDO,24.6502
10.11.2022,COMB-52-2022,PISCO,24.3316
10.11.2022,COMB-52-2022,PIURA,24.2962
10.11.2022,COMB-52-2022,PTO. MALDONADO,20.94
10.11.2022,COMB-52-2022,SALAVERRY,24.4142
10.11.2022,COMB-52-2022,SUPE,24.131
10.11.2022,COMB-52-2022,TALARA,24.0956
10.11.2022,COMB-52-2022,TARAPOTO,24.5735
10.11.2023,COMB-58-2023,CHIMBOTE,21.9834
10.11.2023,COMB-58-2023,CUSCO,22.9628
10.11.2023,COMB-58-2023,EL MILAGRO,22.42
10.11.2023,COMB-58-2023,ETEN,21.9952
10.11.2023,COMB-58-2023,ILO,22.5498
10.11.2023,COMB-58-2023,IQUITOS,16.79
10.11.2023,COMB-58-2023,JULIACA,22.8566
10.11.2023,COMB-58-2023,LIMA,21.7002
10.11.2023,COMB-58-2023,MOLLENDO,22.3728
10.11.2023,COMB-58-2023,PISCO,22.0542
10.11.2023,COMB-58-2023,PIURA,21.9008
10.11.2023,COMB-58-2023,PTO. MALDONADO,19.01
10.11.2023,COMB-58-2023,PUCALLPA,16.78
10.11.2023,COMB-58-2023,SALAVERRY,22.0188
10.11.2023,COMB-58-2023,SUPE,21.8536
10.11.2023,COMB-58-2023,TALARA,21.7002
10.11.2023,COMB-58-2023,TARAPOTO,22.7681
10.11.2023,COMB-58-2023,YURIMAGUAS,17.21
10.12.2021,COMB-62-2021,CHIMBOTE,14.9152
10.12.2021,COMB-62-2021,CUSCO,15.5642
10.12.2021,COMB-62-2021,EL MILAGRO,15.0804
10.12.2021,COMB-62-2021,ETEN,15.045
10.12.2021,COMB-62-2021,ILO,15.3518
10.12.2021,COMB-62-2021,JULIACA,15.6232
10.12.2021,COMB-62-2021,LIMA,14.75
10.12.2021,COMB-62-2021,MOLLENDO,15.3046
10.12.2021,COMB-62-2021,PISCO,14.986
10.12.2021,COMB-62-2021,PIURA,14.9506
10.12.2021,COMB-62-2021,PTO. MALDONADO,13.02
10.12.2021,COMB-62-2021,SALAVERRY,15.0686
10.12.2021,COMB-62-2021,SUPE,14.7854
10.12.2021,COMB-62-2021,TALARA,14.75
10.12.2021,COMB-62-2021,TARAPOTO,15.2279
10.12.2024,COMB-64-2024,CHIMBOTE,15.7294
10.12.2024,COMB-64-2024,CUSCO,16.7088
10.12.2024,COMB-64-2024,EL MILAGRO,16.9802
10.12.2024,COMB-64-2024,ETEN,15.7412
10.12.2024,COMB-64-2024,ILO,16.2958
10.12.2024,COMB-64-2024,IQUITOS,12.18
10.12.2024,COMB-64-2024,JULIACA,16.6026
10.12.2024,COMB-64-2024,LIMA,15.4462
10.12.2024,COMB-64-2024,MOLLENDO,16.1188
10.12.2024,COMB-64-2024,PISCO,15.8002
10.12.2024,COMB-64-2024,PIURA,15.6468
10.12.2024,COMB-64-2024,PTO. MALDONADO,14.4
10.12.2024,COMB-64-2024,PUCALLPA,12.17
10.12.2024,COMB-64-2024,SALAVERRY,15.7648
10.12.2024,COMB-64-2024,SUPE,15.5996
10.12.2024,COMB-64-2024,TALARA,15.4462
10.12.2024,COMB-64-2024,TARAPOTO,17.3755
10.12.2024,COMB-64-2024,YURIMAGUAS,12.6
10.12.2025,COMB-78-2025,CHIMBOTE,13.4992
10.12.2025,COMB-78-2025,CUSCO,15.5642
10.12.2025,COMB-78-2025,EL MILAGRO,15.0804
10.12.2025,COMB-78-2025,ETEN,14.101
10.12.2025,COMB-78-2025,ILO,14.8326
10.12.2025,COMB-78-2025,IQUITOS,11.94
10.12.2025,COMB-78-2025,JULIACA,15.458
10.12.2025,COMB-78-2025,LIMA,13.864999999999998
10.12.2025,COMB-78-2025,MOLLENDO,14.986
10.12.2025,COMB-78-2025,PISCO,14.16
10.12.2025,COMB-78-2025,PIURA,13.0626
10.12.2025,COMB-78-2025,PTO. MALDONADO,13.2983
10.12.2025,COMB-78-2025,PUCALLPA,11.93
10.12.2025,COMB-78-2025,SALAVERRY,14.3606
10.12.2025,COMB-78-2025,SUPE,13.9594
10.12.2025,COMB-78-2025,TALARA,12.862
10.12.2025,COMB-78-2025,TARAPOTO,15.4757
10.12.2025,COMB-78-2025,YURIMAGUAS,12.36
11.02.2021,COMB-06-2021,CHIMBOTE,11.6348
11.02.2021,COMB-06-2021,CUSCO,12.2838
11.02.2021,COMB-06-2021,EL MILAGRO,11.8
11.02.2021,COMB-06-2021,ETEN,11.7646
11.02.2021,COMB-06-2021,ILO,12.0714
11.02.2021,COMB-06-2021,IQUITOS,8.49
11.02.2021,COMB-06-2021,JULIACA,12.3428
11.02.2021,COMB-06-2021,LIMA,11.4696
11.02.2021,COMB-06-2021,MOLLENDO,12.0242
11.02.2021,COMB-06-2021,PISCO,11.7056
11.02.2021,COMB-06-2021,PIURA,11.6702
11.02.2021,COMB-06-2021,PTO. MALDONADO,10.24
11.02.2021,COMB-06-2021,PUCALLPA,8.48
11.02.2021,COMB-06-2021,SALAVERRY,11.7882
11.02.2021,COMB-06-2021,SUPE,11.564
11.02.2021,COMB-06-2021,TALARA,11.4696
11.02.2021,COMB-06-2021,TARAPOTO,11.9475
11.02.2021,COMB-06-2021,YURIMAGUAS,8.91
11.02.2025,COMB-13-2025,CHIMBOTE,16.1306
11.02.2025,COMB-13-2025,CUSCO,17.11
11.02.2025,COMB-13-2025,EL MILAGRO,17.3814
11.02.2025,COMB-13-2025,ETEN,16.1424
11.02.2025,COMB-13-2025,ILO,16.697
11.02.2025,COMB-13-2025,IQUITOS,12.52
11.02.2025,COMB-13-2025,JULIACA,17.0038
11.02.2025,COMB-13-2025,LIMA,15.8474
11.02.2025,COMB-13-2025,MOLLENDO,16.52
11.02.2025,COMB-13-2025,PISCO,16.2014
11.02.2025,COMB-13-2025,PIURA,16.048
11.02.2025,COMB-13-2025,PTO. MALDONADO,14.54
11.02.2025,COMB-13-2025,PUCALLPA,12.51
11.02.2025,COMB-13-2025,SALAVERRY,16.166
11.02.2025,COMB-13-2025,SUPE,16.0008
11.02.2025,COMB-13-2025,TALARA,15.8474
11.02.2025,COMB-13-2025,TARAPOTO,17.7767
11.02.2025,COMB-13-2025,YURIMAGUAS,12.94
11.03.2021,COMB-10-2021,CHIMBOTE,12.862
11.03.2021,COMB-10-2021,CUSCO,13.511
11.03.2021,COMB-10-2021,EL MILAGRO,13.0272
11.03.2021,COMB-10-2021,ETEN,12.9918
11.03.2021,COMB-10-2021,ILO,13.2986
11.03.2021,COMB-10-2021,JULIACA,13.57
11.03.2021,COMB-10-2021,LIMA,12.6968
11.03.2021,COMB-10-2021,MOLLENDO,13.2514
11.03.2021,COMB-10-2021,PISCO,12.9328
11.03.2021,COMB-10-2021,PIURA,12.8974
11.03.2021,COMB-10-2021,PTO. MALDONADO,11.28
11.03.2021,COMB-10-2021,SALAVERRY,13.0154
11.03.2021,COMB-10-2021,SUPE,12.7912
11.03.2021,COMB-10-2021,TALARA,12.6968
11.03.2021,COMB-10-2021,TARAPOTO,13.1747
11.03.2025,COMB-20-2025,CHIMBOTE,15.4226
11.03.2025,COMB-20-2025,CUSCO,16.402
11.03.2025,COMB-20-2025,EL MILAGRO,16.6734
11.03.2025,COMB-20-2025,ETEN,15.4344
11.03.2025,COMB-20-2025,ILO,15.989
11.03.2025,COMB-20-2025,IQUITOS,11.92
11.03.2025,COMB-20-2025,JULIACA,16.2958
11.03.2025,COMB-20-2025,LIMA,15.1394
11.03.2025,COMB-20-2025,MOLLENDO,15.812
11.03.2025,COMB-20-2025,PISCO,15.4934
11.03.2025,COMB-20-2025,PIURA,15.34
11.03.2025,COMB-20-2025,PTO. MALDONADO,13.94
11.03.2025,COMB-20-2025,PUCALLPA,11.91
11.03.2025,COMB-20-2025,SALAVERRY,15.458
11.03.2025,COMB-20-2025,SUPE,15.2928
11.03.2025,COMB-20-2025,TALARA,15.1394
11.03.2025,COMB-20-2025,TARAPOTO,17.0687
11.03.2025,COMB-20-2025,YURIMAGUAS,12.34
11.03.2026,COMB-14B-2026,CHIMBOTE,17.5112
11.03.2026,COMB-14B-2026,CUSCO,18.939
11.03.2026,COMB-14B-2026,EL MILAGRO,18.9626
11.03.2026,COMB-14B-2026,ETEN,18.113
11.03.2026,COMB-14B-2026,ILO,18.6086
11.03.2026,COMB-14B-2026,IQUITOS,15.65
11.03.2026,COMB-14B-2026,JULIACA,18.8328
11.03.2026,COMB-14B-2026,LIMA,17.877000000000002
11.03.2026,COMB-14B-2026,MOLLENDO,18.6558
11.03.2026,COMB-14B-2026,PISCO,18.526
11.03.2026,COMB-14B-2026,PIURA,16.6498
11.03.2026,COMB-14B-2026,PTO. MALDONADO,15.9083
11.03.2026,COMB-14B-2026,PUCALLPA,15.64
11.03.2026,COMB-14B-2026,SALAVERRY,18.3726
11.03.2026,COMB-14B-2026,SUPE,18.3254
11.03.2026,COMB-14B-2026,TALARA,16.4492
11.03.2026,COMB-14B-2026,TARAPOTO,19.3579
11.03.2026,COMB-14B-2026,YURIMAGUAS,16.07
11.06.2026,COMB-39-2026,CHIMBOTE,19.8476
11.06.2026,COMB-39-2026,CUSCO,21.9126
11.06.2026,COMB-39-2026,EL MILAGRO,22.007
11.06.2026,COMB-39-2026,ETEN,19.8358
11.06.2026,COMB-39-2026,ILO,22.066
11.06.2026,COMB-39-2026,IQUITOS,16.52
11.06.2026,COMB-39-2026,JULIACA,21.8064
11.06.2026,COMB-39-2026,LIMA,19.3166
11.06.2026,COMB-39-2026,MOLLENDO,21.6294
11.06.2026,COMB-39-2026,PISCO,19.765
11.06.2026,COMB-39-2026,PIURA,19.6942
11.06.2026,COMB-39-2026,PTO. MALDONADO,18.5283
11.06.2026,COMB-39-2026,PUCALLPA,16.58
11.06.2026,COMB-39-2026,SALAVERRY,20.532
11.06.2026,COMB-39-2026,SUPE,19.7768
11.06.2026,COMB-39-2026,TALARA,19.4936
11.06.2026,COMB-39-2026,TARAPOTO,22.4023
11.06.2026,COMB-39-2026,YURIMAGUAS,15.81
11.08.2023,COMB-39-2023,CHIMBOTE,20.7444
11.08.2023,COMB-39-2023,CUSCO,21.7238
11.08.2023,COMB-39-2023,EL MILAGRO,21.181
11.08.2023,COMB-39-2023,ETEN,20.7562
11.08.2023,COMB-39-2023,ILO,21.3108
11.08.2023,COMB-39-2023,IQUITOS,15.74
11.08.2023,COMB-39-2023,JULIACA,21.6176
11.08.2023,COMB-39-2023,LIMA,20.4612
11.08.2023,COMB-39-2023,MOLLENDO,21.1338
11.08.2023,COMB-39-2023,PISCO,20.8152
11.08.2023,COMB-39-2023,PIURA,20.6618
11.08.2023,COMB-39-2023,PTO. MALDONADO,17.96
11.08.2023,COMB-39-2023,PUCALLPA,15.73
11.08.2023,COMB-39-2023,SALAVERRY,20.7798
11.08.2023,COMB-39-2023,SUPE,20.6146
11.08.2023,COMB-39-2023,TALARA,20.4612
11.08.2023,COMB-39-2023,TARAPOTO,21.5291
11.08.2023,COMB-39-2023,YURIMAGUAS,16.16
11.08.2026,COMB-57-2026,CHIMBOTE,24.5558
11.08.2026,COMB-57-2026,CUSCO,25.8892
11.08.2026,COMB-57-2026,EL MILAGRO,25.7004
11.08.2026,COMB-57-2026,ETEN,24.721
11.08.2026,COMB-57-2026,ILO,25.5748
11.08.2026,COMB-57-2026,IQUITOS,22.01
11.08.2026,COMB-57-2026,JULIACA,25.9482
11.08.2026,COMB-57-2026,LIMA,24.662
11.08.2026,COMB-57-2026,MOLLENDO,25.3228
11.08.2026,COMB-57-2026,PISCO,24.5322
11.08.2026,COMB-57-2026,PIURA,24.8862
11.08.2026,COMB-57-2026,PTO. MALDONADO,21.7783
11.08.2026,COMB-57-2026,PUCALLPA,21.12
11.08.2026,COMB-57-2026,SALAVERRY,25.547
11.08.2026,COMB-57-2026,SUPE,24.8862
11.08.2026,COMB-57-2026,TALARA,24.6856
11.08.2026,COMB-57-2026,TARAPOTO,26.0131
11.08.2026,COMB-57-2026,YURIMAGUAS,20.87
11.09.2021,COMB-43-2021,CHIMBOTE,15.1512
11.09.2021,COMB-43-2021,CUSCO,15.8002
11.09.2021,COMB-43-2021,EL MILAGRO,15.3164
11.09.2021,COMB-43-2021,ETEN,15.281
11.09.2021,COMB-43-2021,ILO,15.5878
11.09.2021,COMB-43-2021,JULIACA,15.8592
11.09.2021,COMB-43-2021,LIMA,14.986
11.09.2021,COMB-43-2021,MOLLENDO,15.5406
11.09.2021,COMB-43-2021,PISCO,15.222
11.09.2021,COMB-43-2021,PIURA,15.1866
11.09.2021,COMB-43-2021,PTO. MALDONADO,13.22
11.09.2021,COMB-43-2021,SALAVERRY,15.3046
11.09.2021,COMB-43-2021,SUPE,15.0214
11.09.2021,COMB-43-2021,TALARA,14.986
11.09.2021,COMB-43-2021,TARAPOTO,15.4639
11.10.2024,COMB-50-2024,CHIMBOTE,15.4462
11.10.2024,COMB-50-2024,CUSCO,16.4256
11.10.2024,COMB-50-2024,EL MILAGRO,16.697
11.10.2024,COMB-50-2024,ETEN,15.458
11.10.2024,COMB-50-2024,ILO,16.0126
11.10.2024,COMB-50-2024,IQUITOS,11.94
11.10.2024,COMB-50-2024,JULIACA,16.3194
11.10.2024,COMB-50-2024,LIMA,15.163
11.10.2024,COMB-50-2024,MOLLENDO,15.8356
11.10.2024,COMB-50-2024,PISCO,15.517
11.10.2024,COMB-50-2024,PIURA,15.3636
11.10.2024,COMB-50-2024,PTO. MALDONADO,14.16
11.10.2024,COMB-50-2024,PUCALLPA,11.93
11.10.2024,COMB-50-2024,SALAVERRY,15.4816
11.10.2024,COMB-50-2024,SUPE,15.3164
11.10.2024,COMB-50-2024,TALARA,15.163
11.10.2024,COMB-50-2024,TARAPOTO,17.0923
11.10.2024,COMB-50-2024,YURIMAGUAS,12.36
11.11.2025,COMB-71-2025,CHIMBOTE,14.1364
11.11.2025,COMB-71-2025,CUSCO,15.4226
11.11.2025,COMB-71-2025,EL MILAGRO,15.3872
11.11.2025,COMB-71-2025,ETEN,14.1482
11.11.2025,COMB-71-2025,ILO,15.0096
11.11.2025,COMB-71-2025,IQUITOS,11.98
11.11.2025,COMB-71-2025,JULIACA,15.3164
11.11.2025,COMB-71-2025,LIMA,13.8532
11.11.2025,COMB-71-2025,MOLLENDO,14.8326
11.11.2025,COMB-71-2025,PISCO,14.2072
11.11.2025,COMB-71-2025,PIURA,13.3694
11.11.2025,COMB-71-2025,PTO. MALDONADO,14.26
11.11.2025,COMB-71-2025,PUCALLPA,11.97
11.11.2025,COMB-71-2025,SALAVERRY,14.4078
11.11.2025,COMB-71-2025,SUPE,14.0066
11.11.2025,COMB-71-2025,TALARA,13.1688
11.11.2025,COMB-71-2025,TARAPOTO,15.7825
11.11.2025,COMB-71-2025,YURIMAGUAS,12.4
12.01.2022,COMB-02-2022,CHIMBOTE,15.104
12.01.2022,COMB-02-2022,CUSCO,15.753
12.01.2022,COMB-02-2022,EL MILAGRO,15.2692
12.01.2022,COMB-02-2022,ETEN,15.2338
12.01.2022,COMB-02-2022,ILO,15.5406
12.01.2022,COMB-02-2022,JULIACA,15.812
12.01.2022,COMB-02-2022,LIMA,14.9388
12.01.2022,COMB-02-2022,MOLLENDO,15.4934
12.01.2022,COMB-02-2022,PISCO,15.1748
12.01.2022,COMB-02-2022,PIURA,15.1394
12.01.2022,COMB-02-2022,PTO. MALDONADO,13.18
12.01.2022,COMB-02-2022,SALAVERRY,15.2574
12.01.2022,COMB-02-2022,SUPE,14.9742
12.01.2022,COMB-02-2022,TALARA,14.9388
12.01.2022,COMB-02-2022,TARAPOTO,15.4167
12.01.2023,COMB-02-2023,CHIMBOTE,21.476
12.01.2023,COMB-02-2023,CUSCO,22.125
12.01.2023,COMB-02-2023,EL MILAGRO,21.6412
12.01.2023,COMB-02-2023,ETEN,21.6058
12.01.2023,COMB-02-2023,ILO,21.9126
12.01.2023,COMB-02-2023,JULIACA,22.184
12.01.2023,COMB-02-2023,LIMA,21.3108
12.01.2023,COMB-02-2023,MOLLENDO,21.8654
12.01.2023,COMB-02-2023,PISCO,21.5468
12.01.2023,COMB-02-2023,PIURA,21.5114
12.01.2023,COMB-02-2023,PTO. MALDONADO,18.58
12.01.2023,COMB-02-2023,SALAVERRY,21.6294
12.01.2023,COMB-02-2023,SUPE,21.3462
12.01.2023,COMB-02-2023,TALARA,21.3108
12.01.2023,COMB-02-2023,TARAPOTO,21.7887
12.01.2024,COMB-04-2024,CHIMBOTE,19.2576
12.01.2024,COMB-04-2024,CUSCO,20.237
12.01.2024,COMB-04-2024,EL MILAGRO,19.6942
12.01.2024,COMB-04-2024,ETEN,19.2694
12.01.2024,COMB-04-2024,ILO,19.824
12.01.2024,COMB-04-2024,IQUITOS,14.48
12.01.2024,COMB-04-2024,JULIACA,20.1308
12.01.2024,COMB-04-2024,LIMA,18.9744
12.01.2024,COMB-04-2024,MOLLENDO,19.647
12.01.2024,COMB-04-2024,PISCO,19.3284
12.01.2024,COMB-04-2024,PIURA,19.175
12.01.2024,COMB-04-2024,PTO. MALDONADO,16.7
12.01.2024,COMB-04-2024,PUCALLPA,14.47
12.01.2024,COMB-04-2024,SALAVERRY,19.293
12.01.2024,COMB-04-2024,SUPE,19.1278
12.01.2024,COMB-04-2024,TALARA,18.9744
12.01.2024,COMB-04-2024,TARAPOTO,20.0423
12.01.2024,COMB-04-2024,YURIMAGUAS,14.9
12.04.2024,COMB-20-2024,CHIMBOTE,18.1838
12.04.2024,COMB-20-2024,CUSCO,19.1632
12.04.2024,COMB-20-2024,EL MILAGRO,18.6204
12.04.2024,COMB-20-2024,ETEN,18.1956
12.04.2024,COMB-20-2024,ILO,18.7502
12.04.2024,COMB-20-2024,IQUITOS,13.57
12.04.2024,COMB-20-2024,JULIACA,19.057
12.04.2024,COMB-20-2024,LIMA,17.9006
12.04.2024,COMB-20-2024,MOLLENDO,18.5732
12.04.2024,COMB-20-2024,PISCO,18.2546
12.04.2024,COMB-20-2024,PIURA,18.1012
12.04.2024,COMB-20-2024,PTO. MALDONADO,15.79
12.04.2024,COMB-20-2024,PUCALLPA,13.56
12.04.2024,COMB-20-2024,SALAVERRY,18.2192
12.04.2024,COMB-20-2024,SUPE,18.054
12.04.2024,COMB-20-2024,TALARA,17.9006
12.04.2024,COMB-20-2024,TARAPOTO,18.9685
12.04.2024,COMB-20-2024,YURIMAGUAS,13.99
12.05.2022,COMB-23-2022,CHIMBOTE,23.1044
12.05.2022,COMB-23-2022,CUSCO,23.7534
12.05.2022,COMB-23-2022,EL MILAGRO,23.2696
12.05.2022,COMB-23-2022,ETEN,23.2342
12.05.2022,COMB-23-2022,ILO,23.541
12.05.2022,COMB-23-2022,JULIACA,23.8124
12.05.2022,COMB-23-2022,LIMA,22.9392
12.05.2022,COMB-23-2022,MOLLENDO,23.4938
12.05.2022,COMB-23-2022,PISCO,23.1752
12.05.2022,COMB-23-2022,PIURA,23.1398
12.05.2022,COMB-23-2022,PTO. MALDONADO,14.57
12.05.2022,COMB-23-2022,SALAVERRY,23.2578
12.05.2022,COMB-23-2022,SUPE,22.9746
12.05.2022,COMB-23-2022,TALARA,22.9392
12.05.2022,COMB-23-2022,TARAPOTO,23.4171
12.05.2023,COMB-21-2023,CHIMBOTE,19.6234
12.05.2023,COMB-21-2023,CUSCO,20.2724
12.05.2023,COMB-21-2023,EL MILAGRO,19.7886
12.05.2023,COMB-21-2023,ETEN,19.7532
12.05.2023,COMB-21-2023,ILO,20.06
12.05.2023,COMB-21-2023,IQUITOS,14.79
12.05.2023,COMB-21-2023,JULIACA,20.3314
12.05.2023,COMB-21-2023,LIMA,19.4582
12.05.2023,COMB-21-2023,MOLLENDO,20.0128
12.05.2023,COMB-21-2023,PISCO,19.6942
12.05.2023,COMB-21-2023,PIURA,19.6588
12.05.2023,COMB-21-2023,PTO. MALDONADO,17.01
12.05.2023,COMB-21-2023,PUCALLPA,14.78
12.05.2023,COMB-21-2023,SALAVERRY,19.7768
12.05.2023,COMB-21-2023,SUPE,19.4936
12.05.2023,COMB-21-2023,TALARA,19.4582
12.05.2023,COMB-21-2023,TARAPOTO,19.9361
12.05.2023,COMB-21-2023,YURIMAGUAS,15.21
12.05.2026,COMB-28-2026,CHIMBOTE,22.7386
12.05.2026,COMB-28-2026,CUSCO,23.4348
12.05.2026,COMB-28-2026,EL MILAGRO,23.2342
12.05.2026,COMB-28-2026,ETEN,23.4466
12.05.2026,COMB-28-2026,ILO,23.5882
12.05.2026,COMB-28-2026,IQUITOS,18.76
12.05.2026,COMB-28-2026,JULIACA,23.3286
12.05.2026,COMB-28-2026,LIMA,22.2312
12.05.2026,COMB-28-2026,MOLLENDO,23.1516
12.05.2026,COMB-28-2026,PISCO,23.0336
12.05.2026,COMB-28-2026,PIURA,20.9214
12.05.2026,COMB-28-2026,PTO. MALDONADO,19.7183
12.05.2026,COMB-28-2026,PUCALLPA,19.05
12.05.2026,COMB-28-2026,SALAVERRY,23.7062
12.05.2026,COMB-28-2026,SUPE,22.833
12.05.2026,COMB-28-2026,TALARA,20.7208
12.05.2026,COMB-28-2026,TARAPOTO,23.6295
12.05.2026,COMB-28-2026,YURIMAGUAS,17.25
12.06.2026,COMB-40-2026,CHIMBOTE,19.8476
12.06.2026,COMB-40-2026,CUSCO,21.9126
12.06.2026,COMB-40-2026,EL MILAGRO,22.007
12.06.2026,COMB-40-2026,ETEN,19.8358
12.06.2026,COMB-40-2026,ILO,22.066
12.06.2026,COMB-40-2026,IQUITOS,17.02
12.06.2026,COMB-40-2026,JULIACA,21.8064
12.06.2026,COMB-40-2026,LIMA,19.9066
12.06.2026,COMB-40-2026,MOLLENDO,21.6294
12.06.2026,COMB-40-2026,PISCO,20.355
12.06.2026,COMB-40-2026,PIURA,19.6942
12.06.2026,COMB-40-2026,PTO. MALDONADO,18.5283
12.06.2026,COMB-40-2026,PUCALLPA,17.08
12.06.2026,COMB-40-2026,SALAVERRY,20.532
12.06.2026,COMB-40-2026,SUPE,20.3668
12.06.2026,COMB-40-2026,TALARA,19.4936
12.06.2026,COMB-40-2026,TARAPOTO,22.4023
12.06.2026,COMB-40-2026,YURIMAGUAS,15.81
12.07.2024,COMB-36-2024,CHIMBOTE,18.1366
12.07.2024,COMB-36-2024,CUSCO,19.116
12.07.2024,COMB-36-2024,EL MILAGRO,18.5732
12.07.2024,COMB-36-2024,ETEN,18.1484
12.07.2024,COMB-36-2024,ILO,18.703
12.07.2024,COMB-36-2024,IQUITOS,13.53
12.07.2024,COMB-36-2024,JULIACA,19.0098
12.07.2024,COMB-36-2024,LIMA,17.8534
12.07.2024,COMB-36-2024,MOLLENDO,18.526
12.07.2024,COMB-36-2024,PISCO,18.2074
12.07.2024,COMB-36-2024,PIURA,18.054
12.07.2024,COMB-36-2024,PTO. MALDONADO,15.75
12.07.2024,COMB-36-2024,PUCALLPA,13.52
12.07.2024,COMB-36-2024,SALAVERRY,18.172
12.07.2024,COMB-36-2024,SUPE,18.0068
12.07.2024,COMB-36-2024,TALARA,17.8534
12.07.2024,COMB-36-2024,TARAPOTO,18.9685
12.07.2024,COMB-36-2024,YURIMAGUAS,13.95
12.08.2021,COMB-37-2021,CHIMBOTE,14.8444
12.08.2021,COMB-37-2021,CUSCO,15.4934
12.08.2021,COMB-37-2021,EL MILAGRO,15.0096
12.08.2021,COMB-37-2021,ETEN,14.9742
12.08.2021,COMB-37-2021,ILO,15.281
12.08.2021,COMB-37-2021,JULIACA,15.5524
12.08.2021,COMB-37-2021,LIMA,14.6792
12.08.2021,COMB-37-2021,MOLLENDO,15.2338
12.08.2021,COMB-37-2021,PISCO,14.9152
12.08.2021,COMB-37-2021,PIURA,14.8798
12.08.2021,COMB-37-2021,PTO. MALDONADO,12.96
12.08.2021,COMB-37-2021,SALAVERRY,14.9978
12.08.2021,COMB-37-2021,SUPE,14.7146
12.08.2021,COMB-37-2021,TALARA,14.6792
12.08.2021,COMB-37-2021,TARAPOTO,15.1571
12.08.2025,COMB-53-2025,CHIMBOTE,13.452
12.08.2025,COMB-53-2025,CUSCO,14.4314
12.08.2025,COMB-53-2025,EL MILAGRO,14.7028
12.08.2025,COMB-53-2025,ETEN,13.4638
12.08.2025,COMB-53-2025,ILO,14.0184
12.08.2025,COMB-53-2025,IQUITOS,11.37
12.08.2025,COMB-53-2025,JULIACA,14.3252
12.08.2025,COMB-53-2025,LIMA,13.1688
12.08.2025,COMB-53-2025,MOLLENDO,13.8414
12.08.2025,COMB-53-2025,PISCO,13.5228
12.08.2025,COMB-53-2025,PIURA,12.4726
12.08.2025,COMB-53-2025,PTO. MALDONADO,13.39
12.08.2025,COMB-53-2025,PUCALLPA,11.36
12.08.2025,COMB-53-2025,SALAVERRY,13.4874
12.08.2025,COMB-53-2025,SUPE,13.3222
12.08.2025,COMB-53-2025,TALARA,12.272
12.08.2025,COMB-53-2025,TARAPOTO,15.0981
12.08.2025,COMB-53-2025,YURIMAGUAS,11.79
12.11.2024,COMB-57-2024,CHIMBOTE,15.7884
12.11.2024,COMB-57-2024,CUSCO,16.7678
12.11.2024,COMB-57-2024,EL MILAGRO,17.0392
12.11.2024,COMB-57-2024,ETEN,15.8002
12.11.2024,COMB-57-2024,ILO,16.3548
12.11.2024,COMB-57-2024,IQUITOS,12.23
12.11.2024,COMB-57-2024,JULIACA,16.6616
12.11.2024,COMB-57-2024,LIMA,15.5052
12.11.2024,COMB-57-2024,MOLLENDO,16.1778
12.11.2024,COMB-57-2024,PISCO,15.8592
12.11.2024,COMB-57-2024,PIURA,15.7058
12.11.2024,COMB-57-2024,PTO. MALDONADO,14.45
12.11.2024,COMB-57-2024,PUCALLPA,12.22
12.11.2024,COMB-57-2024,SALAVERRY,15.8238
12.11.2024,COMB-57-2024,SUPE,15.6586
12.11.2024,COMB-57-2024,TALARA,15.5052
12.11.2024,COMB-57-2024,TARAPOTO,17.4345
12.11.2024,COMB-57-2024,YURIMAGUAS,12.65
13.01.2022,COMB-03-2022,CHIMBOTE,15.104
13.01.2022,COMB-03-2022,CUSCO,15.753
13.01.2022,COMB-03-2022,EL MILAGRO,15.2692
13.01.2022,COMB-03-2022,ETEN,15.2338
13.01.2022,COMB-03-2022,ILO,15.5406
13.01.2022,COMB-03-2022,JULIACA,15.812
13.01.2022,COMB-03-2022,LIMA,14.9388
13.01.2022,COMB-03-2022,MOLLENDO,15.4934
13.01.2022,COMB-03-2022,PISCO,15.1748
13.01.2022,COMB-03-2022,PIURA,15.1394
13.01.2022,COMB-03-2022,PTO. MALDONADO,13.18
13.01.2022,COMB-03-2022,SALAVERRY,15.2574
13.01.2022,COMB-03-2022,SUPE,14.9742
13.01.2022,COMB-03-2022,TALARA,14.9388
13.01.2022,COMB-03-2022,TARAPOTO,15.4167
13.01.2026,COMB-02-2026,CHIMBOTE,12.6614
13.01.2026,COMB-02-2026,CUSCO,14.4904
13.01.2026,COMB-02-2026,EL MILAGRO,14.2426
13.01.2026,COMB-02-2026,ETEN,13.2632
13.01.2026,COMB-02-2026,ILO,13.7588
13.01.2026,COMB-02-2026,IQUITOS,11.63
13.01.2026,COMB-02-2026,JULIACA,14.3842
13.01.2026,COMB-02-2026,LIMA,13.0272
13.01.2026,COMB-02-2026,MOLLENDO,13.9122
13.01.2026,COMB-02-2026,PISCO,13.6762
13.01.2026,COMB-02-2026,PIURA,12.2248
13.01.2026,COMB-02-2026,PTO. MALDONADO,11.6883
13.01.2026,COMB-02-2026,PUCALLPA,11.62
13.01.2026,COMB-02-2026,SALAVERRY,13.5228
13.01.2026,COMB-02-2026,SUPE,13.4756
13.01.2026,COMB-02-2026,TALARA,12.0242
13.01.2026,COMB-02-2026,TARAPOTO,14.6379
13.01.2026,COMB-02-2026,YURIMAGUAS,12.05
13.02.2025,COMB-14-2025,CHIMBOTE,16.1306
13.02.2025,COMB-14-2025,CUSCO,17.11
13.02.2025,COMB-14-2025,EL MILAGRO,17.3814
13.02.2025,COMB-14-2025,ETEN,16.1424
13.02.2025,COMB-14-2025,ILO,16.697
13.02.2025,COMB-14-2025,IQUITOS,12.52
13.02.2025,COMB-14-2025,JULIACA,17.0038
13.02.2025,COMB-14-2025,LIMA,15.8474
13.02.2025,COMB-14-2025,MOLLENDO,16.52
13.02.2025,COMB-14-2025,PISCO,16.2014
13.02.2025,COMB-14-2025,PIURA,16.048
13.02.2025,COMB-14-2025,PTO. MALDONADO,14.54
13.02.2025,COMB-14-2025,PUCALLPA,12.51
13.02.2025,COMB-14-2025,SALAVERRY,16.166
13.02.2025,COMB-14-2025,SUPE,16.0008
13.02.2025,COMB-14-2025,TALARA,15.8474
13.02.2025,COMB-14-2025,TARAPOTO,17.7767
13.02.2025,COMB-14-2025,YURIMAGUAS,12.94
13.05.2021,COMB-21-2021,CHIMBOTE,13.3576
13.05.2021,COMB-21-2021,CUSCO,14.0066
13.05.2021,COMB-21-2021,EL MILAGRO,13.5228
13.05.2021,COMB-21-2021,ETEN,13.4874
13.05.2021,COMB-21-2021,ILO,13.7942
13.05.2021,COMB-21-2021,JULIACA,14.0656
13.05.2021,COMB-21-2021,LIMA,13.1924
13.05.2021,COMB-21-2021,MOLLENDO,13.747
13.05.2021,COMB-21-2021,PISCO,13.4284
13.05.2021,COMB-21-2021,PIURA,13.393
13.05.2021,COMB-21-2021,PTO. MALDONADO,11.7
13.05.2021,COMB-21-2021,SALAVERRY,13.511
13.05.2021,COMB-21-2021,SUPE,13.2868
13.05.2021,COMB-21-2021,TALARA,13.1924
13.05.2021,COMB-21-2021,TARAPOTO,13.6703
13.05.2025,COMB-31-2025,CHIMBOTE,14.7972
13.05.2025,COMB-31-2025,CUSCO,15.7766
13.05.2025,COMB-31-2025,EL MILAGRO,16.048
13.05.2025,COMB-31-2025,ETEN,14.809
13.05.2025,COMB-31-2025,ILO,15.3636
13.05.2025,COMB-31-2025,IQUITOS,11.14
13.05.2025,COMB-31-2025,JULIACA,15.6704
13.05.2025,COMB-31-2025,LIMA,14.514
13.05.2025,COMB-31-2025,MOLLENDO,15.1866
13.05.2025,COMB-31-2025,PISCO,14.868
13.05.2025,COMB-31-2025,PIURA,14.7146
13.05.2025,COMB-31-2025,PTO. MALDONADO,13.16
13.05.2025,COMB-31-2025,PUCALLPA,11.13
13.05.2025,COMB-31-2025,SALAVERRY,14.8326
13.05.2025,COMB-31-2025,SUPE,14.6674
13.05.2025,COMB-31-2025,TALARA,14.514
13.05.2025,COMB-31-2025,TARAPOTO,16.4433
13.05.2025,COMB-31-2025,YURIMAGUAS,11.56
13.09.2024,COMB-46-2024,CHIMBOTE,15.9654
13.09.2024,COMB-46-2024,CUSCO,16.9448
13.09.2024,COMB-46-2024,EL MILAGRO,16.9802
13.09.2024,COMB-46-2024,ETEN,15.9772
13.09.2024,COMB-46-2024,ILO,16.5318
13.09.2024,COMB-46-2024,IQUITOS,12.18
13.09.2024,COMB-46-2024,JULIACA,16.8386
13.09.2024,COMB-46-2024,LIMA,15.6822
13.09.2024,COMB-46-2024,MOLLENDO,16.3548
13.09.2024,COMB-46-2024,PISCO,16.0362
13.09.2024,COMB-46-2024,PIURA,15.8828
13.09.2024,COMB-46-2024,PTO. MALDONADO,14.4
13.09.2024,COMB-46-2024,PUCALLPA,12.17
13.09.2024,COMB-46-2024,SALAVERRY,16.0008
13.09.2024,COMB-46-2024,SUPE,15.8356
13.09.2024,COMB-46-2024,TALARA,15.6822
13.09.2024,COMB-46-2024,TARAPOTO,17.3755
13.09.2024,COMB-46-2024,YURIMAGUAS,12.6
13.10.2022,COMB-47-2022,CHIMBOTE,22.9746
13.10.2022,COMB-47-2022,CUSCO,23.6236
13.10.2022,COMB-47-2022,EL MILAGRO,23.1398
13.10.2022,COMB-47-2022,ETEN,23.1044
13.10.2022,COMB-47-2022,ILO,23.4112
13.10.2022,COMB-47-2022,JULIACA,23.6826
13.10.2022,COMB-47-2022,LIMA,22.8094
13.10.2022,COMB-47-2022,MOLLENDO,23.364
13.10.2022,COMB-47-2022,PISCO,23.0454
13.10.2022,COMB-47-2022,PIURA,23.01
13.10.2022,COMB-47-2022,PTO. MALDONADO,19.85
13.10.2022,COMB-47-2022,SALAVERRY,23.128
13.10.2022,COMB-47-2022,SUPE,22.8448
13.10.2022,COMB-47-2022,TALARA,22.8094
13.10.2022,COMB-47-2022,TARAPOTO,23.2873
13.10.2023,COMB-52-2023,CHIMBOTE,22.9038
13.10.2023,COMB-52-2023,CUSCO,23.8832
13.10.2023,COMB-52-2023,EL MILAGRO,23.3404
13.10.2023,COMB-52-2023,ETEN,22.9156
13.10.2023,COMB-52-2023,ILO,23.4702
13.10.2023,COMB-52-2023,IQUITOS,17.57
13.10.2023,COMB-52-2023,JULIACA,23.777
13.10.2023,COMB-52-2023,LIMA,22.6206
13.10.2023,COMB-52-2023,MOLLENDO,23.2932
13.10.2023,COMB-52-2023,PISCO,22.9746
13.10.2023,COMB-52-2023,PIURA,22.8212
13.10.2023,COMB-52-2023,PTO. MALDONADO,19.79
13.10.2023,COMB-52-2023,PUCALLPA,17.56
13.10.2023,COMB-52-2023,SALAVERRY,22.9392
13.10.2023,COMB-52-2023,SUPE,22.774
13.10.2023,COMB-52-2023,TALARA,22.6206
13.10.2023,COMB-52-2023,TARAPOTO,23.6885
13.10.2023,COMB-52-2023,YURIMAGUAS,17.99
13.12.2024,COMB-65-2024,CHIMBOTE,15.7294
13.12.2024,COMB-65-2024,CUSCO,16.7088
13.12.2024,COMB-65-2024,EL MILAGRO,16.9802
13.12.2024,COMB-65-2024,ETEN,15.7412
13.12.2024,COMB-65-2024,ILO,16.2958
13.12.2024,COMB-65-2024,IQUITOS,12.18
13.12.2024,COMB-65-2024,JULIACA,16.6026
13.12.2024,COMB-65-2024,LIMA,15.4462
13.12.2024,COMB-65-2024,MOLLENDO,16.1188
13.12.2024,COMB-65-2024,PISCO,15.8002
13.12.2024,COMB-65-2024,PIURA,15.6468
13.12.2024,COMB-65-2024,PTO. MALDONADO,14.4
13.12.2024,COMB-65-2024,PUCALLPA,12.17
13.12.2024,COMB-65-2024,SALAVERRY,15.7648
13.12.2024,COMB-65-2024,SUPE,15.5996
13.12.2024,COMB-65-2024,TALARA,15.4462
13.12.2024,COMB-65-2024,TARAPOTO,17.3755
13.12.2024,COMB-65-2024,YURIMAGUAS,12.6
14.01.2025,COMB-04-2025,CHIMBOTE,16.0598
14.01.2025,COMB-04-2025,CUSCO,17.0392
14.01.2025,COMB-04-2025,EL MILAGRO,17.3106
14.01.2025,COMB-04-2025,ETEN,16.0716
14.01.2025,COMB-04-2025,ILO,16.6262
14.01.2025,COMB-04-2025,IQUITOS,12.46
14.01.2025,COMB-04-2025,JULIACA,16.933
14.01.2025,COMB-04-2025,LIMA,15.7766
14.01.2025,COMB-04-2025,MOLLENDO,16.4492
14.01.2025,COMB-04-2025,PISCO,16.1306
14.01.2025,COMB-04-2025,PIURA,15.9772
14.01.2025,COMB-04-2025,PTO. MALDONADO,14.48
14.01.2025,COMB-04-2025,PUCALLPA,12.45
14.01.2025,COMB-04-2025,SALAVERRY,16.0952
14.01.2025,COMB-04-2025,SUPE,15.93
14.01.2025,COMB-04-2025,TALARA,15.7766
14.01.2025,COMB-04-2025,TARAPOTO,17.7059
14.01.2025,COMB-04-2025,YURIMAGUAS,12.88
14.02.2022,COMB-10-2022,CHIMBOTE,17.0038
14.02.2022,COMB-10-2022,CUSCO,17.6528
14.02.2022,COMB-10-2022,EL MILAGRO,17.169
14.02.2022,COMB-10-2022,ETEN,17.1336
14.02.2022,COMB-10-2022,ILO,17.4404
14.02.2022,COMB-10-2022,JULIACA,17.7118
14.02.2022,COMB-10-2022,LIMA,16.8386
14.02.2022,COMB-10-2022,MOLLENDO,17.3932
14.02.2022,COMB-10-2022,PISCO,17.0746
14.02.2022,COMB-10-2022,PIURA,17.0392
14.02.2022,COMB-10-2022,PTO. MALDONADO,14.79
14.02.2022,COMB-10-2022,SALAVERRY,17.1572
14.02.2022,COMB-10-2022,SUPE,16.874
14.02.2022,COMB-10-2022,TALARA,16.8386
14.02.2022,COMB-10-2022,TARAPOTO,17.3165
14.04.2023,COMB-17-2023,CHIMBOTE,20.6618
14.04.2023,COMB-17-2023,CUSCO,21.3108
14.04.2023,COMB-17-2023,EL MILAGRO,20.827
14.04.2023,COMB-17-2023,ETEN,20.7916
14.04.2023,COMB-17-2023,ILO,21.0984
14.04.2023,COMB-17-2023,IQUITOS,15.67
14.04.2023,COMB-17-2023,JULIACA,21.3698
14.04.2023,COMB-17-2023,LIMA,20.4966
14.04.2023,COMB-17-2023,MOLLENDO,21.0512
14.04.2023,COMB-17-2023,PISCO,20.7326
14.04.2023,COMB-17-2023,PIURA,20.6972
14.04.2023,COMB-17-2023,PTO. MALDONADO,17.89
14.04.2023,COMB-17-2023,PUCALLPA,15.66
14.04.2023,COMB-17-2023,SALAVERRY,20.8152
14.04.2023,COMB-17-2023,SUPE,20.532
14.04.2023,COMB-17-2023,TALARA,20.4966
14.04.2023,COMB-17-2023,TARAPOTO,20.9745
14.04.2023,COMB-17-2023,YURIMAGUAS,16.09
14.04.2026,COMB-21-2026,CHIMBOTE,21.6176
14.04.2026,COMB-21-2026,CUSCO,25.4998
14.04.2026,COMB-21-2026,EL MILAGRO,23.423
14.04.2026,COMB-21-2026,ETEN,24.5676
14.04.2026,COMB-21-2026,ILO,25.0632
14.04.2026,COMB-21-2026,IQUITOS,19.01
14.04.2026,COMB-21-2026,JULIACA,25.3936
14.04.2026,COMB-21-2026,LIMA,22.9156
14.04.2026,COMB-21-2026,MOLLENDO,25.2166
14.04.2026,COMB-21-2026,PISCO,24.7446
14.04.2026,COMB-21-2026,PIURA,21.1102
14.04.2026,COMB-21-2026,PTO. MALDONADO,21.4683
14.04.2026,COMB-21-2026,PUCALLPA,19.0
14.04.2026,COMB-21-2026,SALAVERRY,24.8272
14.04.2026,COMB-21-2026,SUPE,23.364
14.04.2026,COMB-21-2026,TALARA,20.9096
14.04.2026,COMB-21-2026,TARAPOTO,23.8183
14.04.2026,COMB-21-2026,YURIMAGUAS,19.14
14.06.2024,COMB-31-2024,CHIMBOTE,16.933
14.06.2024,COMB-31-2024,CUSCO,17.9124
14.06.2024,COMB-31-2024,EL MILAGRO,17.3696
14.06.2024,COMB-31-2024,ETEN,16.9448
14.06.2024,COMB-31-2024,ILO,17.4994
14.06.2024,COMB-31-2024,IQUITOS,12.51
14.06.2024,COMB-31-2024,JULIACA,17.8062
14.06.2024,COMB-31-2024,LIMA,16.6498
14.06.2024,COMB-31-2024,MOLLENDO,17.3224
14.06.2024,COMB-31-2024,PISCO,17.0038
14.06.2024,COMB-31-2024,PIURA,16.8504
14.06.2024,COMB-31-2024,PTO. MALDONADO,14.73
14.06.2024,COMB-31-2024,PUCALLPA,12.5
14.06.2024,COMB-31-2024,SALAVERRY,16.9684
14.06.2024,COMB-31-2024,SUPE,16.8032
14.06.2024,COMB-31-2024,TALARA,16.6498
14.06.2024,COMB-31-2024,TARAPOTO,17.7649
14.06.2024,COMB-31-2024,YURIMAGUAS,12.93
14.07.2022,COMB-32-2022,CHIMBOTE,24.2962
14.07.2022,COMB-32-2022,CUSCO,24.9452
14.07.2022,COMB-32-2022,EL MILAGRO,24.4614
14.07.2022,COMB-32-2022,ETEN,24.426
14.07.2022,COMB-32-2022,ILO,24.7328
14.07.2022,COMB-32-2022,JULIACA,25.0042
14.07.2022,COMB-32-2022,LIMA,24.131
14.07.2022,COMB-32-2022,MOLLENDO,24.6856
14.07.2022,COMB-32-2022,PISCO,24.367
14.07.2022,COMB-32-2022,PIURA,24.3316
14.07.2022,COMB-32-2022,PTO. MALDONADO,20.97
14.07.2022,COMB-32-2022,SALAVERRY,24.4496
14.07.2022,COMB-32-2022,SUPE,24.1664
14.07.2022,COMB-32-2022,TALARA,24.131
14.07.2022,COMB-32-2022,TARAPOTO,24.6089
14.07.2023,COMB-33-2023,CHIMBOTE,18.3726
14.07.2023,COMB-33-2023,CUSCO,19.352
14.07.2023,COMB-33-2023,EL MILAGRO,18.8092
14.07.2023,COMB-33-2023,ETEN,18.3844
14.07.2023,COMB-33-2023,ILO,18.939
14.07.2023,COMB-33-2023,IQUITOS,13.73
14.07.2023,COMB-33-2023,JULIACA,19.2458
14.07.2023,COMB-33-2023,LIMA,18.0894
14.07.2023,COMB-33-2023,MOLLENDO,18.762
14.07.2023,COMB-33-2023,PISCO,18.4434
14.07.2023,COMB-33-2023,PIURA,18.29
14.07.2023,COMB-33-2023,PTO. MALDONADO,15.95
14.07.2023,COMB-33-2023,PUCALLPA,13.72
14.07.2023,COMB-33-2023,SALAVERRY,18.408
14.07.2023,COMB-33-2023,SUPE,18.2428
14.07.2023,COMB-33-2023,TALARA,18.0894
14.07.2023,COMB-33-2023,TARAPOTO,19.1573
14.07.2023,COMB-33-2023,YURIMAGUAS,14.15
14.07.2026,COMB-49-2026,CHIMBOTE,20.0246
14.07.2026,COMB-49-2026,CUSCO,21.948
14.07.2026,COMB-49-2026,EL MILAGRO,21.7474
14.07.2026,COMB-49-2026,ETEN,20.178
14.07.2026,COMB-49-2026,ILO,21.6336
14.07.2026,COMB-49-2026,IQUITOS,18.17
14.07.2026,COMB-49-2026,JULIACA,22.007
14.07.2026,COMB-49-2026,LIMA,20.1308
14.07.2026,COMB-49-2026,MOLLENDO,21.3816
14.07.2026,COMB-49-2026,PISCO,20.001
14.07.2026,COMB-49-2026,PIURA,19.9892
14.07.2026,COMB-49-2026,PTO. MALDONADO,18.4383
14.07.2026,COMB-49-2026,PUCALLPA,17.28
14.07.2026,COMB-49-2026,SALAVERRY,20.4258
14.07.2026,COMB-49-2026,SUPE,20.355
14.07.2026,COMB-49-2026,TALARA,19.7886
14.07.2026,COMB-49-2026,TARAPOTO,22.0601
14.07.2026,COMB-49-2026,YURIMAGUAS,17.32
14.09.2021,COMB-44-2021,CHIMBOTE,15.1512
14.09.2021,COMB-44-2021,CUSCO,15.8002
14.09.2021,COMB-44-2021,EL MILAGRO,15.3164
14.09.2021,COMB-44-2021,ETEN,15.281
14.09.2021,COMB-44-2021,ILO,15.5878
14.09.2021,COMB-44-2021,JULIACA,15.8592
14.09.2021,COMB-44-2021,LIMA,14.986
14.09.2021,COMB-44-2021,MOLLENDO,15.5406
14.09.2021,COMB-44-2021,PISCO,15.222
14.09.2021,COMB-44-2021,PIURA,15.1866
14.09.2021,COMB-44-2021,PTO. MALDONADO,13.22
14.09.2021,COMB-44-2021,SALAVERRY,15.3046
14.09.2021,COMB-44-2021,SUPE,15.0214
14.09.2021,COMB-44-2021,TALARA,14.986
14.09.2021,COMB-44-2021,TARAPOTO,15.4639
14.10.2021,COMB-49-2021,CHIMBOTE,16.6144
14.10.2021,COMB-49-2021,CUSCO,17.2634
14.10.2021,COMB-49-2021,EL MILAGRO,16.7796
14.10.2021,COMB-49-2021,ETEN,16.7442
14.10.2021,COMB-49-2021,ILO,17.051
14.10.2021,COMB-49-2021,JULIACA,17.3224
14.10.2021,COMB-49-2021,LIMA,16.4492
14.10.2021,COMB-49-2021,MOLLENDO,17.0038
14.10.2021,COMB-49-2021,PISCO,16.6852
14.10.2021,COMB-49-2021,PIURA,16.6498
14.10.2021,COMB-49-2021,PTO. MALDONADO,14.46
14.10.2021,COMB-49-2021,SALAVERRY,16.7678
14.10.2021,COMB-49-2021,SUPE,16.4846
14.10.2021,COMB-49-2021,TALARA,16.4492
14.10.2021,COMB-49-2021,TARAPOTO,16.9271
14.10.2025,COMB-66-2025,CHIMBOTE,13.4756
14.10.2025,COMB-66-2025,CUSCO,14.7618
14.10.2025,COMB-66-2025,EL MILAGRO,14.7264
14.10.2025,COMB-66-2025,ETEN,13.4874
14.10.2025,COMB-66-2025,ILO,14.3488
14.10.2025,COMB-66-2025,IQUITOS,11.42
14.10.2025,COMB-66-2025,JULIACA,14.6556
14.10.2025,COMB-66-2025,LIMA,13.1924
14.10.2025,COMB-66-2025,MOLLENDO,14.1718
14.10.2025,COMB-66-2025,PISCO,13.5464
14.10.2025,COMB-66-2025,PIURA,12.7086
14.10.2025,COMB-66-2025,PTO. MALDONADO,13.7
14.10.2025,COMB-66-2025,PUCALLPA,11.41
14.10.2025,COMB-66-2025,SALAVERRY,13.511
14.10.2025,COMB-66-2025,SUPE,13.3458
14.10.2025,COMB-66-2025,TALARA,12.508
14.10.2025,COMB-66-2025,TARAPOTO,15.1217
14.10.2025,COMB-66-2025,YURIMAGUAS,11.84
14.11.2024,COMB-58-2024,CHIMBOTE,15.7884
14.11.2024,COMB-58-2024,CUSCO,16.7678
14.11.2024,COMB-58-2024,EL MILAGRO,17.0392
14.11.2024,COMB-58-2024,ETEN,15.8002
14.11.2024,COMB-58-2024,ILO,16.3548
14.11.2024,COMB-58-2024,IQUITOS,12.23
14.11.2024,COMB-58-2024,JULIACA,16.6616
14.11.2024,COMB-58-2024,LIMA,15.5052
14.11.2024,COMB-58-2024,MOLLENDO,16.1778
14.11.2024,COMB-58-2024,PISCO,15.8592
14.11.2024,COMB-58-2024,PIURA,15.7058
14.11.2024,COMB-58-2024,PTO. MALDONADO,14.45
14.11.2024,COMB-58-2024,PUCALLPA,12.22
14.11.2024,COMB-58-2024,SALAVERRY,15.8238
14.11.2024,COMB-58-2024,SUPE,15.6586
14.11.2024,COMB-58-2024,TALARA,15.5052
14.11.2024,COMB-58-2024,TARAPOTO,17.4345
14.11.2024,COMB-58-2024,YURIMAGUAS,12.65
14.11.2025,COMB-72-2025,CHIMBOTE,14.1364
14.11.2025,COMB-72-2025,CUSCO,15.4226
14.11.2025,COMB-72-2025,EL MILAGRO,15.3872
14.11.2025,COMB-72-2025,ETEN,14.1482
14.11.2025,COMB-72-2025,ILO,15.0096
14.11.2025,COMB-72-2025,IQUITOS,11.98
14.11.2025,COMB-72-2025,JULIACA,15.3164
14.11.2025,COMB-72-2025,LIMA,13.8532
14.11.2025,COMB-72-2025,MOLLENDO,14.8326
14.11.2025,COMB-72-2025,PISCO,14.2072
14.11.2025,COMB-72-2025,PIURA,13.3694
14.11.2025,COMB-72-2025,PTO. MALDONADO,14.26
14.11.2025,COMB-72-2025,PUCALLPA,11.97
14.11.2025,COMB-72-2025,SALAVERRY,14.4078
14.11.2025,COMB-72-2025,SUPE,14.0066
14.11.2025,COMB-72-2025,TALARA,13.1688
14.11.2025,COMB-72-2025,TARAPOTO,15.7825
14.11.2025,COMB-72-2025,YURIMAGUAS,12.4
15.03.2024,COMB-15-2024,CHIMBOTE,18.172
15.03.2024,COMB-15-2024,CUSCO,19.1514
15.03.2024,COMB-15-2024,EL MILAGRO,18.6086
15.03.2024,COMB-15-2024,ETEN,18.1838
15.03.2024,COMB-15-2024,ILO,18.7384
15.03.2024,COMB-15-2024,IQUITOS,13.56
15.03.2024,COMB-15-2024,JULIACA,19.0452
15.03.2024,COMB-15-2024,LIMA,17.8888
15.03.2024,COMB-15-2024,MOLLENDO,18.5614
15.03.2024,COMB-15-2024,PISCO,18.2428
15.03.2024,COMB-15-2024,PIURA,18.0894
15.03.2024,COMB-15-2024,PTO. MALDONADO,15.78
15.03.2024,COMB-15-2024,PUCALLPA,13.55
15.03.2024,COMB-15-2024,SALAVERRY,18.2074
15.03.2024,COMB-15-2024,SUPE,18.0422
15.03.2024,COMB-15-2024,TALARA,17.8888
15.03.2024,COMB-15-2024,TARAPOTO,18.9567
15.03.2024,COMB-15-2024,YURIMAGUAS,13.98
15.04.2021,COMB-16-2021,CHIMBOTE,12.2838
15.04.2021,COMB-16-2021,CUSCO,12.9328
15.04.2021,COMB-16-2021,EL MILAGRO,12.449
15.04.2021,COMB-16-2021,ETEN,12.4136
15.04.2021,COMB-16-2021,ILO,12.7204
15.04.2021,COMB-16-2021,JULIACA,12.9918
15.04.2021,COMB-16-2021,LIMA,12.1186
15.04.2021,COMB-16-2021,MOLLENDO,12.6732
15.04.2021,COMB-16-2021,PISCO,12.3546
15.04.2021,COMB-16-2021,PIURA,12.3192
15.04.2021,COMB-16-2021,PTO. MALDONADO,10.79
15.04.2021,COMB-16-2021,SALAVERRY,12.4372
15.04.2021,COMB-16-2021,SUPE,12.213
15.04.2021,COMB-16-2021,TALARA,12.1186
15.04.2021,COMB-16-2021,TARAPOTO,12.5965
15.04.2025,COMB-26-2025,CHIMBOTE,15.1866
15.04.2025,COMB-26-2025,CUSCO,16.166
15.04.2025,COMB-26-2025,EL MILAGRO,16.4374
15.04.2025,COMB-26-2025,ETEN,15.1984
15.04.2025,COMB-26-2025,ILO,15.753
15.04.2025,COMB-26-2025,IQUITOS,11.72
15.04.2025,COMB-26-2025,JULIACA,16.0598
15.04.2025,COMB-26-2025,LIMA,14.9034
15.04.2025,COMB-26-2025,MOLLENDO,15.576
15.04.2025,COMB-26-2025,PISCO,15.2574
15.04.2025,COMB-26-2025,PIURA,15.104
15.04.2025,COMB-26-2025,PTO. MALDONADO,13.74
15.04.2025,COMB-26-2025,PUCALLPA,11.71
15.04.2025,COMB-26-2025,SALAVERRY,15.222
15.04.2025,COMB-26-2025,SUPE,15.0568
15.04.2025,COMB-26-2025,TALARA,14.9034
15.04.2025,COMB-26-2025,TARAPOTO,16.8327
15.04.2025,COMB-26-2025,YURIMAGUAS,12.14
15.07.2021,COMB-33-2021,CHIMBOTE,14.396
15.07.2021,COMB-33-2021,CUSCO,15.045
15.07.2021,COMB-33-2021,EL MILAGRO,14.5612
15.07.2021,COMB-33-2021,ETEN,14.5258
15.07.2021,COMB-33-2021,ILO,14.8326
15.07.2021,COMB-33-2021,JULIACA,15.104
15.07.2021,COMB-33-2021,LIMA,14.2308
15.07.2021,COMB-33-2021,MOLLENDO,14.7854
15.07.2021,COMB-33-2021,PISCO,14.4668
15.07.2021,COMB-33-2021,PIURA,14.4314
15.07.2021,COMB-33-2021,PTO. MALDONADO,12.58
15.07.2021,COMB-33-2021,SALAVERRY,14.5494
15.07.2021,COMB-33-2021,SUPE,14.3252
15.07.2021,COMB-33-2021,TALARA,14.2308
15.07.2021,COMB-33-2021,TARAPOTO,14.7087
15.09.2022,COMB-43-2022,CHIMBOTE,23.1162
15.09.2022,COMB-43-2022,CUSCO,23.7652
15.09.2022,COMB-43-2022,EL MILAGRO,23.2814
15.09.2022,COMB-43-2022,ETEN,23.246
15.09.2022,COMB-43-2022,ILO,23.5528
15.09.2022,COMB-43-2022,IQUITOS,17.76
15.09.2022,COMB-43-2022,JULIACA,23.8242
15.09.2022,COMB-43-2022,LIMA,22.951
15.09.2022,COMB-43-2022,MOLLENDO,23.5056
15.09.2022,COMB-43-2022,PISCO,23.187
15.09.2022,COMB-43-2022,PIURA,23.1516
15.09.2022,COMB-43-2022,PTO. MALDONADO,19.97
15.09.2022,COMB-43-2022,PUCALLPA,17.75
15.09.2022,COMB-43-2022,SALAVERRY,23.2696
15.09.2022,COMB-43-2022,SUPE,22.9864
15.09.2022,COMB-43-2022,TALARA,22.951
15.09.2022,COMB-43-2022,TARAPOTO,23.4289
15.09.2022,COMB-43-2022,YURIMAGUAS,18.18
15.09.2023,COMB-47-2023,CHIMBOTE,22.2076
15.09.2023,COMB-47-2023,CUSCO,23.187
15.09.2023,COMB-47-2023,EL MILAGRO,22.6442
15.09.2023,COMB-47-2023,ETEN,22.2194
15.09.2023,COMB-47-2023,ILO,22.774
15.09.2023,COMB-47-2023,IQUITOS,16.98
15.09.2023,COMB-47-2023,JULIACA,23.0808
15.09.2023,COMB-47-2023,LIMA,21.9244
15.09.2023,COMB-47-2023,MOLLENDO,22.597
15.09.2023,COMB-47-2023,PISCO,22.2784
15.09.2023,COMB-47-2023,PIURA,22.125
15.09.2023,COMB-47-2023,PTO. MALDONADO,19.2
15.09.2023,COMB-47-2023,PUCALLPA,16.97
15.09.2023,COMB-47-2023,SALAVERRY,22.243
15.09.2023,COMB-47-2023,SUPE,22.0778
15.09.2023,COMB-47-2023,TALARA,21.9244
15.09.2023,COMB-47-2023,TARAPOTO,22.9923
15.09.2023,COMB-47-2023,YURIMAGUAS,17.4
15.12.2022,COMB-58-2022,CHIMBOTE,20.8624
15.12.2022,COMB-58-2022,CUSCO,21.5114
15.12.2022,COMB-58-2022,EL MILAGRO,21.0276
15.12.2022,COMB-58-2022,ETEN,20.9922
15.12.2022,COMB-58-2022,ILO,21.299
15.12.2022,COMB-58-2022,IQUITOS,15.87
15.12.2022,COMB-58-2022,JULIACA,21.5704
15.12.2022,COMB-58-2022,LIMA,20.6972
15.12.2022,COMB-58-2022,MOLLENDO,21.2518
15.12.2022,COMB-58-2022,PISCO,20.9332
15.12.2022,COMB-58-2022,PIURA,20.8978
15.12.2022,COMB-58-2022,PTO. MALDONADO,18.06
15.12.2022,COMB-58-2022,PUCALLPA,15.86
15.12.2022,COMB-58-2022,SALAVERRY,21.0158
15.12.2022,COMB-58-2022,SUPE,20.7326
15.12.2022,COMB-58-2022,TALARA,20.6972
15.12.2022,COMB-58-2022,TARAPOTO,21.1751
15.12.2022,COMB-58-2022,YURIMAGUAS,16.29
15.12.2023,COMB-64-2023,CHIMBOTE,20.237
15.12.2023,COMB-64-2023,CUSCO,21.2164
15.12.2023,COMB-64-2023,EL MILAGRO,20.6736
15.12.2023,COMB-64-2023,ETEN,20.2488
15.12.2023,COMB-64-2023,ILO,20.8034
15.12.2023,COMB-64-2023,IQUITOS,15.31
15.12.2023,COMB-64-2023,JULIACA,21.1102
15.12.2023,COMB-64-2023,LIMA,19.9538
15.12.2023,COMB-64-2023,MOLLENDO,20.6264
15.12.2023,COMB-64-2023,PISCO,20.3078
15.12.2023,COMB-64-2023,PIURA,20.1544
15.12.2023,COMB-64-2023,PTO. MALDONADO,17.53
15.12.2023,COMB-64-2023,PUCALLPA,15.3
15.12.2023,COMB-64-2023,SALAVERRY,20.2724
15.12.2023,COMB-64-2023,SUPE,20.1072
15.12.2023,COMB-64-2023,TALARA,19.9538
15.12.2023,COMB-64-2023,TARAPOTO,21.0217
15.12.2023,COMB-64-2023,YURIMAGUAS,15.73
16.01.2025,COMB-05-2025,CHIMBOTE,16.0598
16.01.2025,COMB-05-2025,CUSCO,17.0392
16.01.2025,COMB-05-2025,EL MILAGRO,17.3106
16.01.2025,COMB-05-2025,ETEN,16.0716
16.01.2025,COMB-05-2025,ILO,16.6262
16.01.2025,COMB-05-2025,IQUITOS,12.46
16.01.2025,COMB-05-2025,JULIACA,16.933
16.01.2025,COMB-05-2025,LIMA,15.7766
16.01.2025,COMB-05-2025,MOLLENDO,16.4492
16.01.2025,COMB-05-2025,PISCO,16.1306
16.01.2025,COMB-05-2025,PIURA,15.9772
16.01.2025,COMB-05-2025,PTO. MALDONADO,14.48
16.01.2025,COMB-05-2025,PUCALLPA,12.45
16.01.2025,COMB-05-2025,SALAVERRY,16.0952
16.01.2025,COMB-05-2025,SUPE,15.93
16.01.2025,COMB-05-2025,TALARA,15.7766
16.01.2025,COMB-05-2025,TARAPOTO,17.7059
16.01.2025,COMB-05-2025,YURIMAGUAS,12.88
16.02.2024,COMB-10-2024,CHIMBOTE,19.2222
16.02.2024,COMB-10-2024,CUSCO,20.2016
16.02.2024,COMB-10-2024,EL MILAGRO,19.6588
16.02.2024,COMB-10-2024,ETEN,19.234
16.02.2024,COMB-10-2024,ILO,19.7886
16.02.2024,COMB-10-2024,IQUITOS,14.45
16.02.2024,COMB-10-2024,JULIACA,20.0954
16.02.2024,COMB-10-2024,LIMA,18.939
16.02.2024,COMB-10-2024,MOLLENDO,19.6116
16.02.2024,COMB-10-2024,PISCO,19.293
16.02.2024,COMB-10-2024,PIURA,19.1396
16.02.2024,COMB-10-2024,PTO. MALDONADO,16.67
16.02.2024,COMB-10-2024,PUCALLPA,14.44
16.02.2024,COMB-10-2024,SALAVERRY,19.2576
16.02.2024,COMB-10-2024,SUPE,19.0924
16.02.2024,COMB-10-2024,TALARA,18.939
16.02.2024,COMB-10-2024,TARAPOTO,20.0069
16.02.2024,COMB-10-2024,YURIMAGUAS,14.87
16.05.2026,COMB-29-2026,CHIMBOTE,21.0158
16.05.2026,COMB-29-2026,CUSCO,23.4348
16.05.2026,COMB-29-2026,EL MILAGRO,23.2342
16.05.2026,COMB-29-2026,ETEN,23.4466
16.05.2026,COMB-29-2026,ILO,23.5882
16.05.2026,COMB-29-2026,IQUITOS,18.76
16.05.2026,COMB-29-2026,JULIACA,23.3286
16.05.2026,COMB-29-2026,LIMA,22.2312
16.05.2026,COMB-29-2026,MOLLENDO,23.1516
16.05.2026,COMB-29-2026,PISCO,23.0336
16.05.2026,COMB-29-2026,PIURA,20.9214
16.05.2026,COMB-29-2026,PTO. MALDONADO,19.7183
16.05.2026,COMB-29-2026,PUCALLPA,19.05
16.05.2026,COMB-29-2026,SALAVERRY,23.7062
16.05.2026,COMB-29-2026,SUPE,22.833
16.05.2026,COMB-29-2026,TALARA,20.7208
16.05.2026,COMB-29-2026,TARAPOTO,23.6295
16.05.2026,COMB-29-2026,YURIMAGUAS,17.25
16.06.2022,COMB-28-2022,CHIMBOTE,23.305
16.06.2022,COMB-28-2022,CUSCO,23.954
16.06.2022,COMB-28-2022,EL MILAGRO,23.4702
16.06.2022,COMB-28-2022,ETEN,23.4348
16.06.2022,COMB-28-2022,ILO,23.7416
16.06.2022,COMB-28-2022,JULIACA,24.013
16.06.2022,COMB-28-2022,LIMA,23.1398
16.06.2022,COMB-28-2022,MOLLENDO,23.6944
16.06.2022,COMB-28-2022,PISCO,23.3758
16.06.2022,COMB-28-2022,PIURA,23.3404
16.06.2022,COMB-28-2022,PTO. MALDONADO,15.51
16.06.2022,COMB-28-2022,SALAVERRY,23.4584
16.06.2022,COMB-28-2022,SUPE,23.1752
16.06.2022,COMB-28-2022,TALARA,23.1398
16.06.2022,COMB-28-2022,TARAPOTO,23.6177
16.06.2023,COMB-27-2023,CHIMBOTE,17.8652
16.06.2023,COMB-27-2023,CUSCO,18.8446
16.06.2023,COMB-27-2023,EL MILAGRO,18.3018
16.06.2023,COMB-27-2023,ETEN,17.877
16.06.2023,COMB-27-2023,ILO,18.4316
16.06.2023,COMB-27-2023,IQUITOS,13.3
16.06.2023,COMB-27-2023,JULIACA,18.7384
16.06.2023,COMB-27-2023,LIMA,17.582
16.06.2023,COMB-27-2023,MOLLENDO,18.2546
16.06.2023,COMB-27-2023,PISCO,17.936
16.06.2023,COMB-27-2023,PIURA,17.7826
16.06.2023,COMB-27-2023,PTO. MALDONADO,15.52
16.06.2023,COMB-27-2023,PUCALLPA,13.29
16.06.2023,COMB-27-2023,SALAVERRY,17.9006
16.06.2023,COMB-27-2023,SUPE,17.7354
16.06.2023,COMB-27-2023,TALARA,17.582
16.06.2023,COMB-27-2023,TARAPOTO,18.6499
16.06.2023,COMB-27-2023,YURIMAGUAS,13.72
16.06.2026,COMB-41-2026,CHIMBOTE,19.8476
16.06.2026,COMB-41-2026,CUSCO,21.6766
16.06.2026,COMB-41-2026,EL MILAGRO,21.771
16.06.2026,COMB-41-2026,ETEN,19.8358
16.06.2026,COMB-41-2026,ILO,21.83
16.06.2026,COMB-41-2026,IQUITOS,17.02
16.06.2026,COMB-41-2026,JULIACA,21.5704
16.06.2026,COMB-41-2026,LIMA,19.9066
16.06.2026,COMB-41-2026,MOLLENDO,21.3934
16.06.2026,COMB-41-2026,PISCO,20.119
16.06.2026,COMB-41-2026,PIURA,19.4582
16.06.2026,COMB-41-2026,PTO. MALDONADO,18.3283
16.06.2026,COMB-41-2026,PUCALLPA,17.08
16.06.2026,COMB-41-2026,SALAVERRY,20.532
16.06.2026,COMB-41-2026,SUPE,20.3668
16.06.2026,COMB-41-2026,TALARA,19.2576
16.06.2026,COMB-41-2026,TARAPOTO,22.1663
16.06.2026,COMB-41-2026,YURIMAGUAS,15.61
16.07.2026,COMB-50-2026,CHIMBOTE,20.9686
16.07.2026,COMB-50-2026,CUSCO,22.892
16.07.2026,COMB-50-2026,EL MILAGRO,22.6914
16.07.2026,COMB-50-2026,ETEN,21.122
16.07.2026,COMB-50-2026,ILO,22.5776
16.07.2026,COMB-50-2026,IQUITOS,18.97
16.07.2026,COMB-50-2026,JULIACA,22.951
16.07.2026,COMB-50-2026,LIMA,21.0748
16.07.2026,COMB-50-2026,MOLLENDO,22.3256
16.07.2026,COMB-50-2026,PISCO,20.945
16.07.2026,COMB-50-2026,PIURA,21.8772
16.07.2026,COMB-50-2026,PTO. MALDONADO,19.2383
16.07.2026,COMB-50-2026,PUCALLPA,18.08
16.07.2026,COMB-50-2026,SALAVERRY,21.3698
16.07.2026,COMB-50-2026,SUPE,21.299
16.07.2026,COMB-50-2026,TALARA,21.6766
16.07.2026,COMB-50-2026,TARAPOTO,23.0041
16.07.2026,COMB-50-2026,YURIMAGUAS,18.12
16.08.2024,COMB-41-2024,CHIMBOTE,16.6498
16.08.2024,COMB-41-2024,CUSCO,17.6292
16.08.2024,COMB-41-2024,EL MILAGRO,17.0864
16.08.2024,COMB-41-2024,ETEN,16.6616
16.08.2024,COMB-41-2024,ILO,17.2162
16.08.2024,COMB-41-2024,IQUITOS,12.27
16.08.2024,COMB-41-2024,JULIACA,17.523
16.08.2024,COMB-41-2024,LIMA,16.3666
16.08.2024,COMB-41-2024,MOLLENDO,17.0392
16.08.2024,COMB-41-2024,PISCO,16.7206
16.08.2024,COMB-41-2024,PIURA,16.5672
16.08.2024,COMB-41-2024,PTO. MALDONADO,14.49
16.08.2024,COMB-41-2024,PUCALLPA,12.26
16.08.2024,COMB-41-2024,SALAVERRY,16.6852
16.08.2024,COMB-41-2024,SUPE,16.52
16.08.2024,COMB-41-2024,TALARA,16.3666
16.08.2024,COMB-41-2024,TARAPOTO,17.4817
16.08.2024,COMB-41-2024,YURIMAGUAS,12.69
16.09.2021,COMB-45-2021,CHIMBOTE,15.2928
16.09.2021,COMB-45-2021,CUSCO,15.9418
16.09.2021,COMB-45-2021,EL MILAGRO,15.458
16.09.2021,COMB-45-2021,ETEN,15.4226
16.09.2021,COMB-45-2021,ILO,15.7294
16.09.2021,COMB-45-2021,JULIACA,16.0008
16.09.2021,COMB-45-2021,LIMA,15.1276
16.09.2021,COMB-45-2021,MOLLENDO,15.6822
16.09.2021,COMB-45-2021,PISCO,15.3636
16.09.2021,COMB-45-2021,PIURA,15.3282
16.09.2021,COMB-45-2021,PTO. MALDONADO,13.34
16.09.2021,COMB-45-2021,SALAVERRY,15.4462
16.09.2021,COMB-45-2021,SUPE,15.163
16.09.2021,COMB-45-2021,TALARA,15.1276
16.09.2021,COMB-45-2021,TARAPOTO,15.6055
16.09.2025,COMB-60-2025,CHIMBOTE,13.688
16.09.2025,COMB-60-2025,CUSCO,14.6674
16.09.2025,COMB-60-2025,EL MILAGRO,14.9388
16.09.2025,COMB-60-2025,ETEN,13.6998
16.09.2025,COMB-60-2025,ILO,14.2544
16.09.2025,COMB-60-2025,IQUITOS,11.57
16.09.2025,COMB-60-2025,JULIACA,14.5612
16.09.2025,COMB-60-2025,LIMA,13.4048
16.09.2025,COMB-60-2025,MOLLENDO,14.0774
16.09.2025,COMB-60-2025,PISCO,13.7588
16.09.2025,COMB-60-2025,PIURA,12.7086
16.09.2025,COMB-60-2025,PTO. MALDONADO,13.59
16.09.2025,COMB-60-2025,PUCALLPA,11.56
16.09.2025,COMB-60-2025,SALAVERRY,13.7234
16.09.2025,COMB-60-2025,SUPE,13.5582
16.09.2025,COMB-60-2025,TALARA,12.508
16.09.2025,COMB-60-2025,TARAPOTO,15.3341
16.09.2025,COMB-60-2025,YURIMAGUAS,11.99
16.11.2021,COMB-57-2021,CHIMBOTE,16.0244
16.11.2021,COMB-57-2021,CUSCO,16.6734
16.11.2021,COMB-57-2021,EL MILAGRO,16.1896
16.11.2021,COMB-57-2021,ETEN,16.1542
16.11.2021,COMB-57-2021,ILO,16.461
16.11.2021,COMB-57-2021,JULIACA,16.7324
16.11.2021,COMB-57-2021,LIMA,15.8592
16.11.2021,COMB-57-2021,MOLLENDO,16.4138
16.11.2021,COMB-57-2021,PISCO,16.0952
16.11.2021,COMB-57-2021,PIURA,16.0598
16.11.2021,COMB-57-2021,PTO. MALDONADO,13.96
16.11.2021,COMB-57-2021,SALAVERRY,16.1778
16.11.2021,COMB-57-2021,SUPE,15.8946
16.11.2021,COMB-57-2021,TALARA,15.8592
16.11.2021,COMB-57-2021,TARAPOTO,16.3371
16.12.2021,COMB-63-2021,CHIMBOTE,14.9152
16.12.2021,COMB-63-2021,CUSCO,15.5642
16.12.2021,COMB-63-2021,EL MILAGRO,15.0804
16.12.2021,COMB-63-2021,ETEN,15.045
16.12.2021,COMB-63-2021,ILO,15.3518
16.12.2021,COMB-63-2021,JULIACA,15.6232
16.12.2021,COMB-63-2021,LIMA,14.75
16.12.2021,COMB-63-2021,MOLLENDO,15.3046
16.12.2021,COMB-63-2021,PISCO,14.986
16.12.2021,COMB-63-2021,PIURA,14.9506
16.12.2021,COMB-63-2021,PTO. MALDONADO,13.02
16.12.2021,COMB-63-2021,SALAVERRY,15.0686
16.12.2021,COMB-63-2021,SUPE,14.7854
16.12.2021,COMB-63-2021,TALARA,14.75
16.12.2021,COMB-63-2021,TARAPOTO,15.2279
16.12.2025,COMB-79-2025,CHIMBOTE,12.8502
16.12.2025,COMB-79-2025,CUSCO,14.9152
16.12.2025,COMB-79-2025,EL MILAGRO,14.4314
16.12.2025,COMB-79-2025,ETEN,13.452
16.12.2025,COMB-79-2025,ILO,14.1836
16.12.2025,COMB-79-2025,IQUITOS,11.39
16.12.2025,COMB-79-2025,JULIACA,14.809
16.12.2025,COMB-79-2025,LIMA,13.216000000000001
16.12.2025,COMB-79-2025,MOLLENDO,14.337
16.12.2025,COMB-79-2025,PISCO,13.511
16.12.2025,COMB-79-2025,PIURA,12.4136
16.12.2025,COMB-79-2025,PTO. MALDONADO,12.0483
16.12.2025,COMB-79-2025,PUCALLPA,11.38
16.12.2025,COMB-79-2025,SALAVERRY,13.7116
16.12.2025,COMB-79-2025,SUPE,13.3104
16.12.2025,COMB-79-2025,TALARA,12.213
16.12.2025,COMB-79-2025,TARAPOTO,14.8267
16.12.2025,COMB-79-2025,YURIMAGUAS,11.81
17.02.2023,COMB-08-2023,CHIMBOTE,21.3108
17.02.2023,COMB-08-2023,CUSCO,21.9598
17.02.2023,COMB-08-2023,EL MILAGRO,21.476
17.02.2023,COMB-08-2023,ETEN,21.4406
17.02.2023,COMB-08-2023,ILO,21.7474
17.02.2023,COMB-08-2023,JULIACA,22.0188
17.02.2023,COMB-08-2023,LIMA,21.1456
17.02.2023,COMB-08-2023,MOLLENDO,21.7002
17.02.2023,COMB-08-2023,PISCO,21.3816
17.02.2023,COMB-08-2023,PIURA,21.3462
17.02.2023,COMB-08-2023,PTO. MALDONADO,18.44
17.02.2023,COMB-08-2023,SALAVERRY,21.4642
17.02.2023,COMB-08-2023,SUPE,21.181
17.02.2023,COMB-08-2023,TALARA,21.1456
17.02.2023,COMB-08-2023,TARAPOTO,21.6235
17.02.2026,COMB-08-2026,CHIMBOTE,13.1452
17.02.2026,COMB-08-2026,CUSCO,14.6792
17.02.2026,COMB-08-2026,EL MILAGRO,14.5966
17.02.2026,COMB-08-2026,ETEN,13.747
17.02.2026,COMB-08-2026,ILO,14.2426
17.02.2026,COMB-08-2026,IQUITOS,12.04
17.02.2026,COMB-08-2026,JULIACA,14.573
17.02.2026,COMB-08-2026,LIMA,13.511
17.02.2026,COMB-08-2026,MOLLENDO,14.396
17.02.2026,COMB-08-2026,PISCO,14.16
17.02.2026,COMB-08-2026,PIURA,12.2838
17.02.2026,COMB-08-2026,PTO. MALDONADO,12.2983
17.02.2026,COMB-08-2026,PUCALLPA,12.03
17.02.2026,COMB-08-2026,SALAVERRY,14.0066
17.02.2026,COMB-08-2026,SUPE,13.9594
17.02.2026,COMB-08-2026,TALARA,12.0832
17.02.2026,COMB-08-2026,TARAPOTO,14.9919
17.02.2026,COMB-08-2026,YURIMAGUAS,12.46
17.03.2022,COMB-14-2022,CHIMBOTE,19.9302
17.03.2022,COMB-14-2022,CUSCO,20.5792
17.03.2022,COMB-14-2022,EL MILAGRO,20.0954
17.03.2022,COMB-14-2022,ETEN,20.06
17.03.2022,COMB-14-2022,ILO,20.3668
17.03.2022,COMB-14-2022,IQUITOS,15.42
17.03.2022,COMB-14-2022,JULIACA,20.6382
17.03.2022,COMB-14-2022,LIMA,19.765
17.03.2022,COMB-14-2022,MOLLENDO,20.3196
17.03.2022,COMB-14-2022,PISCO,20.001
17.03.2022,COMB-14-2022,PIURA,19.9656
17.03.2022,COMB-14-2022,PTO. MALDONADO,17.27
17.03.2022,COMB-14-2022,PUCALLPA,15.41
17.03.2022,COMB-14-2022,SALAVERRY,20.0836
17.03.2022,COMB-14-2022,SUPE,19.8004
17.03.2022,COMB-14-2022,TALARA,19.765
17.03.2022,COMB-14-2022,TARAPOTO,20.2429
17.03.2022,COMB-14-2022,YURIMAGUAS,15.84
17.03.2023,COMB-13-2023,CHIMBOTE,20.8506
17.03.2023,COMB-13-2023,CUSCO,21.4996
17.03.2023,COMB-13-2023,EL MILAGRO,21.0158
17.03.2023,COMB-13-2023,ETEN,20.9804
17.03.2023,COMB-13-2023,ILO,21.2872
17.03.2023,COMB-13-2023,IQUITOS,15.83
17.03.2023,COMB-13-2023,JULIACA,21.5586
17.03.2023,COMB-13-2023,LIMA,20.6854
17.03.2023,COMB-13-2023,MOLLENDO,21.24
17.03.2023,COMB-13-2023,PISCO,20.9214
17.03.2023,COMB-13-2023,PIURA,20.886
17.03.2023,COMB-13-2023,PTO. MALDONADO,18.05
17.03.2023,COMB-13-2023,PUCALLPA,15.82
17.03.2023,COMB-13-2023,SALAVERRY,21.004
17.03.2023,COMB-13-2023,SUPE,20.7208
17.03.2023,COMB-13-2023,TALARA,20.6854
17.03.2023,COMB-13-2023,TARAPOTO,21.1633
17.03.2023,COMB-13-2023,YURIMAGUAS,16.25
17.03.2026,COMB-15-2026,CHIMBOTE,20.8506
17.03.2026,COMB-15-2026,CUSCO,22.2784
17.03.2026,COMB-15-2026,EL MILAGRO,22.302
17.03.2026,COMB-15-2026,ETEN,21.4524
17.03.2026,COMB-15-2026,ILO,21.948
17.03.2026,COMB-15-2026,IQUITOS,18.48
17.03.2026,COMB-15-2026,JULIACA,22.1722
17.03.2026,COMB-15-2026,LIMA,21.2164
17.03.2026,COMB-15-2026,MOLLENDO,21.9952
17.03.2026,COMB-15-2026,PISCO,21.8654
17.03.2026,COMB-15-2026,PIURA,19.9892
17.03.2026,COMB-15-2026,PTO. MALDONADO,18.7383
17.03.2026,COMB-15-2026,PUCALLPA,18.47
17.03.2026,COMB-15-2026,SALAVERRY,21.712
17.03.2026,COMB-15-2026,SUPE,21.6648
17.03.2026,COMB-15-2026,TALARA,19.7886
17.03.2026,COMB-15-2026,TARAPOTO,22.6973
17.03.2026,COMB-15-2026,YURIMAGUAS,18.9
17.05.2024,COMB-26-2024,CHIMBOTE,17.1218
17.05.2024,COMB-26-2024,CUSCO,18.1012
17.05.2024,COMB-26-2024,EL MILAGRO,17.5584
17.05.2024,COMB-26-2024,ETEN,17.1336
17.05.2024,COMB-26-2024,ILO,17.6882
17.05.2024,COMB-26-2024,IQUITOS,12.67
17.05.2024,COMB-26-2024,JULIACA,17.995
17.05.2024,COMB-26-2024,LIMA,16.8386
17.05.2024,COMB-26-2024,MOLLENDO,17.5112
17.05.2024,COMB-26-2024,PISCO,17.1926
17.05.2024,COMB-26-2024,PIURA,17.0392
17.05.2024,COMB-26-2024,PTO. MALDONADO,14.89
17.05.2024,COMB-26-2024,PUCALLPA,12.66
17.05.2024,COMB-26-2024,SALAVERRY,17.1572
17.05.2024,COMB-26-2024,SUPE,16.992
17.05.2024,COMB-26-2024,TALARA,16.8386
17.05.2024,COMB-26-2024,TARAPOTO,17.9065
17.05.2024,COMB-26-2024,YURIMAGUAS,13.09
17.06.2021,COMB-27-2021,CHIMBOTE,14.2308
17.06.2021,COMB-27-2021,CUSCO,14.8798
17.06.2021,COMB-27-2021,EL MILAGRO,14.396
17.06.2021,COMB-27-2021,ETEN,14.3606
17.06.2021,COMB-27-2021,ILO,14.6674
17.06.2021,COMB-27-2021,JULIACA,14.9388
17.06.2021,COMB-27-2021,LIMA,14.0656
17.06.2021,COMB-27-2021,MOLLENDO,14.6202
17.06.2021,COMB-27-2021,PISCO,14.3016
17.06.2021,COMB-27-2021,PIURA,14.2662
17.06.2021,COMB-27-2021,PTO. MALDONADO,12.44
17.06.2021,COMB-27-2021,SALAVERRY,14.3842
17.06.2021,COMB-27-2021,SUPE,14.16
17.06.2021,COMB-27-2021,TALARA,14.0656
17.06.2021,COMB-27-2021,TARAPOTO,14.5435
17.06.2025,COMB-37-2025,CHIMBOTE,15.3164
17.06.2025,COMB-37-2025,CUSCO,16.2958
17.06.2025,COMB-37-2025,EL MILAGRO,16.5672
17.06.2025,COMB-37-2025,ETEN,15.3282
17.06.2025,COMB-37-2025,ILO,15.8828
17.06.2025,COMB-37-2025,IQUITOS,11.58
17.06.2025,COMB-37-2025,JULIACA,16.1896
17.06.2025,COMB-37-2025,LIMA,15.0332
17.06.2025,COMB-37-2025,MOLLENDO,15.7058
17.06.2025,COMB-37-2025,PISCO,15.3872
17.06.2025,COMB-37-2025,PIURA,12.3664
17.06.2025,COMB-37-2025,PTO. MALDONADO,13.6
17.06.2025,COMB-37-2025,PUCALLPA,11.57
17.06.2025,COMB-37-2025,SALAVERRY,15.3518
17.06.2025,COMB-37-2025,SUPE,15.1866
17.06.2025,COMB-37-2025,TALARA,12.1658
17.06.2025,COMB-37-2025,TARAPOTO,16.9625
17.06.2025,COMB-37-2025,YURIMAGUAS,12.0
17.11.2022,COMB-53-2022,CHIMBOTE,23.5882
17.11.2022,COMB-53-2022,CUSCO,24.2372
17.11.2022,COMB-53-2022,EL MILAGRO,23.7534
17.11.2022,COMB-53-2022,ETEN,23.718
17.11.2022,COMB-53-2022,ILO,24.0248
17.11.2022,COMB-53-2022,JULIACA,24.2962
17.11.2022,COMB-53-2022,LIMA,23.423
17.11.2022,COMB-53-2022,MOLLENDO,23.9776
17.11.2022,COMB-53-2022,PISCO,23.659
17.11.2022,COMB-53-2022,PIURA,23.6236
17.11.2022,COMB-53-2022,PTO. MALDONADO,20.37
17.11.2022,COMB-53-2022,SALAVERRY,23.7416
17.11.2022,COMB-53-2022,SUPE,23.4584
17.11.2022,COMB-53-2022,TALARA,23.423
17.11.2022,COMB-53-2022,TARAPOTO,23.9009
17.11.2023,COMB-59-2023,CHIMBOTE,21.3816
17.11.2023,COMB-59-2023,CUSCO,22.361
17.11.2023,COMB-59-2023,EL MILAGRO,21.8182
17.11.2023,COMB-59-2023,ETEN,21.3934
17.11.2023,COMB-59-2023,ILO,21.948
17.11.2023,COMB-59-2023,IQUITOS,16.28
17.11.2023,COMB-59-2023,JULIACA,22.2548
17.11.2023,COMB-59-2023,LIMA,21.0984
17.11.2023,COMB-59-2023,MOLLENDO,21.771
17.11.2023,COMB-59-2023,PISCO,21.4524
17.11.2023,COMB-59-2023,PIURA,21.299
17.11.2023,COMB-59-2023,PTO. MALDONADO,18.5
17.11.2023,COMB-59-2023,PUCALLPA,16.27
17.11.2023,COMB-59-2023,SALAVERRY,21.417
17.11.2023,COMB-59-2023,SUPE,21.2518
17.11.2023,COMB-59-2023,TALARA,21.0984
17.11.2023,COMB-59-2023,TARAPOTO,22.1663
17.11.2023,COMB-59-2023,YURIMAGUAS,16.7
17.12.2024,COMB-66-2024,CHIMBOTE,15.4462
17.12.2024,COMB-66-2024,CUSCO,16.4256
17.12.2024,COMB-66-2024,EL MILAGRO,16.697
17.12.2024,COMB-66-2024,ETEN,15.458
17.12.2024,COMB-66-2024,ILO,16.0126
17.12.2024,COMB-66-2024,IQUITOS,11.94
17.12.2024,COMB-66-2024,JULIACA,16.3194
17.12.2024,COMB-66-2024,LIMA,15.163
17.12.2024,COMB-66-2024,MOLLENDO,15.8356
17.12.2024,COMB-66-2024,PISCO,15.517
17.12.2024,COMB-66-2024,PIURA,15.3636
17.12.2024,COMB-66-2024,PTO. MALDONADO,13.96
17.12.2024,COMB-66-2024,PUCALLPA,11.93
17.12.2024,COMB-66-2024,SALAVERRY,15.4816
17.12.2024,COMB-66-2024,SUPE,15.3164
17.12.2024,COMB-66-2024,TALARA,15.163
17.12.2024,COMB-66-2024,TARAPOTO,17.0923
17.12.2024,COMB-66-2024,YURIMAGUAS,12.36
18.02.2021,COMB-07-2021,CHIMBOTE,11.9534
18.02.2021,COMB-07-2021,CUSCO,12.6024
18.02.2021,COMB-07-2021,EL MILAGRO,12.1186
18.02.2021,COMB-07-2021,ETEN,12.0832
18.02.2021,COMB-07-2021,ILO,12.39
18.02.2021,COMB-07-2021,IQUITOS,8.68
18.02.2021,COMB-07-2021,JULIACA,12.6614
18.02.2021,COMB-07-2021,LIMA,11.7882
18.02.2021,COMB-07-2021,MOLLENDO,12.3428
18.02.2021,COMB-07-2021,PISCO,12.0242
18.02.2021,COMB-07-2021,PIURA,11.9888
18.02.2021,COMB-07-2021,PTO. MALDONADO,10.51
18.02.2021,COMB-07-2021,PUCALLPA,8.67
18.02.2021,COMB-07-2021,SALAVERRY,12.1068
18.02.2021,COMB-07-2021,SUPE,11.8826
18.02.2021,COMB-07-2021,TALARA,11.7882
18.02.2021,COMB-07-2021,TARAPOTO,12.2661
18.02.2021,COMB-07-2021,YURIMAGUAS,9.1
18.02.2025,COMB-15-2025,CHIMBOTE,16.2132
18.02.2025,COMB-15-2025,CUSCO,17.1926
18.02.2025,COMB-15-2025,EL MILAGRO,17.464
18.02.2025,COMB-15-2025,ETEN,16.225
18.02.2025,COMB-15-2025,ILO,16.7796
18.02.2025,COMB-15-2025,IQUITOS,12.59
18.02.2025,COMB-15-2025,JULIACA,17.0864
18.02.2025,COMB-15-2025,LIMA,15.93
18.02.2025,COMB-15-2025,MOLLENDO,16.6026
18.02.2025,COMB-15-2025,PISCO,16.284
18.02.2025,COMB-15-2025,PIURA,16.1306
18.02.2025,COMB-15-2025,PTO. MALDONADO,14.61
18.02.2025,COMB-15-2025,PUCALLPA,12.58
18.02.2025,COMB-15-2025,SALAVERRY,16.2486
18.02.2025,COMB-15-2025,SUPE,16.0834
18.02.2025,COMB-15-2025,TALARA,15.93
18.02.2025,COMB-15-2025,TARAPOTO,17.8593
18.02.2025,COMB-15-2025,YURIMAGUAS,13.01
18.03.2021,COMB-11-2021,CHIMBOTE,12.2248
18.03.2021,COMB-11-2021,CUSCO,12.8738
18.03.2021,COMB-11-2021,EL MILAGRO,12.39
18.03.2021,COMB-11-2021,ETEN,12.3546
18.03.2021,COMB-11-2021,ILO,12.6614
18.03.2021,COMB-11-2021,JULIACA,12.9328
18.03.2021,COMB-11-2021,LIMA,12.0596
18.03.2021,COMB-11-2021,MOLLENDO,12.6142
18.03.2021,COMB-11-2021,PISCO,12.2956
18.03.2021,COMB-11-2021,PIURA,12.2602
18.03.2021,COMB-11-2021,PTO. MALDONADO,10.74
18.03.2021,COMB-11-2021,SALAVERRY,12.3782
18.03.2021,COMB-11-2021,SUPE,12.154
18.03.2021,COMB-11-2021,TALARA,12.0596
18.03.2021,COMB-11-2021,TARAPOTO,12.5375
18.03.2025,COMB-21-2025,CHIMBOTE,14.9978
18.03.2025,COMB-21-2025,CUSCO,15.9772
18.03.2025,COMB-21-2025,EL MILAGRO,16.2486
18.03.2025,COMB-21-2025,ETEN,15.0096
18.03.2025,COMB-21-2025,ILO,15.5642
18.03.2025,COMB-21-2025,IQUITOS,11.56
18.03.2025,COMB-21-2025,JULIACA,15.871
18.03.2025,COMB-21-2025,LIMA,14.7146
18.03.2025,COMB-21-2025,MOLLENDO,15.3872
18.03.2025,COMB-21-2025,PISCO,15.0686
18.03.2025,COMB-21-2025,PIURA,14.9152
18.03.2025,COMB-21-2025,PTO. MALDONADO,13.58
18.03.2025,COMB-21-2025,PUCALLPA,11.55
18.03.2025,COMB-21-2025,SALAVERRY,15.0332
18.03.2025,COMB-21-2025,SUPE,14.868
18.03.2025,COMB-21-2025,TALARA,14.7146
18.03.2025,COMB-21-2025,TARAPOTO,16.6439
18.03.2025,COMB-21-2025,YURIMAGUAS,11.98
18.04.2026,COMB-22-2026,CHIMBOTE,21.6176
18.04.2026,COMB-22-2026,CUSCO,25.4998
18.04.2026,COMB-22-2026,EL MILAGRO,23.423
18.04.2026,COMB-22-2026,ETEN,24.5676
18.04.2026,COMB-22-2026,ILO,25.0632
18.04.2026,COMB-22-2026,IQUITOS,19.01
18.04.2026,COMB-22-2026,JULIACA,25.3936
18.04.2026,COMB-22-2026,LIMA,22.3256
18.04.2026,COMB-22-2026,MOLLENDO,25.2166
18.04.2026,COMB-22-2026,PISCO,24.7446
18.04.2026,COMB-22-2026,PIURA,21.1102
18.04.2026,COMB-22-2026,PTO. MALDONADO,21.4683
18.04.2026,COMB-22-2026,PUCALLPA,19.0
18.04.2026,COMB-22-2026,SALAVERRY,24.8272
18.04.2026,COMB-22-2026,SUPE,22.774
18.04.2026,COMB-22-2026,TALARA,20.9096
18.04.2026,COMB-22-2026,TARAPOTO,23.8183
18.04.2026,COMB-22-2026,YURIMAGUAS,19.14
18.07.2025,COMB-46-2025,CHIMBOTE,15.0096
18.07.2025,COMB-46-2025,CUSCO,15.989
18.07.2025,COMB-46-2025,EL MILAGRO,16.2604
18.07.2025,COMB-46-2025,ETEN,15.0214
18.07.2025,COMB-46-2025,ILO,15.576
18.07.2025,COMB-46-2025,IQUITOS,11.32
18.07.2025,COMB-46-2025,JULIACA,15.8828
18.07.2025,COMB-46-2025,LIMA,14.7264
18.07.2025,COMB-46-2025,MOLLENDO,15.399
18.07.2025,COMB-46-2025,PISCO,15.0804
18.07.2025,COMB-46-2025,PIURA,12.685
18.07.2025,COMB-46-2025,PTO. MALDONADO,13.34
18.07.2025,COMB-46-2025,PUCALLPA,11.31
18.07.2025,COMB-46-2025,SALAVERRY,15.045
18.07.2025,COMB-46-2025,SUPE,14.8798
18.07.2025,COMB-46-2025,TALARA,12.4844
18.07.2025,COMB-46-2025,TARAPOTO,16.6557
18.07.2025,COMB-46-2025,YURIMAGUAS,11.74
18.07.2026,COMB-51-2026,CHIMBOTE,20.9686
18.07.2026,COMB-51-2026,CUSCO,22.892
18.07.2026,COMB-51-2026,EL MILAGRO,23.2814
18.07.2026,COMB-51-2026,ETEN,21.712
18.07.2026,COMB-51-2026,ILO,22.5776
18.07.2026,COMB-51-2026,IQUITOS,18.97
18.07.2026,COMB-51-2026,JULIACA,22.951
18.07.2026,COMB-51-2026,LIMA,21.0748
18.07.2026,COMB-51-2026,MOLLENDO,22.3256
18.07.2026,COMB-51-2026,PISCO,20.945
18.07.2026,COMB-51-2026,PIURA,23.4112
18.07.2026,COMB-51-2026,PTO. MALDONADO,19.2383
18.07.2026,COMB-51-2026,PUCALLPA,18.08
18.07.2026,COMB-51-2026,SALAVERRY,21.9598
18.07.2026,COMB-51-2026,SUPE,21.299
18.07.2026,COMB-51-2026,TALARA,23.2106
18.07.2026,COMB-51-2026,TARAPOTO,23.5941
18.07.2026,COMB-51-2026,YURIMAGUAS,18.62
18.08.2023,COMB-40-2023,CHIMBOTE,21.4524
18.08.2023,COMB-40-2023,CUSCO,22.4318
18.08.2023,COMB-40-2023,EL MILAGRO,21.889
18.08.2023,COMB-40-2023,ETEN,21.4642
18.08.2023,COMB-40-2023,ILO,22.0188
18.08.2023,COMB-40-2023,IQUITOS,16.34
18.08.2023,COMB-40-2023,JULIACA,22.3256
18.08.2023,COMB-40-2023,LIMA,21.1692
18.08.2023,COMB-40-2023,MOLLENDO,21.8418
18.08.2023,COMB-40-2023,PISCO,21.5232
18.08.2023,COMB-40-2023,PIURA,21.3698
18.08.2023,COMB-40-2023,PTO. MALDONADO,18.56
18.08.2023,COMB-40-2023,PUCALLPA,16.33
18.08.2023,COMB-40-2023,SALAVERRY,21.4878
18.08.2023,COMB-40-2023,SUPE,21.3226
18.08.2023,COMB-40-2023,TALARA,21.1692
18.08.2023,COMB-40-2023,TARAPOTO,22.2371
18.08.2023,COMB-40-2023,YURIMAGUAS,16.76
18.08.2026,COMB-58-2026,CHIMBOTE,24.5912
18.08.2026,COMB-58-2026,CUSCO,25.9246
18.08.2026,COMB-58-2026,EL MILAGRO,25.7358
18.08.2026,COMB-58-2026,ETEN,24.7564
18.08.2026,COMB-58-2026,ILO,25.6102
18.08.2026,COMB-58-2026,IQUITOS,22.01
18.08.2026,COMB-58-2026,JULIACA,25.9836
18.08.2026,COMB-58-2026,LIMA,24.662
18.08.2026,COMB-58-2026,MOLLENDO,25.3582
18.08.2026,COMB-58-2026,PISCO,24.5322
18.08.2026,COMB-58-2026,PIURA,24.9216
18.08.2026,COMB-58-2026,PTO. MALDONADO,21.8083
18.08.2026,COMB-58-2026,PUCALLPA,21.12
18.08.2026,COMB-58-2026,SALAVERRY,25.5824
18.08.2026,COMB-58-2026,SUPE,24.8862
18.08.2026,COMB-58-2026,TALARA,24.721
18.08.2026,COMB-58-2026,TARAPOTO,26.0485
18.08.2026,COMB-58-2026,YURIMAGUAS,20.9
18.10.2024,COMB-51-2024,CHIMBOTE,15.9536
18.10.2024,COMB-51-2024,CUSCO,16.933
18.10.2024,COMB-51-2024,EL MILAGRO,17.2044
18.10.2024,COMB-51-2024,ETEN,15.9654
18.10.2024,COMB-51-2024,ILO,16.52
18.10.2024,COMB-51-2024,IQUITOS,12.37
18.10.2024,COMB-51-2024,JULIACA,16.8268
18.10.2024,COMB-51-2024,LIMA,15.6704
18.10.2024,COMB-51-2024,MOLLENDO,16.343
18.10.2024,COMB-51-2024,PISCO,16.0244
18.10.2024,COMB-51-2024,PIURA,15.871
18.10.2024,COMB-51-2024,PTO. MALDONADO,14.59
18.10.2024,COMB-51-2024,PUCALLPA,12.36
18.10.2024,COMB-51-2024,SALAVERRY,15.989
18.10.2024,COMB-51-2024,SUPE,15.8238
18.10.2024,COMB-51-2024,TALARA,15.6704
18.10.2024,COMB-51-2024,TARAPOTO,17.5997
18.10.2024,COMB-51-2024,YURIMAGUAS,12.79
18.11.2021,COMB-58-2021,CHIMBOTE,16.0244
18.11.2021,COMB-58-2021,CUSCO,16.6734
18.11.2021,COMB-58-2021,EL MILAGRO,16.1896
18.11.2021,COMB-58-2021,ETEN,16.1542
18.11.2021,COMB-58-2021,ILO,16.461
18.11.2021,COMB-58-2021,JULIACA,16.7324
18.11.2021,COMB-58-2021,LIMA,15.8592
18.11.2021,COMB-58-2021,MOLLENDO,16.4138
18.11.2021,COMB-58-2021,PISCO,16.0952
18.11.2021,COMB-58-2021,PIURA,16.0598
18.11.2021,COMB-58-2021,PTO. MALDONADO,13.96
18.11.2021,COMB-58-2021,SALAVERRY,16.1778
18.11.2021,COMB-58-2021,SUPE,15.8946
18.11.2021,COMB-58-2021,TALARA,15.8592
18.11.2021,COMB-58-2021,TARAPOTO,16.3371
18.11.2025,COMB-73-2025,CHIMBOTE,14.3252
18.11.2025,COMB-73-2025,CUSCO,15.6114
18.11.2025,COMB-73-2025,EL MILAGRO,15.576
18.11.2025,COMB-73-2025,ETEN,14.337
18.11.2025,COMB-73-2025,ILO,15.1984
18.11.2025,COMB-73-2025,IQUITOS,12.14
18.11.2025,COMB-73-2025,JULIACA,15.5052
18.11.2025,COMB-73-2025,LIMA,14.042
18.11.2025,COMB-73-2025,MOLLENDO,15.0214
18.11.2025,COMB-73-2025,PISCO,14.396
18.11.2025,COMB-73-2025,PIURA,13.5582
18.11.2025,COMB-73-2025,PTO. MALDONADO,14.42
18.11.2025,COMB-73-2025,PUCALLPA,12.13
18.11.2025,COMB-73-2025,SALAVERRY,14.5966
18.11.2025,COMB-73-2025,SUPE,14.1954
18.11.2025,COMB-73-2025,TALARA,13.3576
18.11.2025,COMB-73-2025,TARAPOTO,15.9713
18.11.2025,COMB-73-2025,YURIMAGUAS,12.56
18.12.2025,COMB-80-2025,CHIMBOTE,12.8502
18.12.2025,COMB-80-2025,CUSCO,14.9152
18.12.2025,COMB-80-2025,EL MILAGRO,14.4314
18.12.2025,COMB-80-2025,ETEN,13.452
18.12.2025,COMB-80-2025,ILO,14.1836
18.12.2025,COMB-80-2025,IQUITOS,11.39
18.12.2025,COMB-80-2025,JULIACA,14.809
18.12.2025,COMB-80-2025,LIMA,13.216000000000001
18.12.2025,COMB-80-2025,MOLLENDO,14.337
18.12.2025,COMB-80-2025,PISCO,13.511
18.12.2025,COMB-80-2025,PIURA,12.4136
18.12.2025,COMB-80-2025,PTO. MALDONADO,12.0483
18.12.2025,COMB-80-2025,PUCALLPA,11.38
18.12.2025,COMB-80-2025,SALAVERRY,13.7116
18.12.2025,COMB-80-2025,SUPE,13.3104
18.12.2025,COMB-80-2025,TALARA,12.213
18.12.2025,COMB-80-2025,TARAPOTO,14.8267
18.12.2025,COMB-80-2025,YURIMAGUAS,11.81
19.01.2023,COMB-03-2023,CHIMBOTE,21.3698
19.01.2023,COMB-03-2023,CUSCO,22.0188
19.01.2023,COMB-03-2023,EL MILAGRO,21.535
19.01.2023,COMB-03-2023,ETEN,21.4996
19.01.2023,COMB-03-2023,ILO,21.8064
19.01.2023,COMB-03-2023,JULIACA,22.0778
19.01.2023,COMB-03-2023,LIMA,21.2046
19.01.2023,COMB-03-2023,MOLLENDO,21.7592
19.01.2023,COMB-03-2023,PISCO,21.4406
19.01.2023,COMB-03-2023,PIURA,21.4052
19.01.2023,COMB-03-2023,PTO. MALDONADO,18.49
19.01.2023,COMB-03-2023,SALAVERRY,21.5232
19.01.2023,COMB-03-2023,SUPE,21.24
19.01.2023,COMB-03-2023,TALARA,21.2046
19.01.2023,COMB-03-2023,TARAPOTO,21.6825
19.01.2024,COMB-05-2024,CHIMBOTE,19.2222
19.01.2024,COMB-05-2024,CUSCO,20.2016
19.01.2024,COMB-05-2024,EL MILAGRO,19.6588
19.01.2024,COMB-05-2024,ETEN,19.234
19.01.2024,COMB-05-2024,ILO,19.7886
19.01.2024,COMB-05-2024,IQUITOS,14.45
19.01.2024,COMB-05-2024,JULIACA,20.0954
19.01.2024,COMB-05-2024,LIMA,18.939
19.01.2024,COMB-05-2024,MOLLENDO,19.6116
19.01.2024,COMB-05-2024,PISCO,19.293
19.01.2024,COMB-05-2024,PIURA,19.1396
19.01.2024,COMB-05-2024,PTO. MALDONADO,16.67
19.01.2024,COMB-05-2024,PUCALLPA,14.44
19.01.2024,COMB-05-2024,SALAVERRY,19.2576
19.01.2024,COMB-05-2024,SUPE,19.0924
19.01.2024,COMB-05-2024,TALARA,18.939
19.01.2024,COMB-05-2024,TARAPOTO,20.0069
19.01.2024,COMB-05-2024,YURIMAGUAS,14.87
19.04.2024,COMB-21-2024,CHIMBOTE,18.3136
19.04.2024,COMB-21-2024,CUSCO,19.293
19.04.2024,COMB-21-2024,EL MILAGRO,18.7502
19.04.2024,COMB-21-2024,ETEN,18.3254
19.04.2024,COMB-21-2024,ILO,18.88
19.04.2024,COMB-21-2024,IQUITOS,13.68
19.04.2024,COMB-21-2024,JULIACA,19.1868
19.04.2024,COMB-21-2024,LIMA,18.0304
19.04.2024,COMB-21-2024,MOLLENDO,18.703
19.04.2024,COMB-21-2024,PISCO,18.3844
19.04.2024,COMB-21-2024,PIURA,18.231
19.04.2024,COMB-21-2024,PTO. MALDONADO,15.9
19.04.2024,COMB-21-2024,PUCALLPA,13.67
19.04.2024,COMB-21-2024,SALAVERRY,18.349
19.04.2024,COMB-21-2024,SUPE,18.1838
19.04.2024,COMB-21-2024,TALARA,18.0304
19.04.2024,COMB-21-2024,TARAPOTO,19.0983
19.04.2024,COMB-21-2024,YURIMAGUAS,14.1
19.05.2022,COMB-24-2022,CHIMBOTE,22.1722
19.05.2022,COMB-24-2022,CUSCO,22.8212
19.05.2022,COMB-24-2022,EL MILAGRO,22.3374
19.05.2022,COMB-24-2022,ETEN,22.302
19.05.2022,COMB-24-2022,ILO,22.6088
19.05.2022,COMB-24-2022,JULIACA,22.8802
19.05.2022,COMB-24-2022,LIMA,22.007
19.05.2022,COMB-24-2022,MOLLENDO,22.5616
19.05.2022,COMB-24-2022,PISCO,22.243
19.05.2022,COMB-24-2022,PIURA,22.2076
19.05.2022,COMB-24-2022,PTO. MALDONADO,14.57
19.05.2022,COMB-24-2022,SALAVERRY,22.3256
19.05.2022,COMB-24-2022,SUPE,22.0424
19.05.2022,COMB-24-2022,TALARA,22.007
19.05.2022,COMB-24-2022,TARAPOTO,22.4849
19.05.2023,COMB-22-2023,CHIMBOTE,19.6234
19.05.2023,COMB-22-2023,CUSCO,20.2724
19.05.2023,COMB-22-2023,EL MILAGRO,19.7886
19.05.2023,COMB-22-2023,ETEN,19.7532
19.05.2023,COMB-22-2023,ILO,20.06
19.05.2023,COMB-22-2023,IQUITOS,14.79
19.05.2023,COMB-22-2023,JULIACA,20.3314
19.05.2023,COMB-22-2023,LIMA,19.4582
19.05.2023,COMB-22-2023,MOLLENDO,20.0128
19.05.2023,COMB-22-2023,PISCO,19.6942
19.05.2023,COMB-22-2023,PIURA,19.6588
19.05.2023,COMB-22-2023,PTO. MALDONADO,17.01
19.05.2023,COMB-22-2023,PUCALLPA,14.78
19.05.2023,COMB-22-2023,SALAVERRY,19.7768
19.05.2023,COMB-22-2023,SUPE,19.4936
19.05.2023,COMB-22-2023,TALARA,19.4582
19.05.2023,COMB-22-2023,TARAPOTO,19.9361
19.05.2023,COMB-22-2023,YURIMAGUAS,15.21
19.05.2026,COMB-30-2026,CHIMBOTE,20.3314
19.05.2026,COMB-30-2026,CUSCO,23.4348
19.05.2026,COMB-30-2026,EL MILAGRO,22.8212
19.05.2026,COMB-30-2026,ETEN,21.5822
19.05.2026,COMB-30-2026,ILO,23.5882
19.05.2026,COMB-30-2026,IQUITOS,18.41
19.05.2026,COMB-30-2026,JULIACA,23.3286
19.05.2026,COMB-30-2026,LIMA,21.5468
19.05.2026,COMB-30-2026,MOLLENDO,23.1516
19.05.2026,COMB-30-2026,PISCO,21.9952
19.05.2026,COMB-30-2026,PIURA,20.5084
19.05.2026,COMB-30-2026,PTO. MALDONADO,19.7183
19.05.2026,COMB-30-2026,PUCALLPA,18.47
19.05.2026,COMB-30-2026,SALAVERRY,21.8418
19.05.2026,COMB-30-2026,SUPE,21.7946
19.05.2026,COMB-30-2026,TALARA,20.3078
19.05.2026,COMB-30-2026,TARAPOTO,23.2165
19.05.2026,COMB-30-2026,YURIMAGUAS,16.9
19.07.2024,COMB-37-2024,CHIMBOTE,18.0422
19.07.2024,COMB-37-2024,CUSCO,19.0216
19.07.2024,COMB-37-2024,EL MILAGRO,18.4788
19.07.2024,COMB-37-2024,ETEN,18.054
19.07.2024,COMB-37-2024,ILO,18.6086
19.07.2024,COMB-37-2024,IQUITOS,13.45
19.07.2024,COMB-37-2024,JULIACA,18.9154
19.07.2024,COMB-37-2024,LIMA,17.759
19.07.2024,COMB-37-2024,MOLLENDO,18.4316
19.07.2024,COMB-37-2024,PISCO,18.113
19.07.2024,COMB-37-2024,PIURA,17.9596
19.07.2024,COMB-37-2024,PTO. MALDONADO,15.67
19.07.2024,COMB-37-2024,PUCALLPA,13.44
19.07.2024,COMB-37-2024,SALAVERRY,18.0776
19.07.2024,COMB-37-2024,SUPE,17.9124
19.07.2024,COMB-37-2024,TALARA,17.759
19.07.2024,COMB-37-2024,TARAPOTO,18.8741
19.07.2024,COMB-37-2024,YURIMAGUAS,13.87
19.07.2025,COMB-47-2025,CHIMBOTE,14.4196
19.07.2025,COMB-47-2025,CUSCO,15.399
19.07.2025,COMB-47-2025,EL MILAGRO,15.6704
19.07.2025,COMB-47-2025,ETEN,14.4314
19.07.2025,COMB-47-2025,ILO,14.986
19.07.2025,COMB-47-2025,IQUITOS,11.32
19.07.2025,COMB-47-2025,JULIACA,15.2928
19.07.2025,COMB-47-2025,LIMA,14.1364
19.07.2025,COMB-47-2025,MOLLENDO,14.809
19.07.2025,COMB-47-2025,PISCO,14.4904
19.07.2025,COMB-47-2025,PIURA,12.744
19.07.2025,COMB-47-2025,PTO. MALDONADO,13.34
19.07.2025,COMB-47-2025,PUCALLPA,11.31
19.07.2025,COMB-47-2025,SALAVERRY,14.455
19.07.2025,COMB-47-2025,SUPE,14.2898
19.07.2025,COMB-47-2025,TALARA,12.5434
19.07.2025,COMB-47-2025,TARAPOTO,16.0657
19.07.2025,COMB-47-2025,YURIMAGUAS,11.74
19.08.2025,COMB-54-2025,CHIMBOTE,13.452
19.08.2025,COMB-54-2025,CUSCO,14.4314
19.08.2025,COMB-54-2025,EL MILAGRO,14.7028
19.08.2025,COMB-54-2025,ETEN,13.4638
19.08.2025,COMB-54-2025,ILO,14.0184
19.08.2025,COMB-54-2025,IQUITOS,11.37
19.08.2025,COMB-54-2025,JULIACA,14.3252
19.08.2025,COMB-54-2025,LIMA,13.1688
19.08.2025,COMB-54-2025,MOLLENDO,13.8414
19.08.2025,COMB-54-2025,PISCO,13.5228
19.08.2025,COMB-54-2025,PIURA,12.4726
19.08.2025,COMB-54-2025,PTO. MALDONADO,13.39
19.08.2025,COMB-54-2025,PUCALLPA,11.36
19.08.2025,COMB-54-2025,SALAVERRY,13.4874
19.08.2025,COMB-54-2025,SUPE,13.3222
19.08.2025,COMB-54-2025,TALARA,12.272
19.08.2025,COMB-54-2025,TARAPOTO,15.0981
19.08.2025,COMB-54-2025,YURIMAGUAS,11.79
19.11.2024,COMB-59-2024,CHIMBOTE,15.7884
19.11.2024,COMB-59-2024,CUSCO,16.7678
19.11.2024,COMB-59-2024,EL MILAGRO,17.0392
19.11.2024,COMB-59-2024,ETEN,15.8002
19.11.2024,COMB-59-2024,ILO,16.3548
19.11.2024,COMB-59-2024,IQUITOS,12.23
19.11.2024,COMB-59-2024,JULIACA,16.6616
19.11.2024,COMB-59-2024,LIMA,15.5052
19.11.2024,COMB-59-2024,MOLLENDO,16.1778
19.11.2024,COMB-59-2024,PISCO,15.8592
19.11.2024,COMB-59-2024,PIURA,15.7058
19.11.2024,COMB-59-2024,PTO. MALDONADO,14.45
19.11.2024,COMB-59-2024,PUCALLPA,12.22
19.11.2024,COMB-59-2024,SALAVERRY,15.8238
19.11.2024,COMB-59-2024,SUPE,15.6586
19.11.2024,COMB-59-2024,TALARA,15.5052
19.11.2024,COMB-59-2024,TARAPOTO,17.4345
19.11.2024,COMB-59-2024,YURIMAGUAS,12.65
19.12.2025,COMB-81-2025,CHIMBOTE,12.8502
19.12.2025,COMB-81-2025,CUSCO,14.9152
19.12.2025,COMB-81-2025,EL MILAGRO,14.4314
19.12.2025,COMB-81-2025,ETEN,13.452
19.12.2025,COMB-81-2025,ILO,14.1836
19.12.2025,COMB-81-2025,IQUITOS,11.39
19.12.2025,COMB-81-2025,JULIACA,14.809
19.12.2025,COMB-81-2025,LIMA,13.216000000000001
19.12.2025,COMB-81-2025,MOLLENDO,14.337
19.12.2025,COMB-81-2025,PISCO,13.511
19.12.2025,COMB-81-2025,PIURA,12.4136
19.12.2025,COMB-81-2025,PTO. MALDONADO,12.0483
19.12.2025,COMB-81-2025,PUCALLPA,11.38
19.12.2025,COMB-81-2025,SALAVERRY,13.7116
19.12.2025,COMB-81-2025,SUPE,13.3104
19.12.2025,COMB-81-2025,TALARA,12.213
19.12.2025,COMB-81-2025,TARAPOTO,14.8267
19.12.2025,COMB-81-2025,YURIMAGUAS,11.81
20.01.2022,COMB-04-2022,CHIMBOTE,15.4934
20.01.2022,COMB-04-2022,CUSCO,16.1424
20.01.2022,COMB-04-2022,EL MILAGRO,15.6586
20.01.2022,COMB-04-2022,ETEN,15.6232
20.01.2022,COMB-04-2022,ILO,15.93
20.01.2022,COMB-04-2022,JULIACA,16.2014
20.01.2022,COMB-04-2022,LIMA,15.3282
20.01.2022,COMB-04-2022,MOLLENDO,15.8828
20.01.2022,COMB-04-2022,PISCO,15.5642
20.01.2022,COMB-04-2022,PIURA,15.5288
20.01.2022,COMB-04-2022,PTO. MALDONADO,13.51
20.01.2022,COMB-04-2022,SALAVERRY,15.6468
20.01.2022,COMB-04-2022,SUPE,15.3636
20.01.2022,COMB-04-2022,TALARA,15.3282
20.01.2022,COMB-04-2022,TARAPOTO,15.8061
20.01.2026,COMB-03-2026,CHIMBOTE,12.8148
20.01.2026,COMB-03-2026,CUSCO,14.8798
20.01.2026,COMB-03-2026,EL MILAGRO,14.396
20.01.2026,COMB-03-2026,ETEN,13.4166
20.01.2026,COMB-03-2026,ILO,13.9122
20.01.2026,COMB-03-2026,IQUITOS,11.76
20.01.2026,COMB-03-2026,JULIACA,14.7736
20.01.2026,COMB-03-2026,LIMA,13.1806
20.01.2026,COMB-03-2026,MOLLENDO,14.3016
20.01.2026,COMB-03-2026,PISCO,13.8296
20.01.2026,COMB-03-2026,PIURA,12.3782
20.01.2026,COMB-03-2026,PTO. MALDONADO,12.0183
20.01.2026,COMB-03-2026,PUCALLPA,11.75
20.01.2026,COMB-03-2026,SALAVERRY,13.6762
20.01.2026,COMB-03-2026,SUPE,13.629
20.01.2026,COMB-03-2026,TALARA,12.1776
20.01.2026,COMB-03-2026,TARAPOTO,14.7913
20.01.2026,COMB-03-2026,YURIMAGUAS,12.18
20.02.2025,COMB-16-2025,CHIMBOTE,16.2132
20.02.2025,COMB-16-2025,CUSCO,17.1926
20.02.2025,COMB-16-2025,EL MILAGRO,17.464
20.02.2025,COMB-16-2025,ETEN,16.225
20.02.2025,COMB-16-2025,ILO,16.7796
20.02.2025,COMB-16-2025,IQUITOS,12.59
20.02.2025,COMB-16-2025,JULIACA,17.0864
20.02.2025,COMB-16-2025,LIMA,15.93
20.02.2025,COMB-16-2025,MOLLENDO,16.6026
20.02.2025,COMB-16-2025,PISCO,16.284
20.02.2025,COMB-16-2025,PIURA,16.1306
20.02.2025,COMB-16-2025,PTO. MALDONADO,14.61
20.02.2025,COMB-16-2025,PUCALLPA,12.58
20.02.2025,COMB-16-2025,SALAVERRY,16.2486
20.02.2025,COMB-16-2025,SUPE,16.0834
20.02.2025,COMB-16-2025,TALARA,15.93
20.02.2025,COMB-16-2025,TARAPOTO,17.8593
20.02.2025,COMB-16-2025,YURIMAGUAS,13.01
20.02.2026,COMB-09-2026,CHIMBOTE,13.1452
20.02.2026,COMB-09-2026,CUSCO,14.6792
20.02.2026,COMB-09-2026,EL MILAGRO,14.5966
20.02.2026,COMB-09-2026,ETEN,13.747
20.02.2026,COMB-09-2026,ILO,14.2426
20.02.2026,COMB-09-2026,IQUITOS,12.04
20.02.2026,COMB-09-2026,JULIACA,14.573
20.02.2026,COMB-09-2026,LIMA,13.511
20.02.2026,COMB-09-2026,MOLLENDO,14.396
20.02.2026,COMB-09-2026,PISCO,14.16
20.02.2026,COMB-09-2026,PIURA,12.2838
20.02.2026,COMB-09-2026,PTO. MALDONADO,12.2983
20.02.2026,COMB-09-2026,PUCALLPA,12.03
20.02.2026,COMB-09-2026,SALAVERRY,14.0066
20.02.2026,COMB-09-2026,SUPE,13.9594
20.02.2026,COMB-09-2026,TALARA,12.0832
20.02.2026,COMB-09-2026,TARAPOTO,14.9919
20.02.2026,COMB-09-2026,YURIMAGUAS,12.46
20.05.2021,COMB-22-2021,CHIMBOTE,13.57
20.05.2021,COMB-22-2021,CUSCO,14.219
20.05.2021,COMB-22-2021,EL MILAGRO,13.7352
20.05.2021,COMB-22-2021,ETEN,13.6998
20.05.2021,COMB-22-2021,ILO,14.0066
20.05.2021,COMB-22-2021,JULIACA,14.278
20.05.2021,COMB-22-2021,LIMA,13.4048
20.05.2021,COMB-22-2021,MOLLENDO,13.9594
20.05.2021,COMB-22-2021,PISCO,13.6408
20.05.2021,COMB-22-2021,PIURA,13.6054
20.05.2021,COMB-22-2021,PTO. MALDONADO,11.88
20.05.2021,COMB-22-2021,SALAVERRY,13.7234
20.05.2021,COMB-22-2021,SUPE,13.4992
20.05.2021,COMB-22-2021,TALARA,13.4048
20.05.2021,COMB-22-2021,TARAPOTO,13.8827
20.05.2025,COMB-32-2025,CHIMBOTE,15.045
20.05.2025,COMB-32-2025,CUSCO,16.0244
20.05.2025,COMB-32-2025,EL MILAGRO,16.2958
20.05.2025,COMB-32-2025,ETEN,15.0568
20.05.2025,COMB-32-2025,ILO,15.6114
20.05.2025,COMB-32-2025,IQUITOS,11.35
20.05.2025,COMB-32-2025,JULIACA,15.9182
20.05.2025,COMB-32-2025,LIMA,14.7618
20.05.2025,COMB-32-2025,MOLLENDO,15.4344
20.05.2025,COMB-32-2025,PISCO,15.1158
20.05.2025,COMB-32-2025,PIURA,14.9624
20.05.2025,COMB-32-2025,PTO. MALDONADO,13.37
20.05.2025,COMB-32-2025,PUCALLPA,11.34
20.05.2025,COMB-32-2025,SALAVERRY,15.0804
20.05.2025,COMB-32-2025,SUPE,14.9152
20.05.2025,COMB-32-2025,TALARA,14.7618
20.05.2025,COMB-32-2025,TARAPOTO,16.6911
20.05.2025,COMB-32-2025,YURIMAGUAS,11.77
20.06.2025,COMB-38-2025,CHIMBOTE,15.3164
20.06.2025,COMB-38-2025,CUSCO,16.2958
20.06.2025,COMB-38-2025,EL MILAGRO,16.5672
20.06.2025,COMB-38-2025,ETEN,15.3282
20.06.2025,COMB-38-2025,ILO,15.8828
20.06.2025,COMB-38-2025,IQUITOS,11.58
20.06.2025,COMB-38-2025,JULIACA,16.1896
20.06.2025,COMB-38-2025,LIMA,15.0332
20.06.2025,COMB-38-2025,MOLLENDO,15.7058
20.06.2025,COMB-38-2025,PISCO,15.3872
20.06.2025,COMB-38-2025,PIURA,12.3664
20.06.2025,COMB-38-2025,PTO. MALDONADO,13.6
20.06.2025,COMB-38-2025,PUCALLPA,11.57
20.06.2025,COMB-38-2025,SALAVERRY,15.3518
20.06.2025,COMB-38-2025,SUPE,15.1866
20.06.2025,COMB-38-2025,TALARA,12.1658
20.06.2025,COMB-38-2025,TARAPOTO,16.9625
20.06.2025,COMB-38-2025,YURIMAGUAS,12.0
20.06.2026,COMB-42-2026,CHIMBOTE,19.8476
20.06.2026,COMB-42-2026,CUSCO,21.6766
20.06.2026,COMB-42-2026,EL MILAGRO,20.591
20.06.2026,COMB-42-2026,ETEN,19.8358
20.06.2026,COMB-42-2026,ILO,21.83
20.06.2026,COMB-42-2026,IQUITOS,17.02
20.06.2026,COMB-42-2026,JULIACA,21.5704
20.06.2026,COMB-42-2026,LIMA,19.9066
20.06.2026,COMB-42-2026,MOLLENDO,21.3934
20.06.2026,COMB-42-2026,PISCO,20.119
20.06.2026,COMB-42-2026,PIURA,18.2782
20.06.2026,COMB-42-2026,PTO. MALDONADO,18.3283
20.06.2026,COMB-42-2026,PUCALLPA,17.08
20.06.2026,COMB-42-2026,SALAVERRY,20.532
20.06.2026,COMB-42-2026,SUPE,20.3668
20.06.2026,COMB-42-2026,TALARA,18.0776
20.06.2026,COMB-42-2026,TARAPOTO,20.9863
20.06.2026,COMB-42-2026,YURIMAGUAS,14.61
20.08.2021,COMB-38-2021,CHIMBOTE,14.8916
20.08.2021,COMB-38-2021,CUSCO,15.5406
20.08.2021,COMB-38-2021,EL MILAGRO,15.0568
20.08.2021,COMB-38-2021,ETEN,15.0214
20.08.2021,COMB-38-2021,ILO,15.3282
20.08.2021,COMB-38-2021,JULIACA,15.5996
20.08.2021,COMB-38-2021,LIMA,14.7264
20.08.2021,COMB-38-2021,MOLLENDO,15.281
20.08.2021,COMB-38-2021,PISCO,14.9624
20.08.2021,COMB-38-2021,PIURA,14.927
20.08.2021,COMB-38-2021,PTO. MALDONADO,13.0
20.08.2021,COMB-38-2021,SALAVERRY,15.045
20.08.2021,COMB-38-2021,SUPE,14.7618
20.08.2021,COMB-38-2021,TALARA,14.7264
20.08.2021,COMB-38-2021,TARAPOTO,15.2043
20.08.2026,COMB-59-2026,CHIMBOTE,24.5912
20.08.2026,COMB-59-2026,CUSCO,25.9246
20.08.2026,COMB-59-2026,EL MILAGRO,25.7358
20.08.2026,COMB-59-2026,ETEN,24.7564
20.08.2026,COMB-59-2026,ILO,25.6102
20.08.2026,COMB-59-2026,IQUITOS,22.01
20.08.2026,COMB-59-2026,JULIACA,25.9836
20.08.2026,COMB-59-2026,LIMA,24.662
20.08.2026,COMB-59-2026,MOLLENDO,25.3582
20.08.2026,COMB-59-2026,PISCO,24.5322
20.08.2026,COMB-59-2026,PIURA,24.9216
20.08.2026,COMB-59-2026,PTO. MALDONADO,21.8083
20.08.2026,COMB-59-2026,PUCALLPA,21.12
20.08.2026,COMB-59-2026,SALAVERRY,25.5824
20.08.2026,COMB-59-2026,SUPE,24.8862
20.08.2026,COMB-59-2026,TALARA,24.721
20.08.2026,COMB-59-2026,TARAPOTO,26.0485
20.08.2026,COMB-59-2026,YURIMAGUAS,20.9
20.09.2024,COMB-47-2024,CHIMBOTE,15.4816
20.09.2024,COMB-47-2024,CUSCO,16.461
20.09.2024,COMB-47-2024,EL MILAGRO,16.7324
20.09.2024,COMB-47-2024,ETEN,15.4934
20.09.2024,COMB-47-2024,ILO,16.048
20.09.2024,COMB-47-2024,IQUITOS,11.97
20.09.2024,COMB-47-2024,JULIACA,16.3548
20.09.2024,COMB-47-2024,LIMA,15.1984
20.09.2024,COMB-47-2024,MOLLENDO,15.871
20.09.2024,COMB-47-2024,PISCO,15.5524
20.09.2024,COMB-47-2024,PIURA,15.399
20.09.2024,COMB-47-2024,PTO. MALDONADO,14.19
20.09.2024,COMB-47-2024,PUCALLPA,11.96
20.09.2024,COMB-47-2024,SALAVERRY,15.517
20.09.2024,COMB-47-2024,SUPE,15.3518
20.09.2024,COMB-47-2024,TALARA,15.1984
20.09.2024,COMB-47-2024,TARAPOTO,17.1277
20.09.2024,COMB-47-2024,YURIMAGUAS,12.39
20.10.2022,COMB-48-2022,CHIMBOTE,24.9688
20.10.2022,COMB-48-2022,CUSCO,25.6178
20.10.2022,COMB-48-2022,EL MILAGRO,25.134
20.10.2022,COMB-48-2022,ETEN,25.0986
20.10.2022,COMB-48-2022,ILO,25.4054
20.10.2022,COMB-48-2022,JULIACA,25.6768
20.10.2022,COMB-48-2022,LIMA,24.8036
20.10.2022,COMB-48-2022,MOLLENDO,25.3582
20.10.2022,COMB-48-2022,PISCO,25.0396
20.10.2022,COMB-48-2022,PIURA,25.0042
20.10.2022,COMB-48-2022,PTO. MALDONADO,21.54
20.10.2022,COMB-48-2022,SALAVERRY,25.1222
20.10.2022,COMB-48-2022,SUPE,24.839
20.10.2022,COMB-48-2022,TALARA,24.8036
20.10.2022,COMB-48-2022,TARAPOTO,25.2815
20.10.2023,COMB-53-2023,CHIMBOTE,22.5616
20.10.2023,COMB-53-2023,CUSCO,23.541
20.10.2023,COMB-53-2023,EL MILAGRO,22.9982
20.10.2023,COMB-53-2023,ETEN,22.5734
20.10.2023,COMB-53-2023,ILO,23.128
20.10.2023,COMB-53-2023,IQUITOS,17.28
20.10.2023,COMB-53-2023,JULIACA,23.4348
20.10.2023,COMB-53-2023,LIMA,22.2784
20.10.2023,COMB-53-2023,MOLLENDO,22.951
20.10.2023,COMB-53-2023,PISCO,22.6324
20.10.2023,COMB-53-2023,PIURA,22.479
20.10.2023,COMB-53-2023,PTO. MALDONADO,19.5
20.10.2023,COMB-53-2023,PUCALLPA,17.27
20.10.2023,COMB-53-2023,SALAVERRY,22.597
20.10.2023,COMB-53-2023,SUPE,22.4318
20.10.2023,COMB-53-2023,TALARA,22.2784
20.10.2023,COMB-53-2023,TARAPOTO,23.3463
20.10.2023,COMB-53-2023,YURIMAGUAS,17.7
20.10.2025,COMB-67-2025,CHIMBOTE,13.4756
20.10.2025,COMB-67-2025,CUSCO,14.7618
20.10.2025,COMB-67-2025,EL MILAGRO,14.7264
20.10.2025,COMB-67-2025,ETEN,13.4874
20.10.2025,COMB-67-2025,ILO,14.3488
20.10.2025,COMB-67-2025,IQUITOS,11.42
20.10.2025,COMB-67-2025,JULIACA,14.6556
20.10.2025,COMB-67-2025,LIMA,13.1924
20.10.2025,COMB-67-2025,MOLLENDO,14.1718
20.10.2025,COMB-67-2025,PISCO,13.5464
20.10.2025,COMB-67-2025,PIURA,12.7086
20.10.2025,COMB-67-2025,PTO. MALDONADO,13.7
20.10.2025,COMB-67-2025,PUCALLPA,11.41
20.10.2025,COMB-67-2025,SALAVERRY,13.511
20.10.2025,COMB-67-2025,SUPE,13.3458
20.10.2025,COMB-67-2025,TALARA,12.508
20.10.2025,COMB-67-2025,TARAPOTO,15.1217
20.10.2025,COMB-67-2025,YURIMAGUAS,11.84
21.01.2021,COMB-03-2021,CHIMBOTE,11.269
21.01.2021,COMB-03-2021,CUSCO,11.918
21.01.2021,COMB-03-2021,EL MILAGRO,11.4342
21.01.2021,COMB-03-2021,ETEN,11.3988
21.01.2021,COMB-03-2021,ILO,11.7056
21.01.2021,COMB-03-2021,IQUITOS,8.29
21.01.2021,COMB-03-2021,JULIACA,11.977
21.01.2021,COMB-03-2021,LIMA,11.1038
21.01.2021,COMB-03-2021,MOLLENDO,11.6584
21.01.2021,COMB-03-2021,PISCO,11.3398
21.01.2021,COMB-03-2021,PIURA,11.3044
21.01.2021,COMB-03-2021,PTO. MALDONADO,9.93
21.01.2021,COMB-03-2021,PUCALLPA,8.28
21.01.2021,COMB-03-2021,SALAVERRY,11.4224
21.01.2021,COMB-03-2021,SUPE,11.2572
21.01.2021,COMB-03-2021,TALARA,11.1038
21.01.2021,COMB-03-2021,TARAPOTO,11.5817
21.01.2021,COMB-03-2021,YURIMAGUAS,8.71
21.01.2025,COMB-06-2025,CHIMBOTE,16.6498
21.01.2025,COMB-06-2025,CUSCO,17.6292
21.01.2025,COMB-06-2025,EL MILAGRO,17.9006
21.01.2025,COMB-06-2025,ETEN,16.6616
21.01.2025,COMB-06-2025,ILO,17.2162
21.01.2025,COMB-06-2025,IQUITOS,12.96
21.01.2025,COMB-06-2025,JULIACA,17.523
21.01.2025,COMB-06-2025,LIMA,16.3666
21.01.2025,COMB-06-2025,MOLLENDO,17.0392
21.01.2025,COMB-06-2025,PISCO,16.7206
21.01.2025,COMB-06-2025,PIURA,16.5672
21.01.2025,COMB-06-2025,PTO. MALDONADO,14.98
21.01.2025,COMB-06-2025,PUCALLPA,12.95
21.01.2025,COMB-06-2025,SALAVERRY,16.6852
21.01.2025,COMB-06-2025,SUPE,16.52
21.01.2025,COMB-06-2025,TALARA,16.3666
21.01.2025,COMB-06-2025,TARAPOTO,18.2959
21.01.2025,COMB-06-2025,YURIMAGUAS,13.38
21.04.2022,COMB-20-2022,CHIMBOTE,19.9302
21.04.2022,COMB-20-2022,CUSCO,20.5792
21.04.2022,COMB-20-2022,EL MILAGRO,20.0954
21.04.2022,COMB-20-2022,ETEN,20.06
21.04.2022,COMB-20-2022,ILO,20.3668
21.04.2022,COMB-20-2022,JULIACA,20.6382
21.04.2022,COMB-20-2022,LIMA,19.765
21.04.2022,COMB-20-2022,MOLLENDO,20.3196
21.04.2022,COMB-20-2022,PISCO,20.001
21.04.2022,COMB-20-2022,PIURA,19.9656
21.04.2022,COMB-20-2022,PTO. MALDONADO,13.55
21.04.2022,COMB-20-2022,SALAVERRY,20.0836
21.04.2022,COMB-20-2022,SUPE,19.8004
21.04.2022,COMB-20-2022,TALARA,19.765
21.04.2022,COMB-20-2022,TARAPOTO,20.2429
21.04.2023,COMB-18-2023,CHIMBOTE,20.7444
21.04.2023,COMB-18-2023,CUSCO,21.3934
21.04.2023,COMB-18-2023,EL MILAGRO,20.9096
21.04.2023,COMB-18-2023,ETEN,20.8742
21.04.2023,COMB-18-2023,ILO,21.181
21.04.2023,COMB-18-2023,IQUITOS,15.74
21.04.2023,COMB-18-2023,JULIACA,21.4524
21.04.2023,COMB-18-2023,LIMA,20.5792
21.04.2023,COMB-18-2023,MOLLENDO,21.1338
21.04.2023,COMB-18-2023,PISCO,20.8152
21.04.2023,COMB-18-2023,PIURA,20.7798
21.04.2023,COMB-18-2023,PTO. MALDONADO,17.96
21.04.2023,COMB-18-2023,PUCALLPA,15.73
21.04.2023,COMB-18-2023,SALAVERRY,20.8978
21.04.2023,COMB-18-2023,SUPE,20.6146
21.04.2023,COMB-18-2023,TALARA,20.5792
21.04.2023,COMB-18-2023,TARAPOTO,21.0571
21.04.2023,COMB-18-2023,YURIMAGUAS,16.16
21.04.2026,COMB-23-2026,CHIMBOTE,20.3904
21.04.2026,COMB-23-2026,CUSCO,23.9186
21.04.2026,COMB-23-2026,EL MILAGRO,22.066
21.04.2026,COMB-23-2026,ETEN,23.3404
21.04.2026,COMB-23-2026,ILO,23.482
21.04.2026,COMB-23-2026,IQUITOS,17.97
21.04.2026,COMB-23-2026,JULIACA,23.8124
21.04.2026,COMB-23-2026,LIMA,21.0984
21.04.2026,COMB-23-2026,MOLLENDO,23.6354
21.04.2026,COMB-23-2026,PISCO,23.5174
21.04.2026,COMB-23-2026,PIURA,19.7532
21.04.2026,COMB-23-2026,PTO. MALDONADO,20.1283
21.04.2026,COMB-23-2026,PUCALLPA,17.96
21.04.2026,COMB-23-2026,SALAVERRY,23.6
21.04.2026,COMB-23-2026,SUPE,21.5468
21.04.2026,COMB-23-2026,TALARA,19.5526
21.04.2026,COMB-23-2026,TARAPOTO,22.4613
21.04.2026,COMB-23-2026,YURIMAGUAS,17.99
21.06.2024,COMB-32-2024,CHIMBOTE,17.0156
21.06.2024,COMB-32-2024,CUSCO,17.995
21.06.2024,COMB-32-2024,EL MILAGRO,17.4522
21.06.2024,COMB-32-2024,ETEN,17.0274
21.06.2024,COMB-32-2024,ILO,17.582
21.06.2024,COMB-32-2024,IQUITOS,12.58
21.06.2024,COMB-32-2024,JULIACA,17.8888
21.06.2024,COMB-32-2024,LIMA,16.7324
21.06.2024,COMB-32-2024,MOLLENDO,17.405
21.06.2024,COMB-32-2024,PISCO,17.0864
21.06.2024,COMB-32-2024,PIURA,16.933
21.06.2024,COMB-32-2024,PTO. MALDONADO,14.8
21.06.2024,COMB-32-2024,PUCALLPA,12.57
21.06.2024,COMB-32-2024,SALAVERRY,17.051
21.06.2024,COMB-32-2024,SUPE,16.8858
21.06.2024,COMB-32-2024,TALARA,16.7324
21.06.2024,COMB-32-2024,TARAPOTO,17.8475
21.06.2024,COMB-32-2024,YURIMAGUAS,13.0
21.07.2022,COMB-33-2022,CHIMBOTE,23.6944
21.07.2022,COMB-33-2022,CUSCO,24.3434
21.07.2022,COMB-33-2022,EL MILAGRO,23.8596
21.07.2022,COMB-33-2022,ETEN,23.8242
21.07.2022,COMB-33-2022,ILO,24.131
21.07.2022,COMB-33-2022,JULIACA,24.4024
21.07.2022,COMB-33-2022,LIMA,23.5292
21.07.2022,COMB-33-2022,MOLLENDO,24.0838
21.07.2022,COMB-33-2022,PISCO,23.7652
21.07.2022,COMB-33-2022,PIURA,23.7298
21.07.2022,COMB-33-2022,PTO. MALDONADO,20.46
21.07.2022,COMB-33-2022,SALAVERRY,23.8478
21.07.2022,COMB-33-2022,SUPE,23.5646
21.07.2022,COMB-33-2022,TALARA,23.5292
21.07.2022,COMB-33-2022,TARAPOTO,24.0071
21.07.2023,COMB-34-2023,CHIMBOTE,18.7148
21.07.2023,COMB-34-2023,CUSCO,19.6942
21.07.2023,COMB-34-2023,EL MILAGRO,19.1514
21.07.2023,COMB-34-2023,ETEN,18.7266
21.07.2023,COMB-34-2023,ILO,19.2812
21.07.2023,COMB-34-2023,IQUITOS,14.02
21.07.2023,COMB-34-2023,JULIACA,19.588
21.07.2023,COMB-34-2023,LIMA,18.4316
21.07.2023,COMB-34-2023,MOLLENDO,19.1042
21.07.2023,COMB-34-2023,PISCO,18.7856
21.07.2023,COMB-34-2023,PIURA,18.6322
21.07.2023,COMB-34-2023,PTO. MALDONADO,16.24
21.07.2023,COMB-34-2023,PUCALLPA,14.01
21.07.2023,COMB-34-2023,SALAVERRY,18.7502
21.07.2023,COMB-34-2023,SUPE,18.585
21.07.2023,COMB-34-2023,TALARA,18.4316
21.07.2023,COMB-34-2023,TARAPOTO,19.4995
21.07.2023,COMB-34-2023,YURIMAGUAS,14.44
21.07.2026,COMB-52-2026,CHIMBOTE,22.479
21.07.2026,COMB-52-2026,CUSCO,24.4024
21.07.2026,COMB-52-2026,EL MILAGRO,24.7918
21.07.2026,COMB-52-2026,ETEN,23.2224
21.07.2026,COMB-52-2026,ILO,24.088
21.07.2026,COMB-52-2026,IQUITOS,20.25
21.07.2026,COMB-52-2026,JULIACA,24.4614
21.07.2026,COMB-52-2026,LIMA,22.5852
21.07.2026,COMB-52-2026,MOLLENDO,23.836
21.07.2026,COMB-52-2026,PISCO,22.4554
21.07.2026,COMB-52-2026,PIURA,23.9776
21.07.2026,COMB-52-2026,PTO. MALDONADO,20.5183
21.07.2026,COMB-52-2026,PUCALLPA,19.36
21.07.2026,COMB-52-2026,SALAVERRY,23.4702
21.07.2026,COMB-52-2026,SUPE,22.8094
21.07.2026,COMB-52-2026,TALARA,23.777
21.07.2026,COMB-52-2026,TARAPOTO,25.1045
21.07.2026,COMB-52-2026,YURIMAGUAS,20.1
21.10.2021,COMB-50-2021,CHIMBOTE,16.6144
21.10.2021,COMB-50-2021,CUSCO,17.2634
21.10.2021,COMB-50-2021,EL MILAGRO,16.7796
21.10.2021,COMB-50-2021,ETEN,16.7442
21.10.2021,COMB-50-2021,ILO,17.051
21.10.2021,COMB-50-2021,JULIACA,17.3224
21.10.2021,COMB-50-2021,LIMA,16.4492
21.10.2021,COMB-50-2021,MOLLENDO,17.0038
21.10.2021,COMB-50-2021,PISCO,16.6852
21.10.2021,COMB-50-2021,PIURA,16.6498
21.10.2021,COMB-50-2021,PTO. MALDONADO,14.46
21.10.2021,COMB-50-2021,SALAVERRY,16.7678
21.10.2021,COMB-50-2021,SUPE,16.4846
21.10.2021,COMB-50-2021,TALARA,16.4492
21.10.2021,COMB-50-2021,TARAPOTO,16.9271
21.11.2024,COMB-60-2024,CHIMBOTE,15.7884
21.11.2024,COMB-60-2024,CUSCO,16.7678
21.11.2024,COMB-60-2024,EL MILAGRO,17.0392
21.11.2024,COMB-60-2024,ETEN,15.8002
21.11.2024,COMB-60-2024,ILO,16.3548
21.11.2024,COMB-60-2024,IQUITOS,12.23
21.11.2024,COMB-60-2024,JULIACA,16.6616
21.11.2024,COMB-60-2024,LIMA,15.5052
21.11.2024,COMB-60-2024,MOLLENDO,16.1778
21.11.2024,COMB-60-2024,PISCO,15.8592
21.11.2024,COMB-60-2024,PIURA,15.7058
21.11.2024,COMB-60-2024,PTO. MALDONADO,14.45
21.11.2024,COMB-60-2024,PUCALLPA,12.22
21.11.2024,COMB-60-2024,SALAVERRY,15.8238
21.11.2024,COMB-60-2024,SUPE,15.6586
21.11.2024,COMB-60-2024,TALARA,15.5052
21.11.2024,COMB-60-2024,TARAPOTO,17.4345
21.11.2024,COMB-60-2024,YURIMAGUAS,12.65
21.12.2024,COMB-67-2024,CHIMBOTE,15.4462
21.12.2024,COMB-67-2024,CUSCO,16.4256
21.12.2024,COMB-67-2024,EL MILAGRO,16.697
21.12.2024,COMB-67-2024,ETEN,15.458
21.12.2024,COMB-67-2024,ILO,16.0126
21.12.2024,COMB-67-2024,IQUITOS,11.94
21.12.2024,COMB-67-2024,JULIACA,16.3194
21.12.2024,COMB-67-2024,LIMA,15.163
21.12.2024,COMB-67-2024,MOLLENDO,15.8356
21.12.2024,COMB-67-2024,PISCO,15.517
21.12.2024,COMB-67-2024,PIURA,15.3636
21.12.2024,COMB-67-2024,PTO. MALDONADO,13.96
21.12.2024,COMB-67-2024,PUCALLPA,11.93
21.12.2024,COMB-67-2024,SALAVERRY,15.4816
21.12.2024,COMB-67-2024,SUPE,15.3164
21.12.2024,COMB-67-2024,TALARA,15.163
21.12.2024,COMB-67-2024,TARAPOTO,17.0923
21.12.2024,COMB-67-2024,YURIMAGUAS,12.36
22.03.2024,COMB-16-2024,CHIMBOTE,18.0422
22.03.2024,COMB-16-2024,CUSCO,19.0216
22.03.2024,COMB-16-2024,EL MILAGRO,18.4788
22.03.2024,COMB-16-2024,ETEN,18.054
22.03.2024,COMB-16-2024,ILO,18.6086
22.03.2024,COMB-16-2024,IQUITOS,13.45
22.03.2024,COMB-16-2024,JULIACA,18.9154
22.03.2024,COMB-16-2024,LIMA,17.759
22.03.2024,COMB-16-2024,MOLLENDO,18.4316
22.03.2024,COMB-16-2024,PISCO,18.113
22.03.2024,COMB-16-2024,PIURA,17.9596
22.03.2024,COMB-16-2024,PTO. MALDONADO,15.67
22.03.2024,COMB-16-2024,PUCALLPA,13.44
22.03.2024,COMB-16-2024,SALAVERRY,18.0776
22.03.2024,COMB-16-2024,SUPE,17.9124
22.03.2024,COMB-16-2024,TALARA,17.759
22.03.2024,COMB-16-2024,TARAPOTO,18.8269
22.03.2024,COMB-16-2024,YURIMAGUAS,13.87
22.04.2021,COMB-17-2021,CHIMBOTE,11.9416
22.04.2021,COMB-17-2021,CUSCO,12.5906
22.04.2021,COMB-17-2021,EL MILAGRO,12.1068
22.04.2021,COMB-17-2021,ETEN,12.0714
22.04.2021,COMB-17-2021,ILO,12.3782
22.04.2021,COMB-17-2021,JULIACA,12.6496
22.04.2021,COMB-17-2021,LIMA,11.7764
22.04.2021,COMB-17-2021,MOLLENDO,12.331
22.04.2021,COMB-17-2021,PISCO,12.0124
22.04.2021,COMB-17-2021,PIURA,11.977
22.04.2021,COMB-17-2021,PTO. MALDONADO,10.5
22.04.2021,COMB-17-2021,SALAVERRY,12.095
22.04.2021,COMB-17-2021,SUPE,11.8708
22.04.2021,COMB-17-2021,TALARA,11.7764
22.04.2021,COMB-17-2021,TARAPOTO,12.2543
22.04.2025,COMB-27-2025,CHIMBOTE,15.0214
22.04.2025,COMB-27-2025,CUSCO,16.0008
22.04.2025,COMB-27-2025,EL MILAGRO,16.2722
22.04.2025,COMB-27-2025,ETEN,15.0332
22.04.2025,COMB-27-2025,ILO,15.5878
22.04.2025,COMB-27-2025,IQUITOS,11.58
22.04.2025,COMB-27-2025,JULIACA,15.8946
22.04.2025,COMB-27-2025,LIMA,14.7382
22.04.2025,COMB-27-2025,MOLLENDO,15.4108
22.04.2025,COMB-27-2025,PISCO,15.0922
22.04.2025,COMB-27-2025,PIURA,14.9388
22.04.2025,COMB-27-2025,PTO. MALDONADO,13.6
22.04.2025,COMB-27-2025,PUCALLPA,11.57
22.04.2025,COMB-27-2025,SALAVERRY,15.0568
22.04.2025,COMB-27-2025,SUPE,14.8916
22.04.2025,COMB-27-2025,TALARA,14.7382
22.04.2025,COMB-27-2025,TARAPOTO,16.6675
22.04.2025,COMB-27-2025,YURIMAGUAS,12.0
22.05.2025,COMB-33-2025,CHIMBOTE,15.045
22.05.2025,COMB-33-2025,CUSCO,16.0244
22.05.2025,COMB-33-2025,EL MILAGRO,16.2958
22.05.2025,COMB-33-2025,ETEN,15.0568
22.05.2025,COMB-33-2025,ILO,15.6114
22.05.2025,COMB-33-2025,IQUITOS,11.35
22.05.2025,COMB-33-2025,JULIACA,15.9182
22.05.2025,COMB-33-2025,LIMA,14.7618
22.05.2025,COMB-33-2025,MOLLENDO,15.4344
22.05.2025,COMB-33-2025,PISCO,15.1158
22.05.2025,COMB-33-2025,PIURA,14.9624
22.05.2025,COMB-33-2025,PTO. MALDONADO,13.37
22.05.2025,COMB-33-2025,PUCALLPA,11.34
22.05.2025,COMB-33-2025,SALAVERRY,15.0804
22.05.2025,COMB-33-2025,SUPE,14.9152
22.05.2025,COMB-33-2025,TALARA,14.7618
22.05.2025,COMB-33-2025,TARAPOTO,16.6911
22.05.2025,COMB-33-2025,YURIMAGUAS,11.77
22.05.2026,COMB-31-2026,CHIMBOTE,20.3314
22.05.2026,COMB-31-2026,CUSCO,23.4348
22.05.2026,COMB-31-2026,EL MILAGRO,22.2312
22.05.2026,COMB-31-2026,ETEN,21.004
22.05.2026,COMB-31-2026,ILO,23.5882
22.05.2026,COMB-31-2026,IQUITOS,18.41
22.05.2026,COMB-31-2026,JULIACA,23.3286
22.05.2026,COMB-31-2026,LIMA,20.7208
22.05.2026,COMB-31-2026,MOLLENDO,23.1516
22.05.2026,COMB-31-2026,PISCO,21.1692
22.05.2026,COMB-31-2026,PIURA,19.9184
22.05.2026,COMB-31-2026,PTO. MALDONADO,19.7183
22.05.2026,COMB-31-2026,PUCALLPA,18.47
22.05.2026,COMB-31-2026,SALAVERRY,21.3698
22.05.2026,COMB-31-2026,SUPE,20.9686
22.05.2026,COMB-31-2026,TALARA,19.7178
22.05.2026,COMB-31-2026,TARAPOTO,22.6265
22.05.2026,COMB-31-2026,YURIMAGUAS,16.9
22.07.2021,COMB-34-2021,CHIMBOTE,14.455
22.07.2021,COMB-34-2021,CUSCO,15.104
22.07.2021,COMB-34-2021,EL MILAGRO,14.6202
22.07.2021,COMB-34-2021,ETEN,14.5848
22.07.2021,COMB-34-2021,ILO,14.8916
22.07.2021,COMB-34-2021,JULIACA,15.163
22.07.2021,COMB-34-2021,LIMA,14.2898
22.07.2021,COMB-34-2021,MOLLENDO,14.8444
22.07.2021,COMB-34-2021,PISCO,14.5258
22.07.2021,COMB-34-2021,PIURA,14.4904
22.07.2021,COMB-34-2021,PTO. MALDONADO,12.63
22.07.2021,COMB-34-2021,SALAVERRY,14.6084
22.07.2021,COMB-34-2021,SUPE,14.3842
22.07.2021,COMB-34-2021,TALARA,14.2898
22.07.2021,COMB-34-2021,TARAPOTO,14.7677
22.07.2025,COMB-48-2025,CHIMBOTE,14.4786
22.07.2025,COMB-48-2025,CUSCO,15.458
22.07.2025,COMB-48-2025,EL MILAGRO,15.7294
22.07.2025,COMB-48-2025,ETEN,14.4904
22.07.2025,COMB-48-2025,ILO,15.045
22.07.2025,COMB-48-2025,IQUITOS,11.37
22.07.2025,COMB-48-2025,JULIACA,15.3518
22.07.2025,COMB-48-2025,LIMA,14.1954
22.07.2025,COMB-48-2025,MOLLENDO,14.868
22.07.2025,COMB-48-2025,PISCO,14.5494
22.07.2025,COMB-48-2025,PIURA,12.803
22.07.2025,COMB-48-2025,PTO. MALDONADO,13.39
22.07.2025,COMB-48-2025,PUCALLPA,11.36
22.07.2025,COMB-48-2025,SALAVERRY,14.514
22.07.2025,COMB-48-2025,SUPE,14.3488
22.07.2025,COMB-48-2025,TALARA,12.6024
22.07.2025,COMB-48-2025,TARAPOTO,16.1247
22.07.2025,COMB-48-2025,YURIMAGUAS,11.79
22.09.2022,COMB-44-2022,CHIMBOTE,22.2312
22.09.2022,COMB-44-2022,CUSCO,22.8802
22.09.2022,COMB-44-2022,EL MILAGRO,22.3964
22.09.2022,COMB-44-2022,ETEN,22.361
22.09.2022,COMB-44-2022,ILO,22.6678
22.09.2022,COMB-44-2022,JULIACA,22.9392
22.09.2022,COMB-44-2022,LIMA,22.066
22.09.2022,COMB-44-2022,MOLLENDO,22.6206
22.09.2022,COMB-44-2022,PISCO,22.302
22.09.2022,COMB-44-2022,PIURA,22.2666
22.09.2022,COMB-44-2022,PTO. MALDONADO,19.22
22.09.2022,COMB-44-2022,SALAVERRY,22.3846
22.09.2022,COMB-44-2022,SUPE,22.1014
22.09.2022,COMB-44-2022,TALARA,22.066
22.09.2022,COMB-44-2022,TARAPOTO,22.5439
22.09.2023,COMB-48-2023,CHIMBOTE,22.6206
22.09.2023,COMB-48-2023,CUSCO,23.6
22.09.2023,COMB-48-2023,EL MILAGRO,23.0572
22.09.2023,COMB-48-2023,ETEN,22.6324
22.09.2023,COMB-48-2023,ILO,23.187
22.09.2023,COMB-48-2023,IQUITOS,17.33
22.09.2023,COMB-48-2023,JULIACA,23.4938
22.09.2023,COMB-48-2023,LIMA,22.3374
22.09.2023,COMB-48-2023,MOLLENDO,23.01
22.09.2023,COMB-48-2023,PISCO,22.6914
22.09.2023,COMB-48-2023,PIURA,22.538
22.09.2023,COMB-48-2023,PTO. MALDONADO,19.55
22.09.2023,COMB-48-2023,PUCALLPA,17.32
22.09.2023,COMB-48-2023,SALAVERRY,22.656
22.09.2023,COMB-48-2023,SUPE,22.4908
22.09.2023,COMB-48-2023,TALARA,22.3374
22.09.2023,COMB-48-2023,TARAPOTO,23.4053
22.09.2023,COMB-48-2023,YURIMAGUAS,17.75
22.10.2021,COMB-51-2021,CHIMBOTE,16.343
22.10.2021,COMB-51-2021,CUSCO,16.992
22.10.2021,COMB-51-2021,EL MILAGRO,16.5082
22.10.2021,COMB-51-2021,ETEN,16.4728
22.10.2021,COMB-51-2021,ILO,16.7796
22.10.2021,COMB-51-2021,JULIACA,17.051
22.10.2021,COMB-51-2021,LIMA,16.1778
22.10.2021,COMB-51-2021,MOLLENDO,16.7324
22.10.2021,COMB-51-2021,PISCO,16.4138
22.10.2021,COMB-51-2021,PIURA,16.3784
22.10.2021,COMB-51-2021,PTO. MALDONADO,14.23
22.10.2021,COMB-51-2021,SALAVERRY,16.4964
22.10.2021,COMB-51-2021,SUPE,16.2132
22.10.2021,COMB-51-2021,TALARA,16.1778
22.10.2021,COMB-51-2021,TARAPOTO,16.6557
22.10.2024,COMB-52-2024,CHIMBOTE,15.9536
22.10.2024,COMB-52-2024,CUSCO,16.933
22.10.2024,COMB-52-2024,EL MILAGRO,17.2044
22.10.2024,COMB-52-2024,ETEN,15.9654
22.10.2024,COMB-52-2024,ILO,16.52
22.10.2024,COMB-52-2024,IQUITOS,12.37
22.10.2024,COMB-52-2024,JULIACA,16.8268
22.10.2024,COMB-52-2024,LIMA,15.6704
22.10.2024,COMB-52-2024,MOLLENDO,16.343
22.10.2024,COMB-52-2024,PISCO,16.0244
22.10.2024,COMB-52-2024,PIURA,15.871
22.10.2024,COMB-52-2024,PTO. MALDONADO,14.59
22.10.2024,COMB-52-2024,PUCALLPA,12.36
22.10.2024,COMB-52-2024,SALAVERRY,15.989
22.10.2024,COMB-52-2024,SUPE,15.8238
22.10.2024,COMB-52-2024,TALARA,15.6704
22.10.2024,COMB-52-2024,TARAPOTO,17.5997
22.10.2024,COMB-52-2024,YURIMAGUAS,12.79
22.12.2022,COMB-59-2022,CHIMBOTE,20.7916
22.12.2022,COMB-59-2022,CUSCO,21.4406
22.12.2022,COMB-59-2022,EL MILAGRO,20.9568
22.12.2022,COMB-59-2022,ETEN,20.9214
22.12.2022,COMB-59-2022,ILO,21.2282
22.12.2022,COMB-59-2022,IQUITOS,15.81
22.12.2022,COMB-59-2022,JULIACA,21.4996
22.12.2022,COMB-59-2022,LIMA,20.6264
22.12.2022,COMB-59-2022,MOLLENDO,21.181
22.12.2022,COMB-59-2022,PISCO,20.8624
22.12.2022,COMB-59-2022,PIURA,20.827
22.12.2022,COMB-59-2022,PTO. MALDONADO,18.0
22.12.2022,COMB-59-2022,PUCALLPA,15.8
22.12.2022,COMB-59-2022,SALAVERRY,20.945
22.12.2022,COMB-59-2022,SUPE,20.6618
22.12.2022,COMB-59-2022,TALARA,20.6264
22.12.2022,COMB-59-2022,TARAPOTO,21.1043
22.12.2022,COMB-59-2022,YURIMAGUAS,16.23
22.12.2023,COMB-65-2023,CHIMBOTE,19.6352
22.12.2023,COMB-65-2023,CUSCO,20.6146
22.12.2023,COMB-65-2023,EL MILAGRO,20.0718
22.12.2023,COMB-65-2023,ETEN,19.647
22.12.2023,COMB-65-2023,ILO,20.2016
22.12.2023,COMB-65-2023,IQUITOS,14.8
22.12.2023,COMB-65-2023,JULIACA,20.5084
22.12.2023,COMB-65-2023,LIMA,19.352
22.12.2023,COMB-65-2023,MOLLENDO,20.0246
22.12.2023,COMB-65-2023,PISCO,19.706
22.12.2023,COMB-65-2023,PIURA,19.5526
22.12.2023,COMB-65-2023,PTO. MALDONADO,17.02
22.12.2023,COMB-65-2023,PUCALLPA,14.79
22.12.2023,COMB-65-2023,SALAVERRY,19.6706
22.12.2023,COMB-65-2023,SUPE,19.5054
22.12.2023,COMB-65-2023,TALARA,19.352
22.12.2023,COMB-65-2023,TARAPOTO,20.4199
22.12.2023,COMB-65-2023,YURIMAGUAS,15.22
23.01.2025,COMB-07-2025,CHIMBOTE,16.6498
23.01.2025,COMB-07-2025,CUSCO,17.6292
23.01.2025,COMB-07-2025,EL MILAGRO,17.9006
23.01.2025,COMB-07-2025,ETEN,16.6616
23.01.2025,COMB-07-2025,ILO,17.2162
23.01.2025,COMB-07-2025,IQUITOS,12.96
23.01.2025,COMB-07-2025,JULIACA,17.523
23.01.2025,COMB-07-2025,LIMA,16.3666
23.01.2025,COMB-07-2025,MOLLENDO,17.0392
23.01.2025,COMB-07-2025,PISCO,16.7206
23.01.2025,COMB-07-2025,PIURA,16.5672
23.01.2025,COMB-07-2025,PTO. MALDONADO,14.98
23.01.2025,COMB-07-2025,PUCALLPA,12.95
23.01.2025,COMB-07-2025,SALAVERRY,16.6852
23.01.2025,COMB-07-2025,SUPE,16.52
23.01.2025,COMB-07-2025,TALARA,16.3666
23.01.2025,COMB-07-2025,TARAPOTO,18.2959
23.01.2025,COMB-07-2025,YURIMAGUAS,13.38
23.02.2024,COMB-11-2024,CHIMBOTE,19.2222
23.02.2024,COMB-11-2024,CUSCO,20.2016
23.02.2024,COMB-11-2024,EL MILAGRO,19.6588
23.02.2024,COMB-11-2024,ETEN,19.234
23.02.2024,COMB-11-2024,ILO,19.7886
23.02.2024,COMB-11-2024,IQUITOS,14.45
23.02.2024,COMB-11-2024,JULIACA,20.0954
23.02.2024,COMB-11-2024,LIMA,18.939
23.02.2024,COMB-11-2024,MOLLENDO,19.6116
23.02.2024,COMB-11-2024,PISCO,19.293
23.02.2024,COMB-11-2024,PIURA,19.1396
23.02.2024,COMB-11-2024,PTO. MALDONADO,16.67
23.02.2024,COMB-11-2024,PUCALLPA,14.44
23.02.2024,COMB-11-2024,SALAVERRY,19.2576
23.02.2024,COMB-11-2024,SUPE,19.0924
23.02.2024,COMB-11-2024,TALARA,18.939
23.02.2024,COMB-11-2024,TARAPOTO,20.0069
23.02.2024,COMB-11-2024,YURIMAGUAS,14.87
23.06.2022,COMB-29-2022,CHIMBOTE,24.1428
23.06.2022,COMB-29-2022,CUSCO,24.7918
23.06.2022,COMB-29-2022,EL MILAGRO,24.308
23.06.2022,COMB-29-2022,ETEN,24.2726
23.06.2022,COMB-29-2022,ILO,24.5794
23.06.2022,COMB-29-2022,JULIACA,24.8508
23.06.2022,COMB-29-2022,LIMA,23.9776
23.06.2022,COMB-29-2022,MOLLENDO,24.5322
23.06.2022,COMB-29-2022,PISCO,24.2136
23.06.2022,COMB-29-2022,PIURA,24.1782
23.06.2022,COMB-29-2022,PTO. MALDONADO,15.51
23.06.2022,COMB-29-2022,SALAVERRY,24.2962
23.06.2022,COMB-29-2022,SUPE,24.013
23.06.2022,COMB-29-2022,TALARA,23.9776
23.06.2022,COMB-29-2022,TARAPOTO,24.4555
23.06.2023,COMB-28-2023,CHIMBOTE,18.0776
23.06.2023,COMB-28-2023,CUSCO,19.057
23.06.2023,COMB-28-2023,EL MILAGRO,18.5142
23.06.2023,COMB-28-2023,ETEN,18.0894
23.06.2023,COMB-28-2023,ILO,18.644
23.06.2023,COMB-28-2023,IQUITOS,13.48
23.06.2023,COMB-28-2023,JULIACA,18.9508
23.06.2023,COMB-28-2023,LIMA,17.7944
23.06.2023,COMB-28-2023,MOLLENDO,18.467
23.06.2023,COMB-28-2023,PISCO,18.1484
23.06.2023,COMB-28-2023,PIURA,17.995
23.06.2023,COMB-28-2023,PTO. MALDONADO,15.7
23.06.2023,COMB-28-2023,PUCALLPA,13.47
23.06.2023,COMB-28-2023,SALAVERRY,18.113
23.06.2023,COMB-28-2023,SUPE,17.9478
23.06.2023,COMB-28-2023,TALARA,17.7944
23.06.2023,COMB-28-2023,TARAPOTO,18.8623
23.06.2023,COMB-28-2023,YURIMAGUAS,13.9
23.06.2026,COMB-43-2026,CHIMBOTE,18.8564
23.06.2026,COMB-43-2026,CUSCO,20.6854
23.06.2026,COMB-43-2026,EL MILAGRO,20.591
23.06.2026,COMB-43-2026,ETEN,18.8446
23.06.2026,COMB-43-2026,ILO,20.8388
23.06.2026,COMB-43-2026,IQUITOS,16.18
23.06.2026,COMB-43-2026,JULIACA,20.5792
23.06.2026,COMB-43-2026,LIMA,18.9154
23.06.2026,COMB-43-2026,MOLLENDO,20.4022
23.06.2026,COMB-43-2026,PISCO,19.1278
23.06.2026,COMB-43-2026,PIURA,18.2782
23.06.2026,COMB-43-2026,PTO. MALDONADO,17.4883
23.06.2026,COMB-43-2026,PUCALLPA,16.24
23.06.2026,COMB-43-2026,SALAVERRY,19.5408
23.06.2026,COMB-43-2026,SUPE,19.3756
23.06.2026,COMB-43-2026,TALARA,18.0776
23.06.2026,COMB-43-2026,TARAPOTO,20.9863
23.06.2026,COMB-43-2026,YURIMAGUAS,14.61
23.07.2026,COMB-53-2026,CHIMBOTE,22.479
23.07.2026,COMB-53-2026,CUSCO,24.4024
23.07.2026,COMB-53-2026,EL MILAGRO,24.7918
23.07.2026,COMB-53-2026,ETEN,23.2224
23.07.2026,COMB-53-2026,ILO,24.088
23.07.2026,COMB-53-2026,IQUITOS,20.25
23.07.2026,COMB-53-2026,JULIACA,24.4614
23.07.2026,COMB-53-2026,LIMA,22.5852
23.07.2026,COMB-53-2026,MOLLENDO,23.836
23.07.2026,COMB-53-2026,PISCO,22.4554
23.07.2026,COMB-53-2026,PIURA,23.9776
23.07.2026,COMB-53-2026,PTO. MALDONADO,20.5183
23.07.2026,COMB-53-2026,PUCALLPA,19.36
23.07.2026,COMB-53-2026,SALAVERRY,23.4702
23.07.2026,COMB-53-2026,SUPE,22.8094
23.07.2026,COMB-53-2026,TALARA,23.777
23.07.2026,COMB-53-2026,TARAPOTO,25.1045
23.07.2026,COMB-53-2026,YURIMAGUAS,20.1
23.08.2024,COMB-42-2024,CHIMBOTE,16.6262
23.08.2024,COMB-42-2024,CUSCO,17.6056
23.08.2024,COMB-42-2024,EL MILAGRO,17.0628
23.08.2024,COMB-42-2024,ETEN,16.638
23.08.2024,COMB-42-2024,ILO,17.1926
23.08.2024,COMB-42-2024,IQUITOS,12.25
23.08.2024,COMB-42-2024,JULIACA,17.4994
23.08.2024,COMB-42-2024,LIMA,16.343
23.08.2024,COMB-42-2024,MOLLENDO,17.0156
23.08.2024,COMB-42-2024,PISCO,16.697
23.08.2024,COMB-42-2024,PIURA,16.5436
23.08.2024,COMB-42-2024,PTO. MALDONADO,14.47
23.08.2024,COMB-42-2024,PUCALLPA,12.24
23.08.2024,COMB-42-2024,SALAVERRY,16.6616
23.08.2024,COMB-42-2024,SUPE,16.4964
23.08.2024,COMB-42-2024,TALARA,16.343
23.08.2024,COMB-42-2024,TARAPOTO,17.4581
23.08.2024,COMB-42-2024,YURIMAGUAS,12.67
23.08.2025,COMB-55-2025,CHIMBOTE,13.452
23.08.2025,COMB-55-2025,CUSCO,14.4314
23.08.2025,COMB-55-2025,EL MILAGRO,14.7028
23.08.2025,COMB-55-2025,ETEN,13.4638
23.08.2025,COMB-55-2025,ILO,14.0184
23.08.2025,COMB-55-2025,IQUITOS,11.37
23.08.2025,COMB-55-2025,JULIACA,14.3252
23.08.2025,COMB-55-2025,LIMA,13.1688
23.08.2025,COMB-55-2025,MOLLENDO,13.8414
23.08.2025,COMB-55-2025,PISCO,13.5228
23.08.2025,COMB-55-2025,PIURA,12.4726
23.08.2025,COMB-55-2025,PTO. MALDONADO,13.39
23.08.2025,COMB-55-2025,PUCALLPA,11.36
23.08.2025,COMB-55-2025,SALAVERRY,13.4874
23.08.2025,COMB-55-2025,SUPE,13.3222
23.08.2025,COMB-55-2025,TALARA,12.272
23.08.2025,COMB-55-2025,TARAPOTO,15.0981
23.08.2025,COMB-55-2025,YURIMAGUAS,11.79
23.09.2021,COMB-46-2021,CHIMBOTE,15.4344
23.09.2021,COMB-46-2021,CUSCO,16.0834
23.09.2021,COMB-46-2021,EL MILAGRO,15.5996
23.09.2021,COMB-46-2021,ETEN,15.5642
23.09.2021,COMB-46-2021,ILO,15.871
23.09.2021,COMB-46-2021,JULIACA,16.1424
23.09.2021,COMB-46-2021,LIMA,15.2692
23.09.2021,COMB-46-2021,MOLLENDO,15.8238
23.09.2021,COMB-46-2021,PISCO,15.5052
23.09.2021,COMB-46-2021,PIURA,15.4698
23.09.2021,COMB-46-2021,PTO. MALDONADO,13.46
23.09.2021,COMB-46-2021,SALAVERRY,15.5878
23.09.2021,COMB-46-2021,SUPE,15.3046
23.09.2021,COMB-46-2021,TALARA,15.2692
23.09.2021,COMB-46-2021,TARAPOTO,15.7471
23.09.2025,COMB-61-2025,CHIMBOTE,13.6526
23.09.2025,COMB-61-2025,CUSCO,14.632
23.09.2025,COMB-61-2025,EL MILAGRO,14.9034
23.09.2025,COMB-61-2025,ETEN,13.6644
23.09.2025,COMB-61-2025,ILO,14.219
23.09.2025,COMB-61-2025,IQUITOS,11.57
23.09.2025,COMB-61-2025,JULIACA,14.5258
23.09.2025,COMB-61-2025,LIMA,13.3694
23.09.2025,COMB-61-2025,MOLLENDO,14.042
23.09.2025,COMB-61-2025,PISCO,13.7234
23.09.2025,COMB-61-2025,PIURA,12.5906
23.09.2025,COMB-61-2025,PTO. MALDONADO,13.59
23.09.2025,COMB-61-2025,PUCALLPA,11.56
23.09.2025,COMB-61-2025,SALAVERRY,13.688
23.09.2025,COMB-61-2025,SUPE,13.5228
23.09.2025,COMB-61-2025,TALARA,12.39
23.09.2025,COMB-61-2025,TARAPOTO,15.2987
23.09.2025,COMB-61-2025,YURIMAGUAS,11.99
23.10.2021,COMB-52-2021,CHIMBOTE,16.0244
23.10.2021,COMB-52-2021,CUSCO,16.6734
23.10.2021,COMB-52-2021,EL MILAGRO,16.1896
23.10.2021,COMB-52-2021,ETEN,16.1542
23.10.2021,COMB-52-2021,ILO,16.461
23.10.2021,COMB-52-2021,JULIACA,16.7324
23.10.2021,COMB-52-2021,LIMA,15.8592
23.10.2021,COMB-52-2021,MOLLENDO,16.4138
23.10.2021,COMB-52-2021,PISCO,16.0952
23.10.2021,COMB-52-2021,PIURA,16.0598
23.10.2021,COMB-52-2021,PTO. MALDONADO,13.96
23.10.2021,COMB-52-2021,SALAVERRY,16.1778
23.10.2021,COMB-52-2021,SUPE,15.8946
23.10.2021,COMB-52-2021,TALARA,15.8592
23.10.2021,COMB-52-2021,TARAPOTO,16.3371
23.12.2025,COMB-82-2025,CHIMBOTE,13.0862
23.12.2025,COMB-82-2025,CUSCO,15.1512
23.12.2025,COMB-82-2025,EL MILAGRO,14.6674
23.12.2025,COMB-82-2025,ETEN,13.688
23.12.2025,COMB-82-2025,ILO,14.4196
23.12.2025,COMB-82-2025,IQUITOS,11.69
23.12.2025,COMB-82-2025,JULIACA,15.045
23.12.2025,COMB-82-2025,LIMA,13.452
23.12.2025,COMB-82-2025,MOLLENDO,14.573
23.12.2025,COMB-82-2025,PISCO,13.747
23.12.2025,COMB-82-2025,PIURA,12.6496
23.12.2025,COMB-82-2025,PTO. MALDONADO,12.2483
23.12.2025,COMB-82-2025,PUCALLPA,11.68
23.12.2025,COMB-82-2025,SALAVERRY,13.9476
23.12.2025,COMB-82-2025,SUPE,13.5464
23.12.2025,COMB-82-2025,TALARA,12.449
23.12.2025,COMB-82-2025,TARAPOTO,15.0627
23.12.2025,COMB-82-2025,YURIMAGUAS,12.11
24.02.2023,COMB-09-2023,CHIMBOTE,21.3108
24.02.2023,COMB-09-2023,CUSCO,21.9598
24.02.2023,COMB-09-2023,EL MILAGRO,21.476
24.02.2023,COMB-09-2023,ETEN,21.4406
24.02.2023,COMB-09-2023,ILO,21.7474
24.02.2023,COMB-09-2023,IQUITOS,16.22
24.02.2023,COMB-09-2023,JULIACA,22.0188
24.02.2023,COMB-09-2023,LIMA,21.1456
24.02.2023,COMB-09-2023,MOLLENDO,21.7002
24.02.2023,COMB-09-2023,PISCO,21.3816
24.02.2023,COMB-09-2023,PIURA,21.3462
24.02.2023,COMB-09-2023,PTO. MALDONADO,18.44
24.02.2023,COMB-09-2023,PUCALLPA,16.21
24.02.2023,COMB-09-2023,SALAVERRY,21.4642
24.02.2023,COMB-09-2023,SUPE,21.181
24.02.2023,COMB-09-2023,TALARA,21.1456
24.02.2023,COMB-09-2023,TARAPOTO,21.6235
24.02.2023,COMB-09-2023,YURIMAGUAS,16.64
24.02.2026,COMB-10-2026,CHIMBOTE,13.2868
24.02.2026,COMB-10-2026,CUSCO,14.8208
24.02.2026,COMB-10-2026,EL MILAGRO,14.7382
24.02.2026,COMB-10-2026,ETEN,13.8886
24.02.2026,COMB-10-2026,ILO,14.3842
24.02.2026,COMB-10-2026,IQUITOS,12.16
24.02.2026,COMB-10-2026,JULIACA,14.7146
24.02.2026,COMB-10-2026,LIMA,13.6526
24.02.2026,COMB-10-2026,MOLLENDO,14.5376
24.02.2026,COMB-10-2026,PISCO,14.3016
24.02.2026,COMB-10-2026,PIURA,12.4254
24.02.2026,COMB-10-2026,PTO. MALDONADO,12.4183
24.02.2026,COMB-10-2026,PUCALLPA,12.15
24.02.2026,COMB-10-2026,SALAVERRY,14.1482
24.02.2026,COMB-10-2026,SUPE,14.101
24.02.2026,COMB-10-2026,TALARA,12.2248
24.02.2026,COMB-10-2026,TARAPOTO,15.1335
24.02.2026,COMB-10-2026,YURIMAGUAS,12.58
24.03.2022,COMB-15-2022,CHIMBOTE,20.6146
24.03.2022,COMB-15-2022,CUSCO,21.2636
24.03.2022,COMB-15-2022,EL MILAGRO,20.7798
24.03.2022,COMB-15-2022,ETEN,20.7444
24.03.2022,COMB-15-2022,ILO,21.0512
24.03.2022,COMB-15-2022,IQUITOS,16.11
24.03.2022,COMB-15-2022,JULIACA,21.3226
24.03.2022,COMB-15-2022,LIMA,20.4494
24.03.2022,COMB-15-2022,MOLLENDO,21.004
24.03.2022,COMB-15-2022,PISCO,20.6854
24.03.2022,COMB-15-2022,PIURA,20.65
24.03.2022,COMB-15-2022,PTO. MALDONADO,17.85
24.03.2022,COMB-15-2022,PUCALLPA,16.1
24.03.2022,COMB-15-2022,SALAVERRY,20.768
24.03.2022,COMB-15-2022,SUPE,20.4848
24.03.2022,COMB-15-2022,TALARA,20.4494
24.03.2022,COMB-15-2022,TARAPOTO,20.9273
24.03.2022,COMB-15-2022,YURIMAGUAS,16.53
24.03.2023,COMB-14-2023,CHIMBOTE,20.5792
24.03.2023,COMB-14-2023,CUSCO,21.2282
24.03.2023,COMB-14-2023,EL MILAGRO,20.7444
24.03.2023,COMB-14-2023,ETEN,20.709
24.03.2023,COMB-14-2023,ILO,21.0158
24.03.2023,COMB-14-2023,IQUITOS,15.6
24.03.2023,COMB-14-2023,JULIACA,21.2872
24.03.2023,COMB-14-2023,LIMA,20.414
24.03.2023,COMB-14-2023,MOLLENDO,20.9686
24.03.2023,COMB-14-2023,PISCO,20.65
24.03.2023,COMB-14-2023,PIURA,20.6146
24.03.2023,COMB-14-2023,PTO. MALDONADO,17.82
24.03.2023,COMB-14-2023,PUCALLPA,15.59
24.03.2023,COMB-14-2023,SALAVERRY,20.7326
24.03.2023,COMB-14-2023,SUPE,20.4494
24.03.2023,COMB-14-2023,TALARA,20.414
24.03.2023,COMB-14-2023,TARAPOTO,20.8919
24.03.2023,COMB-14-2023,YURIMAGUAS,16.02
24.03.2026,COMB-16-2026,CHIMBOTE,22.5262
24.03.2026,COMB-16-2026,CUSCO,23.954
24.03.2026,COMB-16-2026,EL MILAGRO,23.9776
24.03.2026,COMB-16-2026,ETEN,23.128
24.03.2026,COMB-16-2026,ILO,23.6236
24.03.2026,COMB-16-2026,IQUITOS,19.9
24.03.2026,COMB-16-2026,JULIACA,23.8478
24.03.2026,COMB-16-2026,LIMA,22.892
24.03.2026,COMB-16-2026,MOLLENDO,23.6708
24.03.2026,COMB-16-2026,PISCO,23.541
24.03.2026,COMB-16-2026,PIURA,21.6648
24.03.2026,COMB-16-2026,PTO. MALDONADO,20.1583
24.03.2026,COMB-16-2026,PUCALLPA,19.89
24.03.2026,COMB-16-2026,SALAVERRY,23.3876
24.03.2026,COMB-16-2026,SUPE,23.3404
24.03.2026,COMB-16-2026,TALARA,21.4642
24.03.2026,COMB-16-2026,TARAPOTO,24.3729
24.03.2026,COMB-16-2026,YURIMAGUAS,20.32
24.05.2024,COMB-27-2024,CHIMBOTE,17.0274
24.05.2024,COMB-27-2024,CUSCO,18.0068
24.05.2024,COMB-27-2024,EL MILAGRO,17.464
24.05.2024,COMB-27-2024,ETEN,17.0392
24.05.2024,COMB-27-2024,ILO,17.5938
24.05.2024,COMB-27-2024,IQUITOS,12.59
24.05.2024,COMB-27-2024,JULIACA,17.9006
24.05.2024,COMB-27-2024,LIMA,16.7442
24.05.2024,COMB-27-2024,MOLLENDO,17.4168
24.05.2024,COMB-27-2024,PISCO,17.0982
24.05.2024,COMB-27-2024,PIURA,16.9448
24.05.2024,COMB-27-2024,PTO. MALDONADO,14.81
24.05.2024,COMB-27-2024,PUCALLPA,12.58
24.05.2024,COMB-27-2024,SALAVERRY,17.0628
24.05.2024,COMB-27-2024,SUPE,16.8976
24.05.2024,COMB-27-2024,TALARA,16.7442
24.05.2024,COMB-27-2024,TARAPOTO,17.8121
24.05.2024,COMB-27-2024,YURIMAGUAS,13.01
24.06.2021,COMB-28-2021,CHIMBOTE,14.2308
24.06.2021,COMB-28-2021,CUSCO,14.8798
24.06.2021,COMB-28-2021,EL MILAGRO,14.396
24.06.2021,COMB-28-2021,ETEN,14.3606
24.06.2021,COMB-28-2021,ILO,14.6674
24.06.2021,COMB-28-2021,JULIACA,14.9388
24.06.2021,COMB-28-2021,LIMA,14.0656
24.06.2021,COMB-28-2021,MOLLENDO,14.6202
24.06.2021,COMB-28-2021,PISCO,14.3016
24.06.2021,COMB-28-2021,PIURA,14.2662
24.06.2021,COMB-28-2021,PTO. MALDONADO,12.44
24.06.2021,COMB-28-2021,SALAVERRY,14.3842
24.06.2021,COMB-28-2021,SUPE,14.16
24.06.2021,COMB-28-2021,TALARA,14.0656
24.06.2021,COMB-28-2021,TARAPOTO,14.5435
24.06.2025,COMB-39-2025,CHIMBOTE,15.045
24.06.2025,COMB-39-2025,CUSCO,16.0244
24.06.2025,COMB-39-2025,EL MILAGRO,16.2958
24.06.2025,COMB-39-2025,ETEN,15.0568
24.06.2025,COMB-39-2025,ILO,15.6114
24.06.2025,COMB-39-2025,IQUITOS,11.35
24.06.2025,COMB-39-2025,JULIACA,15.9182
24.06.2025,COMB-39-2025,LIMA,14.7618
24.06.2025,COMB-39-2025,MOLLENDO,15.4344
24.06.2025,COMB-39-2025,PISCO,15.1158
24.06.2025,COMB-39-2025,PIURA,12.3664
24.06.2025,COMB-39-2025,PTO. MALDONADO,13.37
24.06.2025,COMB-39-2025,PUCALLPA,11.34
24.06.2025,COMB-39-2025,SALAVERRY,15.0804
24.06.2025,COMB-39-2025,SUPE,14.9152
24.06.2025,COMB-39-2025,TALARA,12.1658
24.06.2025,COMB-39-2025,TARAPOTO,16.6911
24.06.2025,COMB-39-2025,YURIMAGUAS,11.77
24.11.2023,COMB-60-2023,CHIMBOTE,21.004
24.11.2023,COMB-60-2023,CUSCO,21.9834
24.11.2023,COMB-60-2023,EL MILAGRO,21.4406
24.11.2023,COMB-60-2023,ETEN,21.0158
24.11.2023,COMB-60-2023,ILO,21.5704
24.11.2023,COMB-60-2023,IQUITOS,15.96
24.11.2023,COMB-60-2023,JULIACA,21.8772
24.11.2023,COMB-60-2023,LIMA,20.7208
24.11.2023,COMB-60-2023,MOLLENDO,21.3934
24.11.2023,COMB-60-2023,PISCO,21.0748
24.11.2023,COMB-60-2023,PIURA,20.9214
24.11.2023,COMB-60-2023,PTO. MALDONADO,18.18
24.11.2023,COMB-60-2023,PUCALLPA,15.95
24.11.2023,COMB-60-2023,SALAVERRY,21.0394
24.11.2023,COMB-60-2023,SUPE,20.8742
24.11.2023,COMB-60-2023,TALARA,20.7208
24.11.2023,COMB-60-2023,TARAPOTO,21.7887
24.11.2023,COMB-60-2023,YURIMAGUAS,16.38
24.12.2024,COMB-68-2024,CHIMBOTE,15.635
24.12.2024,COMB-68-2024,CUSCO,16.6144
24.12.2024,COMB-68-2024,EL MILAGRO,16.8858
24.12.2024,COMB-68-2024,ETEN,15.6468
24.12.2024,COMB-68-2024,ILO,16.2014
24.12.2024,COMB-68-2024,IQUITOS,12.1
24.12.2024,COMB-68-2024,JULIACA,16.5082
24.12.2024,COMB-68-2024,LIMA,15.3518
24.12.2024,COMB-68-2024,MOLLENDO,16.0244
24.12.2024,COMB-68-2024,PISCO,15.7058
24.12.2024,COMB-68-2024,PIURA,15.5524
24.12.2024,COMB-68-2024,PTO. MALDONADO,14.12
24.12.2024,COMB-68-2024,PUCALLPA,12.09
24.12.2024,COMB-68-2024,SALAVERRY,15.6704
24.12.2024,COMB-68-2024,SUPE,15.5052
24.12.2024,COMB-68-2024,TALARA,15.3518
24.12.2024,COMB-68-2024,TARAPOTO,17.2811
24.12.2024,COMB-68-2024,YURIMAGUAS,12.52
25.02.2021,COMB-08-2021,CHIMBOTE,12.272
25.02.2021,COMB-08-2021,CUSCO,12.921
25.02.2021,COMB-08-2021,EL MILAGRO,12.4372
25.02.2021,COMB-08-2021,ETEN,12.4018
25.02.2021,COMB-08-2021,ILO,12.7086
25.02.2021,COMB-08-2021,IQUITOS,8.91
25.02.2021,COMB-08-2021,JULIACA,12.98
25.02.2021,COMB-08-2021,LIMA,12.1068
25.02.2021,COMB-08-2021,MOLLENDO,12.6614
25.02.2021,COMB-08-2021,PISCO,12.3428
25.02.2021,COMB-08-2021,PIURA,12.3074
25.02.2021,COMB-08-2021,PTO. MALDONADO,10.78
25.02.2021,COMB-08-2021,PUCALLPA,8.9
25.02.2021,COMB-08-2021,SALAVERRY,12.4254
25.02.2021,COMB-08-2021,SUPE,12.2012
25.02.2021,COMB-08-2021,TALARA,12.1068
25.02.2021,COMB-08-2021,TARAPOTO,12.5847
25.02.2021,COMB-08-2021,YURIMAGUAS,9.33
25.02.2022,COMB-11-2022,CHIMBOTE,17.0274
25.02.2022,COMB-11-2022,CUSCO,17.6764
25.02.2022,COMB-11-2022,EL MILAGRO,17.1926
25.02.2022,COMB-11-2022,ETEN,17.1572
25.02.2022,COMB-11-2022,ILO,17.464
25.02.2022,COMB-11-2022,IQUITOS,13.03
25.02.2022,COMB-11-2022,JULIACA,17.7354
25.02.2022,COMB-11-2022,LIMA,16.8622
25.02.2022,COMB-11-2022,MOLLENDO,17.4168
25.02.2022,COMB-11-2022,PISCO,17.0982
25.02.2022,COMB-11-2022,PIURA,17.0628
25.02.2022,COMB-11-2022,PTO. MALDONADO,14.81
25.02.2022,COMB-11-2022,PUCALLPA,13.02
25.02.2022,COMB-11-2022,SALAVERRY,17.1808
25.02.2022,COMB-11-2022,SUPE,16.8976
25.02.2022,COMB-11-2022,TALARA,16.8622
25.02.2022,COMB-11-2022,TARAPOTO,17.3401
25.02.2022,COMB-11-2022,YURIMAGUAS,13.45
25.02.2025,COMB-17-2025,CHIMBOTE,16.1778
25.02.2025,COMB-17-2025,CUSCO,17.1572
25.02.2025,COMB-17-2025,EL MILAGRO,17.4286
25.02.2025,COMB-17-2025,ETEN,16.1896
25.02.2025,COMB-17-2025,ILO,16.7442
25.02.2025,COMB-17-2025,IQUITOS,12.56
25.02.2025,COMB-17-2025,JULIACA,17.051
25.02.2025,COMB-17-2025,LIMA,15.8946
25.02.2025,COMB-17-2025,MOLLENDO,16.5672
25.02.2025,COMB-17-2025,PISCO,16.2486
25.02.2025,COMB-17-2025,PIURA,16.0952
25.02.2025,COMB-17-2025,PTO. MALDONADO,14.58
25.02.2025,COMB-17-2025,PUCALLPA,12.55
25.02.2025,COMB-17-2025,SALAVERRY,16.2132
25.02.2025,COMB-17-2025,SUPE,16.048
25.02.2025,COMB-17-2025,TALARA,15.8946
25.02.2025,COMB-17-2025,TARAPOTO,17.8239
25.02.2025,COMB-17-2025,YURIMAGUAS,12.98
25.03.2022,COMB-16-2022,CHIMBOTE,20.6146
25.03.2022,COMB-16-2022,CUSCO,21.2636
25.03.2022,COMB-16-2022,EL MILAGRO,20.7798
25.03.2022,COMB-16-2022,ETEN,20.7444
25.03.2022,COMB-16-2022,ILO,21.0512
25.03.2022,COMB-16-2022,IQUITOS,16.11
25.03.2022,COMB-16-2022,JULIACA,21.3226
25.03.2022,COMB-16-2022,LIMA,20.4494
25.03.2022,COMB-16-2022,MOLLENDO,21.004
25.03.2022,COMB-16-2022,PISCO,20.6854
25.03.2022,COMB-16-2022,PIURA,20.65
25.03.2022,COMB-16-2022,PTO. MALDONADO,17.85
25.03.2022,COMB-16-2022,PUCALLPA,16.1
25.03.2022,COMB-16-2022,SALAVERRY,20.768
25.03.2022,COMB-16-2022,SUPE,20.4848
25.03.2022,COMB-16-2022,TALARA,20.4494
25.03.2022,COMB-16-2022,TARAPOTO,20.9273
25.03.2022,COMB-16-2022,YURIMAGUAS,16.53
25.03.2025,COMB-22-2025,CHIMBOTE,14.927
25.03.2025,COMB-22-2025,CUSCO,15.9064
25.03.2025,COMB-22-2025,EL MILAGRO,16.1778
25.03.2025,COMB-22-2025,ETEN,14.9388
25.03.2025,COMB-22-2025,ILO,15.4934
25.03.2025,COMB-22-2025,IQUITOS,11.5
25.03.2025,COMB-22-2025,JULIACA,15.8002
25.03.2025,COMB-22-2025,LIMA,14.6438
25.03.2025,COMB-22-2025,MOLLENDO,15.3164
25.03.2025,COMB-22-2025,PISCO,14.9978
25.03.2025,COMB-22-2025,PIURA,14.8444
25.03.2025,COMB-22-2025,PTO. MALDONADO,13.52
25.03.2025,COMB-22-2025,PUCALLPA,11.49
25.03.2025,COMB-22-2025,SALAVERRY,14.9624
25.03.2025,COMB-22-2025,SUPE,14.7972
25.03.2025,COMB-22-2025,TALARA,14.6438
25.03.2025,COMB-22-2025,TARAPOTO,16.5731
25.03.2025,COMB-22-2025,YURIMAGUAS,11.92
25.04.2025,COMB-28-2025,CHIMBOTE,15.0214
25.04.2025,COMB-28-2025,CUSCO,16.0008
25.04.2025,COMB-28-2025,EL MILAGRO,16.2722
25.04.2025,COMB-28-2025,ETEN,15.0332
25.04.2025,COMB-28-2025,ILO,15.5878
25.04.2025,COMB-28-2025,IQUITOS,11.58
25.04.2025,COMB-28-2025,JULIACA,15.8946
25.04.2025,COMB-28-2025,LIMA,14.7382
25.04.2025,COMB-28-2025,MOLLENDO,15.4108
25.04.2025,COMB-28-2025,PISCO,15.0922
25.04.2025,COMB-28-2025,PIURA,14.9388
25.04.2025,COMB-28-2025,PTO. MALDONADO,13.6
25.04.2025,COMB-28-2025,PUCALLPA,11.57
25.04.2025,COMB-28-2025,SALAVERRY,15.0568
25.04.2025,COMB-28-2025,SUPE,14.8916
25.04.2025,COMB-28-2025,TALARA,14.7382
25.04.2025,COMB-28-2025,TARAPOTO,16.6675
25.04.2025,COMB-28-2025,YURIMAGUAS,12.0
25.04.2026,COMB-24-2026,CHIMBOTE,20.3904
25.04.2026,COMB-24-2026,CUSCO,23.9186
25.04.2026,COMB-24-2026,EL MILAGRO,23.6
25.04.2026,COMB-24-2026,ETEN,23.3404
25.04.2026,COMB-24-2026,ILO,23.482
25.04.2026,COMB-24-2026,IQUITOS,17.97
25.04.2026,COMB-24-2026,JULIACA,23.8124
25.04.2026,COMB-24-2026,LIMA,21.0984
25.04.2026,COMB-24-2026,MOLLENDO,23.6354
25.04.2026,COMB-24-2026,PISCO,23.5174
25.04.2026,COMB-24-2026,PIURA,21.2872
25.04.2026,COMB-24-2026,PTO. MALDONADO,20.1283
25.04.2026,COMB-24-2026,PUCALLPA,17.96
25.04.2026,COMB-24-2026,SALAVERRY,23.6
25.04.2026,COMB-24-2026,SUPE,21.5468
25.04.2026,COMB-24-2026,TALARA,21.0866
25.04.2026,COMB-24-2026,TARAPOTO,23.9953
25.04.2026,COMB-24-2026,YURIMAGUAS,17.56
25.06.2021,COMB-29-2021,CHIMBOTE,14.2308
25.06.2021,COMB-29-2021,CUSCO,14.8798
25.06.2021,COMB-29-2021,EL MILAGRO,14.396
25.06.2021,COMB-29-2021,ETEN,14.3606
25.06.2021,COMB-29-2021,ILO,14.6674
25.06.2021,COMB-29-2021,JULIACA,14.9388
25.06.2021,COMB-29-2021,LIMA,14.0656
25.06.2021,COMB-29-2021,MOLLENDO,14.6202
25.06.2021,COMB-29-2021,PISCO,14.3016
25.06.2021,COMB-29-2021,PIURA,14.2662
25.06.2021,COMB-29-2021,PTO. MALDONADO,12.44
25.06.2021,COMB-29-2021,SALAVERRY,14.3842
25.06.2021,COMB-29-2021,SUPE,14.16
25.06.2021,COMB-29-2021,TALARA,14.0656
25.06.2021,COMB-29-2021,TARAPOTO,14.5435
25.07.2025,COMB-49-2025,CHIMBOTE,14.4786
25.07.2025,COMB-49-2025,CUSCO,15.458
25.07.2025,COMB-49-2025,EL MILAGRO,15.7294
25.07.2025,COMB-49-2025,ETEN,14.4904
25.07.2025,COMB-49-2025,ILO,15.045
25.07.2025,COMB-49-2025,IQUITOS,11.37
25.07.2025,COMB-49-2025,JULIACA,15.3518
25.07.2025,COMB-49-2025,LIMA,14.1954
25.07.2025,COMB-49-2025,MOLLENDO,14.868
25.07.2025,COMB-49-2025,PISCO,14.5494
25.07.2025,COMB-49-2025,PIURA,12.803
25.07.2025,COMB-49-2025,PTO. MALDONADO,13.39
25.07.2025,COMB-49-2025,PUCALLPA,11.36
25.07.2025,COMB-49-2025,SALAVERRY,14.514
25.07.2025,COMB-49-2025,SUPE,14.3488
25.07.2025,COMB-49-2025,TALARA,12.6024
25.07.2025,COMB-49-2025,TARAPOTO,16.1247
25.07.2025,COMB-49-2025,YURIMAGUAS,11.79
25.07.2026,COMB-54-2026,CHIMBOTE,23.069
25.07.2026,COMB-54-2026,CUSCO,24.4024
25.07.2026,COMB-54-2026,EL MILAGRO,24.7918
25.07.2026,COMB-54-2026,ETEN,23.8124
25.07.2026,COMB-54-2026,ILO,24.088
25.07.2026,COMB-54-2026,IQUITOS,20.75
25.07.2026,COMB-54-2026,JULIACA,24.4614
25.07.2026,COMB-54-2026,LIMA,23.1752
25.07.2026,COMB-54-2026,MOLLENDO,23.836
25.07.2026,COMB-54-2026,PISCO,23.0454
25.07.2026,COMB-54-2026,PIURA,23.9776
25.07.2026,COMB-54-2026,PTO. MALDONADO,20.5183
25.07.2026,COMB-54-2026,PUCALLPA,19.86
25.07.2026,COMB-54-2026,SALAVERRY,24.0602
25.07.2026,COMB-54-2026,SUPE,23.3994
25.07.2026,COMB-54-2026,TALARA,23.777
25.07.2026,COMB-54-2026,TARAPOTO,25.1045
25.07.2026,COMB-54-2026,YURIMAGUAS,20.1
25.08.2023,COMB-41-2023,CHIMBOTE,21.7592
25.08.2023,COMB-41-2023,CUSCO,22.7386
25.08.2023,COMB-41-2023,EL MILAGRO,22.1958
25.08.2023,COMB-41-2023,ETEN,21.771
25.08.2023,COMB-41-2023,ILO,22.3256
25.08.2023,COMB-41-2023,IQUITOS,16.6
25.08.2023,COMB-41-2023,JULIACA,22.6324
25.08.2023,COMB-41-2023,LIMA,21.476
25.08.2023,COMB-41-2023,MOLLENDO,22.1486
25.08.2023,COMB-41-2023,PISCO,21.83
25.08.2023,COMB-41-2023,PIURA,21.6766
25.08.2023,COMB-41-2023,PTO. MALDONADO,18.82
25.08.2023,COMB-41-2023,PUCALLPA,16.59
25.08.2023,COMB-41-2023,SALAVERRY,21.7946
25.08.2023,COMB-41-2023,SUPE,21.6294
25.08.2023,COMB-41-2023,TALARA,21.476
25.08.2023,COMB-41-2023,TARAPOTO,22.5439
25.08.2023,COMB-41-2023,YURIMAGUAS,17.02
25.08.2026,COMB-60-2026,CHIMBOTE,25.5942
25.08.2026,COMB-60-2026,CUSCO,26.9276
25.08.2026,COMB-60-2026,EL MILAGRO,26.1488
25.08.2026,COMB-60-2026,ETEN,25.7594
25.08.2026,COMB-60-2026,ILO,26.6132
25.08.2026,COMB-60-2026,IQUITOS,22.36
25.08.2026,COMB-60-2026,JULIACA,26.9866
25.08.2026,COMB-60-2026,LIMA,25.075
25.08.2026,COMB-60-2026,MOLLENDO,26.3612
25.08.2026,COMB-60-2026,PISCO,24.9452
25.08.2026,COMB-60-2026,PIURA,25.3346
25.08.2026,COMB-60-2026,PTO. MALDONADO,22.6583
25.08.2026,COMB-60-2026,PUCALLPA,21.47
25.08.2026,COMB-60-2026,SALAVERRY,26.5854
25.08.2026,COMB-60-2026,SUPE,25.2992
25.08.2026,COMB-60-2026,TALARA,25.134
25.08.2026,COMB-60-2026,TARAPOTO,26.4615
25.08.2026,COMB-60-2026,YURIMAGUAS,21.25
25.11.2021,COMB-59-2021,CHIMBOTE,15.7648
25.11.2021,COMB-59-2021,CUSCO,16.4138
25.11.2021,COMB-59-2021,EL MILAGRO,15.93
25.11.2021,COMB-59-2021,ETEN,15.8946
25.11.2021,COMB-59-2021,ILO,16.2014
25.11.2021,COMB-59-2021,JULIACA,16.4728
25.11.2021,COMB-59-2021,LIMA,15.5996
25.11.2021,COMB-59-2021,MOLLENDO,16.1542
25.11.2021,COMB-59-2021,PISCO,15.8356
25.11.2021,COMB-59-2021,PIURA,15.8002
25.11.2021,COMB-59-2021,PTO. MALDONADO,13.74
25.11.2021,COMB-59-2021,SALAVERRY,15.9182
25.11.2021,COMB-59-2021,SUPE,15.635
25.11.2021,COMB-59-2021,TALARA,15.5996
25.11.2021,COMB-59-2021,TARAPOTO,16.0775
25.11.2022,COMB-54-2022,CHIMBOTE,22.3256
25.11.2022,COMB-54-2022,CUSCO,22.9746
25.11.2022,COMB-54-2022,EL MILAGRO,22.4908
25.11.2022,COMB-54-2022,ETEN,22.4554
25.11.2022,COMB-54-2022,ILO,22.7622
25.11.2022,COMB-54-2022,IQUITOS,17.11
25.11.2022,COMB-54-2022,JULIACA,23.0336
25.11.2022,COMB-54-2022,LIMA,22.1604
25.11.2022,COMB-54-2022,MOLLENDO,22.715
25.11.2022,COMB-54-2022,PISCO,22.3964
25.11.2022,COMB-54-2022,PIURA,22.361
25.11.2022,COMB-54-2022,PTO. MALDONADO,19.3
25.11.2022,COMB-54-2022,PUCALLPA,17.1
25.11.2022,COMB-54-2022,SALAVERRY,22.479
25.11.2022,COMB-54-2022,SUPE,22.1958
25.11.2022,COMB-54-2022,TALARA,22.1604
25.11.2022,COMB-54-2022,TARAPOTO,22.6383
25.11.2022,COMB-54-2022,YURIMAGUAS,17.53
25.11.2025,COMB-74-2025,CHIMBOTE,13.9948
25.11.2025,COMB-74-2025,CUSCO,15.871
25.11.2025,COMB-74-2025,EL MILAGRO,15.576
25.11.2025,COMB-74-2025,ETEN,14.5966
25.11.2025,COMB-74-2025,ILO,15.3282
25.11.2025,COMB-74-2025,IQUITOS,12.36
25.11.2025,COMB-74-2025,JULIACA,15.7648
25.11.2025,COMB-74-2025,LIMA,14.360600000000002
25.11.2025,COMB-74-2025,MOLLENDO,15.1512
25.11.2025,COMB-74-2025,PISCO,14.6556
25.11.2025,COMB-74-2025,PIURA,13.5582
25.11.2025,COMB-74-2025,PTO. MALDONADO,14.64
25.11.2025,COMB-74-2025,PUCALLPA,12.35
25.11.2025,COMB-74-2025,SALAVERRY,14.8562
25.11.2025,COMB-74-2025,SUPE,14.455
25.11.2025,COMB-74-2025,TALARA,13.3576
25.11.2025,COMB-74-2025,TARAPOTO,15.9713
25.11.2025,COMB-74-2025,YURIMAGUAS,12.78
25.12.2024,COMB-69-2024,CHIMBOTE,15.635
25.12.2024,COMB-69-2024,CUSCO,16.6144
25.12.2024,COMB-69-2024,EL MILAGRO,16.8858
25.12.2024,COMB-69-2024,ETEN,15.6468
25.12.2024,COMB-69-2024,ILO,16.2014
25.12.2024,COMB-69-2024,IQUITOS,12.1
25.12.2024,COMB-69-2024,JULIACA,16.5082
25.12.2024,COMB-69-2024,LIMA,15.3518
25.12.2024,COMB-69-2024,MOLLENDO,16.0244
25.12.2024,COMB-69-2024,PISCO,15.7058
25.12.2024,COMB-69-2024,PIURA,15.5524
25.12.2024,COMB-69-2024,PTO. MALDONADO,14.12
25.12.2024,COMB-69-2024,PUCALLPA,12.09
25.12.2024,COMB-69-2024,SALAVERRY,15.6704
25.12.2024,COMB-69-2024,SUPE,15.5052
25.12.2024,COMB-69-2024,TALARA,15.3518
25.12.2024,COMB-69-2024,TARAPOTO,17.2811
25.12.2024,COMB-69-2024,YURIMAGUAS,12.52
26.01.2023,COMB-04-2023,CHIMBOTE,21.712
26.01.2023,COMB-04-2023,CUSCO,22.361
26.01.2023,COMB-04-2023,EL MILAGRO,21.8772
26.01.2023,COMB-04-2023,ETEN,21.8418
26.01.2023,COMB-04-2023,ILO,22.1486
26.01.2023,COMB-04-2023,JULIACA,22.42
26.01.2023,COMB-04-2023,LIMA,21.5468
26.01.2023,COMB-04-2023,MOLLENDO,22.1014
26.01.2023,COMB-04-2023,PISCO,21.7828
26.01.2023,COMB-04-2023,PIURA,21.7474
26.01.2023,COMB-04-2023,PTO. MALDONADO,18.78
26.01.2023,COMB-04-2023,SALAVERRY,21.8654
26.01.2023,COMB-04-2023,SUPE,21.5822
26.01.2023,COMB-04-2023,TALARA,21.5468
26.01.2023,COMB-04-2023,TARAPOTO,22.0247
26.01.2024,COMB-06-2024,CHIMBOTE,19.2222
26.01.2024,COMB-06-2024,CUSCO,20.2016
26.01.2024,COMB-06-2024,EL MILAGRO,19.6588
26.01.2024,COMB-06-2024,ETEN,19.234
26.01.2024,COMB-06-2024,ILO,19.7886
26.01.2024,COMB-06-2024,IQUITOS,14.45
26.01.2024,COMB-06-2024,JULIACA,20.0954
26.01.2024,COMB-06-2024,LIMA,18.939
26.01.2024,COMB-06-2024,MOLLENDO,19.6116
26.01.2024,COMB-06-2024,PISCO,19.293
26.01.2024,COMB-06-2024,PIURA,19.1396
26.01.2024,COMB-06-2024,PTO. MALDONADO,16.67
26.01.2024,COMB-06-2024,PUCALLPA,14.44
26.01.2024,COMB-06-2024,SALAVERRY,19.2576
26.01.2024,COMB-06-2024,SUPE,19.0924
26.01.2024,COMB-06-2024,TALARA,18.939
26.01.2024,COMB-06-2024,TARAPOTO,20.0069
26.01.2024,COMB-06-2024,YURIMAGUAS,14.87
26.04.2024,COMB-22-2024,CHIMBOTE,17.995
26.04.2024,COMB-22-2024,CUSCO,18.9744
26.04.2024,COMB-22-2024,EL MILAGRO,18.4316
26.04.2024,COMB-22-2024,ETEN,18.0068
26.04.2024,COMB-22-2024,ILO,18.5614
26.04.2024,COMB-22-2024,IQUITOS,13.41
26.04.2024,COMB-22-2024,JULIACA,18.8682
26.04.2024,COMB-22-2024,LIMA,17.7118
26.04.2024,COMB-22-2024,MOLLENDO,18.3844
26.04.2024,COMB-22-2024,PISCO,18.0658
26.04.2024,COMB-22-2024,PIURA,17.9124
26.04.2024,COMB-22-2024,PTO. MALDONADO,15.63
26.04.2024,COMB-22-2024,PUCALLPA,13.4
26.04.2024,COMB-22-2024,SALAVERRY,18.0304
26.04.2024,COMB-22-2024,SUPE,17.8652
26.04.2024,COMB-22-2024,TALARA,17.7118
26.04.2024,COMB-22-2024,TARAPOTO,18.7797
26.04.2024,COMB-22-2024,YURIMAGUAS,13.83
26.05.2026,COMB-32-2026,CHIMBOTE,19.7178
26.05.2026,COMB-32-2026,CUSCO,23.0572
26.05.2026,COMB-32-2026,EL MILAGRO,21.4996
26.05.2026,COMB-32-2026,ETEN,20.2724
26.05.2026,COMB-32-2026,ILO,23.2106
26.05.2026,COMB-32-2026,IQUITOS,16.99
26.05.2026,COMB-32-2026,JULIACA,22.951
26.05.2026,COMB-32-2026,LIMA,19.8712
26.05.2026,COMB-32-2026,MOLLENDO,22.774
26.05.2026,COMB-32-2026,PISCO,20.3196
26.05.2026,COMB-32-2026,PIURA,19.1868
26.05.2026,COMB-32-2026,PTO. MALDONADO,19.3983
26.05.2026,COMB-32-2026,PUCALLPA,17.05
26.05.2026,COMB-32-2026,SALAVERRY,20.6382
26.05.2026,COMB-32-2026,SUPE,20.119
26.05.2026,COMB-32-2026,TALARA,18.9862
26.05.2026,COMB-32-2026,TARAPOTO,21.8949
26.05.2026,COMB-32-2026,YURIMAGUAS,15.78
26.06.2025,COMB-40-2025,CHIMBOTE,15.045
26.06.2025,COMB-40-2025,CUSCO,16.0244
26.06.2025,COMB-40-2025,EL MILAGRO,16.2958
26.06.2025,COMB-40-2025,ETEN,15.0568
26.06.2025,COMB-40-2025,ILO,15.6114
26.06.2025,COMB-40-2025,IQUITOS,11.35
26.06.2025,COMB-40-2025,JULIACA,15.9182
26.06.2025,COMB-40-2025,LIMA,14.7618
26.06.2025,COMB-40-2025,MOLLENDO,15.4344
26.06.2025,COMB-40-2025,PISCO,15.1158
26.06.2025,COMB-40-2025,PIURA,12.3664
26.06.2025,COMB-40-2025,PTO. MALDONADO,13.37
26.06.2025,COMB-40-2025,PUCALLPA,11.34
26.06.2025,COMB-40-2025,SALAVERRY,15.0804
26.06.2025,COMB-40-2025,SUPE,14.9152
26.06.2025,COMB-40-2025,TALARA,12.1658
26.06.2025,COMB-40-2025,TARAPOTO,16.6911
26.06.2025,COMB-40-2025,YURIMAGUAS,11.77
26.06.2026,COMB-44-2026,CHIMBOTE,18.8564
26.06.2026,COMB-44-2026,CUSCO,20.6854
26.06.2026,COMB-44-2026,EL MILAGRO,20.237
26.06.2026,COMB-44-2026,ETEN,18.8446
26.06.2026,COMB-44-2026,ILO,20.8388
26.06.2026,COMB-44-2026,IQUITOS,16.18
26.06.2026,COMB-44-2026,JULIACA,20.5792
26.06.2026,COMB-44-2026,LIMA,18.9154
26.06.2026,COMB-44-2026,MOLLENDO,20.4022
26.06.2026,COMB-44-2026,PISCO,19.1278
26.06.2026,COMB-44-2026,PIURA,17.9242
26.06.2026,COMB-44-2026,PTO. MALDONADO,17.4883
26.06.2026,COMB-44-2026,PUCALLPA,16.24
26.06.2026,COMB-44-2026,SALAVERRY,19.5408
26.06.2026,COMB-44-2026,SUPE,19.3756
26.06.2026,COMB-44-2026,TALARA,17.7236
26.06.2026,COMB-44-2026,TARAPOTO,20.6323
26.06.2026,COMB-44-2026,YURIMAGUAS,14.31
26.07.2024,COMB-38-2024,CHIMBOTE,17.523
26.07.2024,COMB-38-2024,CUSCO,18.5024
26.07.2024,COMB-38-2024,EL MILAGRO,17.9596
26.07.2024,COMB-38-2024,ETEN,17.5348
26.07.2024,COMB-38-2024,ILO,18.0894
26.07.2024,COMB-38-2024,IQUITOS,13.01
26.07.2024,COMB-38-2024,JULIACA,18.3962
26.07.2024,COMB-38-2024,LIMA,17.2398
26.07.2024,COMB-38-2024,MOLLENDO,17.9124
26.07.2024,COMB-38-2024,PISCO,17.5938
26.07.2024,COMB-38-2024,PIURA,17.4404
26.07.2024,COMB-38-2024,PTO. MALDONADO,15.23
26.07.2024,COMB-38-2024,PUCALLPA,13.0
26.07.2024,COMB-38-2024,SALAVERRY,17.5584
26.07.2024,COMB-38-2024,SUPE,17.3932
26.07.2024,COMB-38-2024,TALARA,17.2398
26.07.2024,COMB-38-2024,TARAPOTO,18.3549
26.07.2024,COMB-38-2024,YURIMAGUAS,13.43
26.07.2025,COMB-50-2025,CHIMBOTE,14.4786
26.07.2025,COMB-50-2025,CUSCO,15.458
26.07.2025,COMB-50-2025,EL MILAGRO,15.7294
26.07.2025,COMB-50-2025,ETEN,14.4904
26.07.2025,COMB-50-2025,ILO,15.045
26.07.2025,COMB-50-2025,IQUITOS,11.37
26.07.2025,COMB-50-2025,JULIACA,15.3518
26.07.2025,COMB-50-2025,LIMA,14.1954
26.07.2025,COMB-50-2025,MOLLENDO,14.868
26.07.2025,COMB-50-2025,PISCO,14.5494
26.07.2025,COMB-50-2025,PIURA,12.803
26.07.2025,COMB-50-2025,PTO. MALDONADO,13.39
26.07.2025,COMB-50-2025,PUCALLPA,11.36
26.07.2025,COMB-50-2025,SALAVERRY,14.514
26.07.2025,COMB-50-2025,SUPE,14.3488
26.07.2025,COMB-50-2025,TALARA,12.6024
26.07.2025,COMB-50-2025,TARAPOTO,16.1247
26.07.2025,COMB-50-2025,YURIMAGUAS,11.79
26.08.2021,COMB-39-2021,CHIMBOTE,14.75
26.08.2021,COMB-39-2021,CUSCO,15.399
26.08.2021,COMB-39-2021,EL MILAGRO,14.9152
26.08.2021,COMB-39-2021,ETEN,14.8798
26.08.2021,COMB-39-2021,ILO,15.1866
26.08.2021,COMB-39-2021,JULIACA,15.458
26.08.2021,COMB-39-2021,LIMA,14.5848
26.08.2021,COMB-39-2021,MOLLENDO,15.1394
26.08.2021,COMB-39-2021,PISCO,14.8208
26.08.2021,COMB-39-2021,PIURA,14.7854
26.08.2021,COMB-39-2021,PTO. MALDONADO,12.88
26.08.2021,COMB-39-2021,SALAVERRY,14.9034
26.08.2021,COMB-39-2021,SUPE,14.6202
26.08.2021,COMB-39-2021,TALARA,14.5848
26.08.2021,COMB-39-2021,TARAPOTO,15.0627
26.08.2025,COMB-56-2025,CHIMBOTE,13.452
26.08.2025,COMB-56-2025,CUSCO,14.4314
26.08.2025,COMB-56-2025,EL MILAGRO,14.7028
26.08.2025,COMB-56-2025,ETEN,13.4638
26.08.2025,COMB-56-2025,ILO,14.0184
26.08.2025,COMB-56-2025,IQUITOS,11.37
26.08.2025,COMB-56-2025,JULIACA,14.3252
26.08.2025,COMB-56-2025,LIMA,13.1688
26.08.2025,COMB-56-2025,MOLLENDO,13.8414
26.08.2025,COMB-56-2025,PISCO,13.5228
26.08.2025,COMB-56-2025,PIURA,12.4726
26.08.2025,COMB-56-2025,PTO. MALDONADO,13.39
26.08.2025,COMB-56-2025,PUCALLPA,11.36
26.08.2025,COMB-56-2025,SALAVERRY,13.4874
26.08.2025,COMB-56-2025,SUPE,13.3222
26.08.2025,COMB-56-2025,TALARA,12.272
26.08.2025,COMB-56-2025,TARAPOTO,15.0981
26.08.2025,COMB-56-2025,YURIMAGUAS,11.79
26.11.2022,COMB-55-2022,CHIMBOTE,22.3256
26.11.2022,COMB-55-2022,CUSCO,22.9746
26.11.2022,COMB-55-2022,EL MILAGRO,22.4908
26.11.2022,COMB-55-2022,ETEN,22.4554
26.11.2022,COMB-55-2022,ILO,22.7622
26.11.2022,COMB-55-2022,IQUITOS,17.11
26.11.2022,COMB-55-2022,JULIACA,23.0336
26.11.2022,COMB-55-2022,LIMA,22.1604
26.11.2022,COMB-55-2022,MOLLENDO,22.715
26.11.2022,COMB-55-2022,PISCO,22.3964
26.11.2022,COMB-55-2022,PIURA,22.361
26.11.2022,COMB-55-2022,PTO. MALDONADO,19.3
26.11.2022,COMB-55-2022,PUCALLPA,17.1
26.11.2022,COMB-55-2022,SALAVERRY,22.479
26.11.2022,COMB-55-2022,SUPE,22.1958
26.11.2022,COMB-55-2022,TALARA,22.1604
26.11.2022,COMB-55-2022,TARAPOTO,22.6383
26.11.2022,COMB-55-2022,YURIMAGUAS,17.53
26.11.2024,COMB-61-2024,CHIMBOTE,15.812
26.11.2024,COMB-61-2024,CUSCO,16.7914
26.11.2024,COMB-61-2024,EL MILAGRO,17.0628
26.11.2024,COMB-61-2024,ETEN,15.8238
26.11.2024,COMB-61-2024,ILO,16.3784
26.11.2024,COMB-61-2024,IQUITOS,12.25
26.11.2024,COMB-61-2024,JULIACA,16.6852
26.11.2024,COMB-61-2024,LIMA,15.5288
26.11.2024,COMB-61-2024,MOLLENDO,16.2014
26.11.2024,COMB-61-2024,PISCO,15.8828
26.11.2024,COMB-61-2024,PIURA,15.7294
26.11.2024,COMB-61-2024,PTO. MALDONADO,14.47
26.11.2024,COMB-61-2024,PUCALLPA,12.24
26.11.2024,COMB-61-2024,SALAVERRY,15.8474
26.11.2024,COMB-61-2024,SUPE,15.6822
26.11.2024,COMB-61-2024,TALARA,15.5288
26.11.2024,COMB-61-2024,TARAPOTO,17.4581
26.11.2024,COMB-61-2024,YURIMAGUAS,12.67
27.01.2022,COMB-05-2022,CHIMBOTE,15.7884
27.01.2022,COMB-05-2022,CUSCO,16.4374
27.01.2022,COMB-05-2022,EL MILAGRO,15.9536
27.01.2022,COMB-05-2022,ETEN,15.9182
27.01.2022,COMB-05-2022,ILO,16.225
27.01.2022,COMB-05-2022,JULIACA,16.4964
27.01.2022,COMB-05-2022,LIMA,15.6232
27.01.2022,COMB-05-2022,MOLLENDO,16.1778
27.01.2022,COMB-05-2022,PISCO,15.8592
27.01.2022,COMB-05-2022,PIURA,15.8238
27.01.2022,COMB-05-2022,PTO. MALDONADO,13.76
27.01.2022,COMB-05-2022,SALAVERRY,15.9418
27.01.2022,COMB-05-2022,SUPE,15.6586
27.01.2022,COMB-05-2022,TALARA,15.6232
27.01.2022,COMB-05-2022,TARAPOTO,16.1011
27.01.2023,COMB-05-2023,CHIMBOTE,21.712
27.01.2023,COMB-05-2023,CUSCO,22.361
27.01.2023,COMB-05-2023,EL MILAGRO,21.8772
27.01.2023,COMB-05-2023,ETEN,21.8418
27.01.2023,COMB-05-2023,ILO,22.1486
27.01.2023,COMB-05-2023,JULIACA,22.42
27.01.2023,COMB-05-2023,LIMA,21.5468
27.01.2023,COMB-05-2023,MOLLENDO,22.1014
27.01.2023,COMB-05-2023,PISCO,21.7828
27.01.2023,COMB-05-2023,PIURA,21.7474
27.01.2023,COMB-05-2023,PTO. MALDONADO,18.78
27.01.2023,COMB-05-2023,SALAVERRY,21.8654
27.01.2023,COMB-05-2023,SUPE,21.5822
27.01.2023,COMB-05-2023,TALARA,21.5468
27.01.2023,COMB-05-2023,TARAPOTO,22.0247
27.01.2024,COMB-07-2024,CHIMBOTE,19.2222
27.01.2024,COMB-07-2024,CUSCO,20.2016
27.01.2024,COMB-07-2024,EL MILAGRO,19.6588
27.01.2024,COMB-07-2024,ETEN,19.234
27.01.2024,COMB-07-2024,ILO,19.7886
27.01.2024,COMB-07-2024,IQUITOS,14.45
27.01.2024,COMB-07-2024,JULIACA,20.0954
27.01.2024,COMB-07-2024,LIMA,18.939
27.01.2024,COMB-07-2024,MOLLENDO,19.6116
27.01.2024,COMB-07-2024,PISCO,19.293
27.01.2024,COMB-07-2024,PIURA,19.1396
27.01.2024,COMB-07-2024,PTO. MALDONADO,16.67
27.01.2024,COMB-07-2024,PUCALLPA,14.44
27.01.2024,COMB-07-2024,SALAVERRY,19.2576
27.01.2024,COMB-07-2024,SUPE,19.0924
27.01.2024,COMB-07-2024,TALARA,18.939
27.01.2024,COMB-07-2024,TARAPOTO,20.0069
27.01.2024,COMB-07-2024,YURIMAGUAS,14.87
27.01.2026,COMB-04-2026,CHIMBOTE,13.1098
27.01.2026,COMB-04-2026,CUSCO,15.1748
27.01.2026,COMB-04-2026,EL MILAGRO,14.691
27.01.2026,COMB-04-2026,ETEN,13.7116
27.01.2026,COMB-04-2026,ILO,14.2072
27.01.2026,COMB-04-2026,IQUITOS,12.01
27.01.2026,COMB-04-2026,JULIACA,15.0686
27.01.2026,COMB-04-2026,LIMA,13.4756
27.01.2026,COMB-04-2026,MOLLENDO,14.5966
27.01.2026,COMB-04-2026,PISCO,14.1246
27.01.2026,COMB-04-2026,PIURA,12.3782
27.01.2026,COMB-04-2026,PTO. MALDONADO,12.2683
27.01.2026,COMB-04-2026,PUCALLPA,12.0
27.01.2026,COMB-04-2026,SALAVERRY,13.9712
27.01.2026,COMB-04-2026,SUPE,13.924
27.01.2026,COMB-04-2026,TALARA,12.1776
27.01.2026,COMB-04-2026,TARAPOTO,15.0863
27.01.2026,COMB-04-2026,YURIMAGUAS,12.43
27.03.2021,COMB-12-2021,CHIMBOTE,12.3546
27.03.2021,COMB-12-2021,CUSCO,13.0036
27.03.2021,COMB-12-2021,EL MILAGRO,12.5198
27.03.2021,COMB-12-2021,ETEN,12.4844
27.03.2021,COMB-12-2021,ILO,12.7912
27.03.2021,COMB-12-2021,JULIACA,13.0626
27.03.2021,COMB-12-2021,LIMA,12.1894
27.03.2021,COMB-12-2021,MOLLENDO,12.744
27.03.2021,COMB-12-2021,PISCO,12.4254
27.03.2021,COMB-12-2021,PIURA,12.39
27.03.2021,COMB-12-2021,PTO. MALDONADO,10.85
27.03.2021,COMB-12-2021,SALAVERRY,12.508
27.03.2021,COMB-12-2021,SUPE,12.2838
27.03.2021,COMB-12-2021,TALARA,12.1894
27.03.2021,COMB-12-2021,TARAPOTO,12.6673
27.03.2026,COMB-17-2026,CHIMBOTE,21.5822
27.03.2026,COMB-17-2026,CUSCO,24.19
27.03.2026,COMB-17-2026,EL MILAGRO,23.0336
27.03.2026,COMB-17-2026,ETEN,22.184
27.03.2026,COMB-17-2026,ILO,23.8596
27.03.2026,COMB-17-2026,IQUITOS,18.9
27.03.2026,COMB-17-2026,JULIACA,24.0838
27.03.2026,COMB-17-2026,LIMA,21.712
27.03.2026,COMB-17-2026,MOLLENDO,23.9068
27.03.2026,COMB-17-2026,PISCO,22.361
27.03.2026,COMB-17-2026,PIURA,20.7208
27.03.2026,COMB-17-2026,PTO. MALDONADO,20.3583
27.03.2026,COMB-17-2026,PUCALLPA,18.89
27.03.2026,COMB-17-2026,SALAVERRY,22.4436
27.03.2026,COMB-17-2026,SUPE,22.1604
27.03.2026,COMB-17-2026,TALARA,20.5202
27.03.2026,COMB-17-2026,TARAPOTO,23.4289
27.03.2026,COMB-17-2026,YURIMAGUAS,19.52
27.04.2024,COMB-23-2024,CHIMBOTE,17.995
27.04.2024,COMB-23-2024,CUSCO,18.9744
27.04.2024,COMB-23-2024,EL MILAGRO,18.4316
27.04.2024,COMB-23-2024,ETEN,18.0068
27.04.2024,COMB-23-2024,ILO,18.5614
27.04.2024,COMB-23-2024,IQUITOS,13.41
27.04.2024,COMB-23-2024,JULIACA,18.8682
27.04.2024,COMB-23-2024,LIMA,17.7118
27.04.2024,COMB-23-2024,MOLLENDO,18.3844
27.04.2024,COMB-23-2024,PISCO,18.0658
27.04.2024,COMB-23-2024,PIURA,17.9124
27.04.2024,COMB-23-2024,PTO. MALDONADO,15.63
27.04.2024,COMB-23-2024,PUCALLPA,13.4
27.04.2024,COMB-23-2024,SALAVERRY,18.0304
27.04.2024,COMB-23-2024,SUPE,17.8652
27.04.2024,COMB-23-2024,TALARA,17.7118
27.04.2024,COMB-23-2024,TARAPOTO,18.7797
27.04.2024,COMB-23-2024,YURIMAGUAS,13.83
27.05.2021,COMB-23-2021,CHIMBOTE,13.4874
27.05.2021,COMB-23-2021,CUSCO,14.1364
27.05.2021,COMB-23-2021,EL MILAGRO,13.6526
27.05.2021,COMB-23-2021,ETEN,13.6172
27.05.2021,COMB-23-2021,ILO,13.924
27.05.2021,COMB-23-2021,JULIACA,14.1954
27.05.2021,COMB-23-2021,LIMA,13.3222
27.05.2021,COMB-23-2021,MOLLENDO,13.8768
27.05.2021,COMB-23-2021,PISCO,13.5582
27.05.2021,COMB-23-2021,PIURA,13.5228
27.05.2021,COMB-23-2021,PTO. MALDONADO,11.81
27.05.2021,COMB-23-2021,SALAVERRY,13.6408
27.05.2021,COMB-23-2021,SUPE,13.4166
27.05.2021,COMB-23-2021,TALARA,13.3222
27.05.2021,COMB-23-2021,TARAPOTO,13.8001
27.05.2022,COMB-25-2022,CHIMBOTE,21.3108
27.05.2022,COMB-25-2022,CUSCO,21.9598
27.05.2022,COMB-25-2022,EL MILAGRO,21.476
27.05.2022,COMB-25-2022,ETEN,21.4406
27.05.2022,COMB-25-2022,ILO,21.7474
27.05.2022,COMB-25-2022,JULIACA,22.0188
27.05.2022,COMB-25-2022,LIMA,21.1456
27.05.2022,COMB-25-2022,MOLLENDO,21.7002
27.05.2022,COMB-25-2022,PISCO,21.3816
27.05.2022,COMB-25-2022,PIURA,21.3462
27.05.2022,COMB-25-2022,PTO. MALDONADO,15.51
27.05.2022,COMB-25-2022,SALAVERRY,21.4642
27.05.2022,COMB-25-2022,SUPE,21.181
27.05.2022,COMB-25-2022,TALARA,21.1456
27.05.2022,COMB-25-2022,TARAPOTO,21.6235
27.05.2023,COMB-23-2023,CHIMBOTE,19.6234
27.05.2023,COMB-23-2023,CUSCO,20.2724
27.05.2023,COMB-23-2023,EL MILAGRO,19.7886
27.05.2023,COMB-23-2023,ETEN,19.7532
27.05.2023,COMB-23-2023,ILO,20.06
27.05.2023,COMB-23-2023,IQUITOS,14.79
27.05.2023,COMB-23-2023,JULIACA,20.3314
27.05.2023,COMB-23-2023,LIMA,19.4582
27.05.2023,COMB-23-2023,MOLLENDO,20.0128
27.05.2023,COMB-23-2023,PISCO,19.6942
27.05.2023,COMB-23-2023,PIURA,19.6588
27.05.2023,COMB-23-2023,PTO. MALDONADO,17.01
27.05.2023,COMB-23-2023,PUCALLPA,14.78
27.05.2023,COMB-23-2023,SALAVERRY,19.7768
27.05.2023,COMB-23-2023,SUPE,19.4936
27.05.2023,COMB-23-2023,TALARA,19.4582
27.05.2023,COMB-23-2023,TARAPOTO,19.9361
27.05.2023,COMB-23-2023,YURIMAGUAS,15.21
27.05.2025,COMB-34-2025,CHIMBOTE,15.2692
27.05.2025,COMB-34-2025,CUSCO,16.2486
27.05.2025,COMB-34-2025,EL MILAGRO,16.52
27.05.2025,COMB-34-2025,ETEN,15.281
27.05.2025,COMB-34-2025,ILO,15.8356
27.05.2025,COMB-34-2025,IQUITOS,11.54
27.05.2025,COMB-34-2025,JULIACA,16.1424
27.05.2025,COMB-34-2025,LIMA,14.986
27.05.2025,COMB-34-2025,MOLLENDO,15.6586
27.05.2025,COMB-34-2025,PISCO,15.34
27.05.2025,COMB-34-2025,PIURA,15.1866
27.05.2025,COMB-34-2025,PTO. MALDONADO,13.56
27.05.2025,COMB-34-2025,PUCALLPA,11.53
27.05.2025,COMB-34-2025,SALAVERRY,15.3046
27.05.2025,COMB-34-2025,SUPE,15.1394
27.05.2025,COMB-34-2025,TALARA,14.986
27.05.2025,COMB-34-2025,TARAPOTO,16.9153
27.05.2025,COMB-34-2025,YURIMAGUAS,11.96
27.06.2025,COMB-41-2025,CHIMBOTE,15.045
27.06.2025,COMB-41-2025,CUSCO,16.0244
27.06.2025,COMB-41-2025,EL MILAGRO,16.2958
27.06.2025,COMB-41-2025,ETEN,15.0568
27.06.2025,COMB-41-2025,ILO,15.6114
27.06.2025,COMB-41-2025,IQUITOS,11.35
27.06.2025,COMB-41-2025,JULIACA,15.9182
27.06.2025,COMB-41-2025,LIMA,14.7618
27.06.2025,COMB-41-2025,MOLLENDO,15.4344
27.06.2025,COMB-41-2025,PISCO,15.1158
27.06.2025,COMB-41-2025,PIURA,12.3664
27.06.2025,COMB-41-2025,PTO. MALDONADO,13.37
27.06.2025,COMB-41-2025,PUCALLPA,11.34
27.06.2025,COMB-41-2025,SALAVERRY,15.0804
27.06.2025,COMB-41-2025,SUPE,14.9152
27.06.2025,COMB-41-2025,TALARA,12.1658
27.06.2025,COMB-41-2025,TARAPOTO,16.6911
27.06.2025,COMB-41-2025,YURIMAGUAS,11.77
27.07.2023,COMB-35-2023,CHIMBOTE,19.0452
27.07.2023,COMB-35-2023,CUSCO,20.0246
27.07.2023,COMB-35-2023,EL MILAGRO,19.4818
27.07.2023,COMB-35-2023,ETEN,19.057
27.07.2023,COMB-35-2023,ILO,19.6116
27.07.2023,COMB-35-2023,IQUITOS,14.3
27.07.2023,COMB-35-2023,JULIACA,19.9184
27.07.2023,COMB-35-2023,LIMA,18.762
27.07.2023,COMB-35-2023,MOLLENDO,19.4346
27.07.2023,COMB-35-2023,PISCO,19.116
27.07.2023,COMB-35-2023,PIURA,18.9626
27.07.2023,COMB-35-2023,PTO. MALDONADO,16.52
27.07.2023,COMB-35-2023,PUCALLPA,14.29
27.07.2023,COMB-35-2023,SALAVERRY,19.0806
27.07.2023,COMB-35-2023,SUPE,18.9154
27.07.2023,COMB-35-2023,TALARA,18.762
27.07.2023,COMB-35-2023,TARAPOTO,19.8299
27.07.2023,COMB-35-2023,YURIMAGUAS,14.72
27.08.2021,COMB-40-2021,CHIMBOTE,14.75
27.08.2021,COMB-40-2021,CUSCO,15.399
27.08.2021,COMB-40-2021,EL MILAGRO,14.9152
27.08.2021,COMB-40-2021,ETEN,14.8798
27.08.2021,COMB-40-2021,ILO,15.1866
27.08.2021,COMB-40-2021,JULIACA,15.458
27.08.2021,COMB-40-2021,LIMA,14.5848
27.08.2021,COMB-40-2021,MOLLENDO,15.1394
27.08.2021,COMB-40-2021,PISCO,14.8208
27.08.2021,COMB-40-2021,PIURA,14.7854
27.08.2021,COMB-40-2021,PTO. MALDONADO,12.88
27.08.2021,COMB-40-2021,SALAVERRY,14.9034
27.08.2021,COMB-40-2021,SUPE,14.6202
27.08.2021,COMB-40-2021,TALARA,14.5848
27.08.2021,COMB-40-2021,TARAPOTO,15.0627
27.09.2024,COMB-48-2024,CHIMBOTE,15.3282
27.09.2024,COMB-48-2024,CUSCO,16.3076
27.09.2024,COMB-48-2024,EL MILAGRO,16.579
27.09.2024,COMB-48-2024,ETEN,15.34
27.09.2024,COMB-48-2024,ILO,15.8946
27.09.2024,COMB-48-2024,IQUITOS,11.84
27.09.2024,COMB-48-2024,JULIACA,16.2014
27.09.2024,COMB-48-2024,LIMA,15.045
27.09.2024,COMB-48-2024,MOLLENDO,15.7176
27.09.2024,COMB-48-2024,PISCO,15.399
27.09.2024,COMB-48-2024,PIURA,15.2456
27.09.2024,COMB-48-2024,PTO. MALDONADO,14.06
27.09.2024,COMB-48-2024,PUCALLPA,11.83
27.09.2024,COMB-48-2024,SALAVERRY,15.3636
27.09.2024,COMB-48-2024,SUPE,15.1984
27.09.2024,COMB-48-2024,TALARA,15.045
27.09.2024,COMB-48-2024,TARAPOTO,16.9743
27.09.2024,COMB-48-2024,YURIMAGUAS,12.26
27.10.2023,COMB-54-2023,CHIMBOTE,22.6442
27.10.2023,COMB-54-2023,CUSCO,23.6236
27.10.2023,COMB-54-2023,EL MILAGRO,23.0808
27.10.2023,COMB-54-2023,ETEN,22.656
27.10.2023,COMB-54-2023,ILO,23.2106
27.10.2023,COMB-54-2023,IQUITOS,17.35
27.10.2023,COMB-54-2023,JULIACA,23.5174
27.10.2023,COMB-54-2023,LIMA,22.361
27.10.2023,COMB-54-2023,MOLLENDO,23.0336
27.10.2023,COMB-54-2023,PISCO,22.715
27.10.2023,COMB-54-2023,PIURA,22.5616
27.10.2023,COMB-54-2023,PTO. MALDONADO,19.57
27.10.2023,COMB-54-2023,PUCALLPA,17.34
27.10.2023,COMB-54-2023,SALAVERRY,22.6796
27.10.2023,COMB-54-2023,SUPE,22.5144
27.10.2023,COMB-54-2023,TALARA,22.361
27.10.2023,COMB-54-2023,TARAPOTO,23.4289
27.10.2023,COMB-54-2023,YURIMAGUAS,17.77
27.11.2021,COMB-60-2021,CHIMBOTE,15.7648
27.11.2021,COMB-60-2021,CUSCO,16.4138
27.11.2021,COMB-60-2021,EL MILAGRO,15.93
27.11.2021,COMB-60-2021,ETEN,15.8946
27.11.2021,COMB-60-2021,ILO,16.2014
27.11.2021,COMB-60-2021,JULIACA,16.4728
27.11.2021,COMB-60-2021,LIMA,15.5996
27.11.2021,COMB-60-2021,MOLLENDO,16.1542
27.11.2021,COMB-60-2021,PISCO,15.8356
27.11.2021,COMB-60-2021,PIURA,15.8002
27.11.2021,COMB-60-2021,PTO. MALDONADO,13.74
27.11.2021,COMB-60-2021,SALAVERRY,15.9182
27.11.2021,COMB-60-2021,SUPE,15.635
27.11.2021,COMB-60-2021,TALARA,15.5996
27.11.2021,COMB-60-2021,TARAPOTO,16.0775
28.01.2021,COMB-04-2021,CHIMBOTE,11.4106
28.01.2021,COMB-04-2021,CUSCO,12.0596
28.01.2021,COMB-04-2021,EL MILAGRO,11.5758
28.01.2021,COMB-04-2021,ETEN,11.5404
28.01.2021,COMB-04-2021,ILO,11.8472
28.01.2021,COMB-04-2021,IQUITOS,8.41
28.01.2021,COMB-04-2021,JULIACA,12.1186
28.01.2021,COMB-04-2021,LIMA,11.2454
28.01.2021,COMB-04-2021,MOLLENDO,11.8
28.01.2021,COMB-04-2021,PISCO,11.4814
28.01.2021,COMB-04-2021,PIURA,11.446
28.01.2021,COMB-04-2021,PTO. MALDONADO,10.05
28.01.2021,COMB-04-2021,PUCALLPA,8.4
28.01.2021,COMB-04-2021,SALAVERRY,11.564
28.01.2021,COMB-04-2021,SUPE,11.3988
28.01.2021,COMB-04-2021,TALARA,11.2454
28.01.2021,COMB-04-2021,TARAPOTO,11.7233
28.01.2021,COMB-04-2021,YURIMAGUAS,8.83
28.01.2022,COMB-06-2022,CHIMBOTE,15.7884
28.01.2022,COMB-06-2022,CUSCO,16.4374
28.01.2022,COMB-06-2022,EL MILAGRO,15.9536
28.01.2022,COMB-06-2022,ETEN,15.9182
28.01.2022,COMB-06-2022,ILO,16.225
28.01.2022,COMB-06-2022,JULIACA,16.4964
28.01.2022,COMB-06-2022,LIMA,15.6232
28.01.2022,COMB-06-2022,MOLLENDO,16.1778
28.01.2022,COMB-06-2022,PISCO,15.8592
28.01.2022,COMB-06-2022,PIURA,15.8238
28.01.2022,COMB-06-2022,PTO. MALDONADO,13.76
28.01.2022,COMB-06-2022,SALAVERRY,15.9418
28.01.2022,COMB-06-2022,SUPE,15.6586
28.01.2022,COMB-06-2022,TALARA,15.6232
28.01.2022,COMB-06-2022,TARAPOTO,16.1011
28.01.2025,COMB-08-2025,CHIMBOTE,16.8386
28.01.2025,COMB-08-2025,CUSCO,17.818
28.01.2025,COMB-08-2025,EL MILAGRO,18.0894
28.01.2025,COMB-08-2025,ETEN,16.8504
28.01.2025,COMB-08-2025,ILO,17.405
28.01.2025,COMB-08-2025,IQUITOS,13.12
28.01.2025,COMB-08-2025,JULIACA,17.7118
28.01.2025,COMB-08-2025,LIMA,16.5554
28.01.2025,COMB-08-2025,MOLLENDO,17.228
28.01.2025,COMB-08-2025,PISCO,16.9094
28.01.2025,COMB-08-2025,PIURA,16.756
28.01.2025,COMB-08-2025,PTO. MALDONADO,15.14
28.01.2025,COMB-08-2025,PUCALLPA,13.11
28.01.2025,COMB-08-2025,SALAVERRY,16.874
28.01.2025,COMB-08-2025,SUPE,16.7088
28.01.2025,COMB-08-2025,TALARA,16.5554
28.01.2025,COMB-08-2025,TARAPOTO,18.4847
28.01.2025,COMB-08-2025,YURIMAGUAS,13.54
28.02.2025,COMB-18-2025,CHIMBOTE,16.1778
28.02.2025,COMB-18-2025,CUSCO,17.1572
28.02.2025,COMB-18-2025,EL MILAGRO,17.4286
28.02.2025,COMB-18-2025,ETEN,16.1896
28.02.2025,COMB-18-2025,ILO,16.7442
28.02.2025,COMB-18-2025,IQUITOS,12.56
28.02.2025,COMB-18-2025,JULIACA,17.051
28.02.2025,COMB-18-2025,LIMA,15.8946
28.02.2025,COMB-18-2025,MOLLENDO,16.5672
28.02.2025,COMB-18-2025,PISCO,16.2486
28.02.2025,COMB-18-2025,PIURA,16.0952
28.02.2025,COMB-18-2025,PTO. MALDONADO,14.58
28.02.2025,COMB-18-2025,PUCALLPA,12.55
28.02.2025,COMB-18-2025,SALAVERRY,16.2132
28.02.2025,COMB-18-2025,SUPE,16.048
28.02.2025,COMB-18-2025,TALARA,15.8946
28.02.2025,COMB-18-2025,TARAPOTO,17.8239
28.02.2025,COMB-18-2025,YURIMAGUAS,12.98
28.03.2025,COMB-23-2025,CHIMBOTE,14.927
28.03.2025,COMB-23-2025,CUSCO,15.9064
28.03.2025,COMB-23-2025,EL MILAGRO,16.1778
28.03.2025,COMB-23-2025,ETEN,14.9388
28.03.2025,COMB-23-2025,ILO,15.4934
28.03.2025,COMB-23-2025,IQUITOS,11.5
28.03.2025,COMB-23-2025,JULIACA,15.8002
28.03.2025,COMB-23-2025,LIMA,14.6438
28.03.2025,COMB-23-2025,MOLLENDO,15.3164
28.03.2025,COMB-23-2025,PISCO,14.9978
28.03.2025,COMB-23-2025,PIURA,14.8444
28.03.2025,COMB-23-2025,PTO. MALDONADO,13.52
28.03.2025,COMB-23-2025,PUCALLPA,11.49
28.03.2025,COMB-23-2025,SALAVERRY,14.9624
28.03.2025,COMB-23-2025,SUPE,14.7972
28.03.2025,COMB-23-2025,TALARA,14.6438
28.03.2025,COMB-23-2025,TARAPOTO,16.5731
28.03.2025,COMB-23-2025,YURIMAGUAS,11.92
28.04.2023,COMB-19-2023,CHIMBOTE,20.3314
28.04.2023,COMB-19-2023,CUSCO,20.9804
28.04.2023,COMB-19-2023,EL MILAGRO,20.4966
28.04.2023,COMB-19-2023,ETEN,20.4612
28.04.2023,COMB-19-2023,ILO,20.768
28.04.2023,COMB-19-2023,IQUITOS,15.39
28.04.2023,COMB-19-2023,JULIACA,21.0394
28.04.2023,COMB-19-2023,LIMA,20.1662
28.04.2023,COMB-19-2023,MOLLENDO,20.7208
28.04.2023,COMB-19-2023,PISCO,20.4022
28.04.2023,COMB-19-2023,PIURA,20.3668
28.04.2023,COMB-19-2023,PTO. MALDONADO,17.61
28.04.2023,COMB-19-2023,PUCALLPA,15.38
28.04.2023,COMB-19-2023,SALAVERRY,20.4848
28.04.2023,COMB-19-2023,SUPE,20.2016
28.04.2023,COMB-19-2023,TALARA,20.1662
28.04.2023,COMB-19-2023,TARAPOTO,20.6441
28.04.2023,COMB-19-2023,YURIMAGUAS,15.81
28.04.2026,COMB-25-2026,CHIMBOTE,19.588
28.04.2026,COMB-25-2026,CUSCO,23.1162
28.04.2026,COMB-25-2026,EL MILAGRO,22.7976
28.04.2026,COMB-25-2026,ETEN,22.538
28.04.2026,COMB-25-2026,ILO,22.6796
28.04.2026,COMB-25-2026,IQUITOS,17.29
28.04.2026,COMB-25-2026,JULIACA,23.01
28.04.2026,COMB-25-2026,LIMA,20.296
28.04.2026,COMB-25-2026,MOLLENDO,22.833
28.04.2026,COMB-25-2026,PISCO,22.715
28.04.2026,COMB-25-2026,PIURA,20.4848
28.04.2026,COMB-25-2026,PTO. MALDONADO,19.4483
28.04.2026,COMB-25-2026,PUCALLPA,17.28
28.04.2026,COMB-25-2026,SALAVERRY,22.7976
28.04.2026,COMB-25-2026,SUPE,20.7444
28.04.2026,COMB-25-2026,TALARA,20.2842
28.04.2026,COMB-25-2026,TARAPOTO,23.1929
28.04.2026,COMB-25-2026,YURIMAGUAS,16.88
28.05.2021,COMB-24-2021,CHIMBOTE,13.4874
28.05.2021,COMB-24-2021,CUSCO,14.1364
28.05.2021,COMB-24-2021,EL MILAGRO,13.6526
28.05.2021,COMB-24-2021,ETEN,13.6172
28.05.2021,COMB-24-2021,ILO,13.924
28.05.2021,COMB-24-2021,JULIACA,14.1954
28.05.2021,COMB-24-2021,LIMA,13.3222
28.05.2021,COMB-24-2021,MOLLENDO,13.8768
28.05.2021,COMB-24-2021,PISCO,13.5582
28.05.2021,COMB-24-2021,PIURA,13.5228
28.05.2021,COMB-24-2021,PTO. MALDONADO,11.81
28.05.2021,COMB-24-2021,SALAVERRY,13.6408
28.05.2021,COMB-24-2021,SUPE,13.4166
28.05.2021,COMB-24-2021,TALARA,13.3222
28.05.2021,COMB-24-2021,TARAPOTO,13.8001
28.06.2024,COMB-33-2024,CHIMBOTE,17.4522
28.06.2024,COMB-33-2024,CUSCO,18.4316
28.06.2024,COMB-33-2024,EL MILAGRO,17.8888
28.06.2024,COMB-33-2024,ETEN,17.464
28.06.2024,COMB-33-2024,ILO,18.0186
28.06.2024,COMB-33-2024,IQUITOS,12.95
28.06.2024,COMB-33-2024,JULIACA,18.3254
28.06.2024,COMB-33-2024,LIMA,17.169
28.06.2024,COMB-33-2024,MOLLENDO,17.8416
28.06.2024,COMB-33-2024,PISCO,17.523
28.06.2024,COMB-33-2024,PIURA,17.3696
28.06.2024,COMB-33-2024,PTO. MALDONADO,15.17
28.06.2024,COMB-33-2024,PUCALLPA,12.94
28.06.2024,COMB-33-2024,SALAVERRY,17.4876
28.06.2024,COMB-33-2024,SUPE,17.3224
28.06.2024,COMB-33-2024,TALARA,17.169
28.06.2024,COMB-33-2024,TARAPOTO,18.2841
28.06.2024,COMB-33-2024,YURIMAGUAS,13.37
28.07.2023,COMB-36-2023,CHIMBOTE,19.0452
28.07.2023,COMB-36-2023,CUSCO,20.0246
28.07.2023,COMB-36-2023,EL MILAGRO,19.4818
28.07.2023,COMB-36-2023,ETEN,19.057
28.07.2023,COMB-36-2023,ILO,19.6116
28.07.2023,COMB-36-2023,IQUITOS,14.3
28.07.2023,COMB-36-2023,JULIACA,19.9184
28.07.2023,COMB-36-2023,LIMA,18.762
28.07.2023,COMB-36-2023,MOLLENDO,19.4346
28.07.2023,COMB-36-2023,PISCO,19.116
28.07.2023,COMB-36-2023,PIURA,18.9626
28.07.2023,COMB-36-2023,PTO. MALDONADO,16.52
28.07.2023,COMB-36-2023,PUCALLPA,14.29
28.07.2023,COMB-36-2023,SALAVERRY,19.0806
28.07.2023,COMB-36-2023,SUPE,18.9154
28.07.2023,COMB-36-2023,TALARA,18.762
28.07.2023,COMB-36-2023,TARAPOTO,19.8299
28.07.2023,COMB-36-2023,YURIMAGUAS,14.72
28.10.2021,COMB-53-2021,CHIMBOTE,16.0244
28.10.2021,COMB-53-2021,CUSCO,16.6734
28.10.2021,COMB-53-2021,EL MILAGRO,16.1896
28.10.2021,COMB-53-2021,ETEN,16.1542
28.10.2021,COMB-53-2021,ILO,16.461
28.10.2021,COMB-53-2021,JULIACA,16.7324
28.10.2021,COMB-53-2021,LIMA,15.8592
28.10.2021,COMB-53-2021,MOLLENDO,16.4138
28.10.2021,COMB-53-2021,PISCO,16.0952
28.10.2021,COMB-53-2021,PIURA,16.0598
28.10.2021,COMB-53-2021,PTO. MALDONADO,13.96
28.10.2021,COMB-53-2021,SALAVERRY,16.1778
28.10.2021,COMB-53-2021,SUPE,15.8946
28.10.2021,COMB-53-2021,TALARA,15.8592
28.10.2021,COMB-53-2021,TARAPOTO,16.3371
28.10.2022,COMB-49-2022,CHIMBOTE,25.134
28.10.2022,COMB-49-2022,CUSCO,25.783
28.10.2022,COMB-49-2022,EL MILAGRO,25.2992
28.10.2022,COMB-49-2022,ETEN,25.2638
28.10.2022,COMB-49-2022,ILO,25.5706
28.10.2022,COMB-49-2022,JULIACA,25.842
28.10.2022,COMB-49-2022,LIMA,24.9688
28.10.2022,COMB-49-2022,MOLLENDO,25.5234
28.10.2022,COMB-49-2022,PISCO,25.2048
28.10.2022,COMB-49-2022,PIURA,25.1694
28.10.2022,COMB-49-2022,PTO. MALDONADO,21.68
28.10.2022,COMB-49-2022,SALAVERRY,25.2874
28.10.2022,COMB-49-2022,SUPE,25.0042
28.10.2022,COMB-49-2022,TALARA,24.9688
28.10.2022,COMB-49-2022,TARAPOTO,25.4467
28.10.2025,COMB-68-2025,CHIMBOTE,13.334
28.10.2025,COMB-68-2025,CUSCO,14.6202
28.10.2025,COMB-68-2025,EL MILAGRO,14.5848
28.10.2025,COMB-68-2025,ETEN,13.3458
28.10.2025,COMB-68-2025,ILO,14.2072
28.10.2025,COMB-68-2025,IQUITOS,11.3
28.10.2025,COMB-68-2025,JULIACA,14.514
28.10.2025,COMB-68-2025,LIMA,13.0508
28.10.2025,COMB-68-2025,MOLLENDO,14.0302
28.10.2025,COMB-68-2025,PISCO,13.4048
28.10.2025,COMB-68-2025,PIURA,12.567
28.10.2025,COMB-68-2025,PTO. MALDONADO,13.58
28.10.2025,COMB-68-2025,PUCALLPA,11.29
28.10.2025,COMB-68-2025,SALAVERRY,13.3694
28.10.2025,COMB-68-2025,SUPE,13.2042
28.10.2025,COMB-68-2025,TALARA,12.3664
28.10.2025,COMB-68-2025,TARAPOTO,14.9801
28.10.2025,COMB-68-2025,YURIMAGUAS,11.72
28.11.2025,COMB-75-2025,CHIMBOTE,13.9948
28.11.2025,COMB-75-2025,CUSCO,15.871
28.11.2025,COMB-75-2025,EL MILAGRO,15.576
28.11.2025,COMB-75-2025,ETEN,14.5966
28.11.2025,COMB-75-2025,ILO,15.3282
28.11.2025,COMB-75-2025,IQUITOS,12.36
28.11.2025,COMB-75-2025,JULIACA,15.7648
28.11.2025,COMB-75-2025,LIMA,14.360600000000002
28.11.2025,COMB-75-2025,MOLLENDO,15.1512
28.11.2025,COMB-75-2025,PISCO,14.6556
28.11.2025,COMB-75-2025,PIURA,13.5582
28.11.2025,COMB-75-2025,PTO. MALDONADO,14.64
28.11.2025,COMB-75-2025,PUCALLPA,12.35
28.11.2025,COMB-75-2025,SALAVERRY,14.8562
28.11.2025,COMB-75-2025,SUPE,14.455
28.11.2025,COMB-75-2025,TALARA,13.3576
28.11.2025,COMB-75-2025,TARAPOTO,15.9713
28.11.2025,COMB-75-2025,YURIMAGUAS,12.78
29.03.2024,COMB-17-2024,CHIMBOTE,18.0658
29.03.2024,COMB-17-2024,CUSCO,19.0452
29.03.2024,COMB-17-2024,EL MILAGRO,18.5024
29.03.2024,COMB-17-2024,ETEN,18.0776
29.03.2024,COMB-17-2024,ILO,18.6322
29.03.2024,COMB-17-2024,IQUITOS,13.47
29.03.2024,COMB-17-2024,JULIACA,18.939
29.03.2024,COMB-17-2024,LIMA,17.7826
29.03.2024,COMB-17-2024,MOLLENDO,18.4552
29.03.2024,COMB-17-2024,PISCO,18.1366
29.03.2024,COMB-17-2024,PIURA,17.9832
29.03.2024,COMB-17-2024,PTO. MALDONADO,15.69
29.03.2024,COMB-17-2024,PUCALLPA,13.46
29.03.2024,COMB-17-2024,SALAVERRY,18.1012
29.03.2024,COMB-17-2024,SUPE,17.936
29.03.2024,COMB-17-2024,TALARA,17.7826
29.03.2024,COMB-17-2024,TARAPOTO,18.8505
29.03.2024,COMB-17-2024,YURIMAGUAS,13.89
29.04.2021,COMB-18-2021,CHIMBOTE,12.2366
29.04.2021,COMB-18-2021,CUSCO,12.8856
29.04.2021,COMB-18-2021,EL MILAGRO,12.4018
29.04.2021,COMB-18-2021,ETEN,12.3664
29.04.2021,COMB-18-2021,ILO,12.6732
29.04.2021,COMB-18-2021,JULIACA,12.9446
29.04.2021,COMB-18-2021,LIMA,12.0714
29.04.2021,COMB-18-2021,MOLLENDO,12.626
29.04.2021,COMB-18-2021,PISCO,12.3074
29.04.2021,COMB-18-2021,PIURA,12.272
29.04.2021,COMB-18-2021,PTO. MALDONADO,10.75
29.04.2021,COMB-18-2021,SALAVERRY,12.39
29.04.2021,COMB-18-2021,SUPE,12.1658
29.04.2021,COMB-18-2021,TALARA,12.0714
29.04.2021,COMB-18-2021,TARAPOTO,12.5493
29.04.2022,COMB-21-2022,CHIMBOTE,20.7444
29.04.2022,COMB-21-2022,CUSCO,21.3934
29.04.2022,COMB-21-2022,EL MILAGRO,20.9096
29.04.2022,COMB-21-2022,ETEN,20.8742
29.04.2022,COMB-21-2022,ILO,21.181
29.04.2022,COMB-21-2022,JULIACA,21.4524
29.04.2022,COMB-21-2022,LIMA,20.5792
29.04.2022,COMB-21-2022,MOLLENDO,21.1338
29.04.2022,COMB-21-2022,PISCO,20.8152
29.04.2022,COMB-21-2022,PIURA,20.7798
29.04.2022,COMB-21-2022,PTO. MALDONADO,14.57
29.04.2022,COMB-21-2022,SALAVERRY,20.8978
29.04.2022,COMB-21-2022,SUPE,20.6146
29.04.2022,COMB-21-2022,TALARA,20.5792
29.04.2022,COMB-21-2022,TARAPOTO,21.0571
29.04.2025,COMB-29-2025,CHIMBOTE,15.0096
29.04.2025,COMB-29-2025,CUSCO,15.989
29.04.2025,COMB-29-2025,EL MILAGRO,16.2604
29.04.2025,COMB-29-2025,ETEN,15.0214
29.04.2025,COMB-29-2025,ILO,15.576
29.04.2025,COMB-29-2025,IQUITOS,11.57
29.04.2025,COMB-29-2025,JULIACA,15.8828
29.04.2025,COMB-29-2025,LIMA,14.7264
29.04.2025,COMB-29-2025,MOLLENDO,15.399
29.04.2025,COMB-29-2025,PISCO,15.0804
29.04.2025,COMB-29-2025,PIURA,14.927
29.04.2025,COMB-29-2025,PTO. MALDONADO,13.59
29.04.2025,COMB-29-2025,PUCALLPA,11.56
29.04.2025,COMB-29-2025,SALAVERRY,15.045
29.04.2025,COMB-29-2025,SUPE,14.8798
29.04.2025,COMB-29-2025,TALARA,14.7264
29.04.2025,COMB-29-2025,TARAPOTO,16.6557
29.04.2025,COMB-29-2025,YURIMAGUAS,11.99
29.05.2026,COMB-33-2026,CHIMBOTE,19.7178
29.05.2026,COMB-33-2026,CUSCO,23.4112
29.05.2026,COMB-33-2026,EL MILAGRO,21.4996
29.05.2026,COMB-33-2026,ETEN,20.6264
29.05.2026,COMB-33-2026,ILO,23.5646
29.05.2026,COMB-33-2026,IQUITOS,16.99
29.05.2026,COMB-33-2026,JULIACA,23.305
29.05.2026,COMB-33-2026,LIMA,19.8712
29.05.2026,COMB-33-2026,MOLLENDO,23.128
29.05.2026,COMB-33-2026,PISCO,20.3196
29.05.2026,COMB-33-2026,PIURA,19.1868
29.05.2026,COMB-33-2026,PTO. MALDONADO,19.6983
29.05.2026,COMB-33-2026,PUCALLPA,17.05
29.05.2026,COMB-33-2026,SALAVERRY,20.9922
29.05.2026,COMB-33-2026,SUPE,20.119
29.05.2026,COMB-33-2026,TALARA,18.9862
29.05.2026,COMB-33-2026,TARAPOTO,21.8949
29.05.2026,COMB-33-2026,YURIMAGUAS,15.78
29.06.2023,COMB-29-2023,CHIMBOTE,18.1838
29.06.2023,COMB-29-2023,CUSCO,19.1632
29.06.2023,COMB-29-2023,EL MILAGRO,18.6204
29.06.2023,COMB-29-2023,ETEN,18.1956
29.06.2023,COMB-29-2023,ILO,18.7502
29.06.2023,COMB-29-2023,IQUITOS,13.57
29.06.2023,COMB-29-2023,JULIACA,19.057
29.06.2023,COMB-29-2023,LIMA,17.9006
29.06.2023,COMB-29-2023,MOLLENDO,18.5732
29.06.2023,COMB-29-2023,PISCO,18.2546
29.06.2023,COMB-29-2023,PIURA,18.1012
29.06.2023,COMB-29-2023,PTO. MALDONADO,15.79
29.06.2023,COMB-29-2023,PUCALLPA,13.56
29.06.2023,COMB-29-2023,SALAVERRY,18.2192
29.06.2023,COMB-29-2023,SUPE,18.054
29.06.2023,COMB-29-2023,TALARA,17.9006
29.06.2023,COMB-29-2023,TARAPOTO,18.9685
29.06.2023,COMB-29-2023,YURIMAGUAS,13.99
29.07.2022,COMB-34-2022,CHIMBOTE,23.6944
29.07.2022,COMB-34-2022,CUSCO,24.3434
29.07.2022,COMB-34-2022,EL MILAGRO,23.8596
29.07.2022,COMB-34-2022,ETEN,23.8242
29.07.2022,COMB-34-2022,ILO,24.131
29.07.2022,COMB-34-2022,JULIACA,24.4024
29.07.2022,COMB-34-2022,LIMA,23.5292
29.07.2022,COMB-34-2022,MOLLENDO,24.0838
29.07.2022,COMB-34-2022,PISCO,23.7652
29.07.2022,COMB-34-2022,PIURA,23.7298
29.07.2022,COMB-34-2022,PTO. MALDONADO,20.46
29.07.2022,COMB-34-2022,SALAVERRY,23.8478
29.07.2022,COMB-34-2022,SUPE,23.5646
29.07.2022,COMB-34-2022,TALARA,23.5292
29.07.2022,COMB-34-2022,TARAPOTO,24.0071
29.07.2026,COMB-55-2026,CHIMBOTE,24.5204
29.07.2026,COMB-55-2026,CUSCO,25.8538
29.07.2026,COMB-55-2026,EL MILAGRO,26.2432
29.07.2026,COMB-55-2026,ETEN,25.2638
29.07.2026,COMB-55-2026,ILO,25.5394
29.07.2026,COMB-55-2026,IQUITOS,21.98
29.07.2026,COMB-55-2026,JULIACA,25.9128
29.07.2026,COMB-55-2026,LIMA,24.6266
29.07.2026,COMB-55-2026,MOLLENDO,25.2874
29.07.2026,COMB-55-2026,PISCO,24.4968
29.07.2026,COMB-55-2026,PIURA,25.429
29.07.2026,COMB-55-2026,PTO. MALDONADO,21.7483
29.07.2026,COMB-55-2026,PUCALLPA,21.09
29.07.2026,COMB-55-2026,SALAVERRY,25.5116
29.07.2026,COMB-55-2026,SUPE,24.8508
29.07.2026,COMB-55-2026,TALARA,25.2284
29.07.2026,COMB-55-2026,TARAPOTO,26.5559
29.07.2026,COMB-55-2026,YURIMAGUAS,21.33
29.08.2025,COMB-57-2025,CHIMBOTE,13.452
29.08.2025,COMB-57-2025,CUSCO,14.4314
29.08.2025,COMB-57-2025,EL MILAGRO,14.7028
29.08.2025,COMB-57-2025,ETEN,13.4638
29.08.2025,COMB-57-2025,ILO,14.0184
29.08.2025,COMB-57-2025,IQUITOS,11.37
29.08.2025,COMB-57-2025,JULIACA,14.3252
29.08.2025,COMB-57-2025,LIMA,13.1688
29.08.2025,COMB-57-2025,MOLLENDO,13.8414
29.08.2025,COMB-57-2025,PISCO,13.5228
29.08.2025,COMB-57-2025,PIURA,12.4726
29.08.2025,COMB-57-2025,PTO. MALDONADO,13.39
29.08.2025,COMB-57-2025,PUCALLPA,11.36
29.08.2025,COMB-57-2025,SALAVERRY,13.4874
29.08.2025,COMB-57-2025,SUPE,13.3222
29.08.2025,COMB-57-2025,TALARA,12.272
29.08.2025,COMB-57-2025,TARAPOTO,15.0981
29.08.2025,COMB-57-2025,YURIMAGUAS,11.79
29.09.2023,COMB-49-2023,CHIMBOTE,22.7976
29.09.2023,COMB-49-2023,CUSCO,23.777
29.09.2023,COMB-49-2023,EL MILAGRO,23.2342
29.09.2023,COMB-49-2023,ETEN,22.8094
29.09.2023,COMB-49-2023,ILO,23.364
29.09.2023,COMB-49-2023,IQUITOS,17.48
29.09.2023,COMB-49-2023,JULIACA,23.6708
29.09.2023,COMB-49-2023,LIMA,22.5144
29.09.2023,COMB-49-2023,MOLLENDO,23.187
29.09.2023,COMB-49-2023,PISCO,22.8684
29.09.2023,COMB-49-2023,PIURA,22.715
29.09.2023,COMB-49-2023,PTO. MALDONADO,19.7
29.09.2023,COMB-49-2023,PUCALLPA,17.47
29.09.2023,COMB-49-2023,SALAVERRY,22.833
29.09.2023,COMB-49-2023,SUPE,22.6678
29.09.2023,COMB-49-2023,TALARA,22.5144
29.09.2023,COMB-49-2023,TARAPOTO,23.5823
29.09.2023,COMB-49-2023,YURIMAGUAS,17.9
29.10.2021,COMB-54-2021,CHIMBOTE,16.0244
29.10.2021,COMB-54-2021,CUSCO,16.6734
29.10.2021,COMB-54-2021,EL MILAGRO,16.1896
29.10.2021,COMB-54-2021,ETEN,16.1542
29.10.2021,COMB-54-2021,ILO,16.461
29.10.2021,COMB-54-2021,JULIACA,16.7324
29.10.2021,COMB-54-2021,LIMA,15.8592
29.10.2021,COMB-54-2021,MOLLENDO,16.4138
29.10.2021,COMB-54-2021,PISCO,16.0952
29.10.2021,COMB-54-2021,PIURA,16.0598
29.10.2021,COMB-54-2021,PTO. MALDONADO,13.96
29.10.2021,COMB-54-2021,SALAVERRY,16.1778
29.10.2021,COMB-54-2021,SUPE,15.8946
29.10.2021,COMB-54-2021,TALARA,15.8592
29.10.2021,COMB-54-2021,TARAPOTO,16.3371
29.10.2022,COMB-50-2022,CHIMBOTE,25.134
29.10.2022,COMB-50-2022,CUSCO,25.783
29.10.2022,COMB-50-2022,EL MILAGRO,25.2992
29.10.2022,COMB-50-2022,ETEN,25.2638
29.10.2022,COMB-50-2022,ILO,25.5706
29.10.2022,COMB-50-2022,JULIACA,25.842
29.10.2022,COMB-50-2022,LIMA,24.9688
29.10.2022,COMB-50-2022,MOLLENDO,25.5234
29.10.2022,COMB-50-2022,PISCO,25.2048
29.10.2022,COMB-50-2022,PIURA,25.1694
29.10.2022,COMB-50-2022,PTO. MALDONADO,21.68
29.10.2022,COMB-50-2022,SALAVERRY,25.2874
29.10.2022,COMB-50-2022,SUPE,25.0042
29.10.2022,COMB-50-2022,TALARA,24.9688
29.10.2022,COMB-50-2022,TARAPOTO,25.4467
29.10.2024,COMB-53-2024,CHIMBOTE,15.7884
29.10.2024,COMB-53-2024,CUSCO,16.7678
29.10.2024,COMB-53-2024,EL MILAGRO,17.0392
29.10.2024,COMB-53-2024,ETEN,15.8002
29.10.2024,COMB-53-2024,ILO,16.3548
29.10.2024,COMB-53-2024,IQUITOS,12.23
29.10.2024,COMB-53-2024,JULIACA,16.6616
29.10.2024,COMB-53-2024,LIMA,15.5052
29.10.2024,COMB-53-2024,MOLLENDO,16.1778
29.10.2024,COMB-53-2024,PISCO,15.8592
29.10.2024,COMB-53-2024,PIURA,15.7058
29.10.2024,COMB-53-2024,PTO. MALDONADO,14.45
29.10.2024,COMB-53-2024,PUCALLPA,12.22
29.10.2024,COMB-53-2024,SALAVERRY,15.8238
29.10.2024,COMB-53-2024,SUPE,15.6586
29.10.2024,COMB-53-2024,TALARA,15.5052
29.10.2024,COMB-53-2024,TARAPOTO,17.4345
29.10.2024,COMB-53-2024,YURIMAGUAS,12.65
29.11.2024,COMB-62-2024,CHIMBOTE,15.812
29.11.2024,COMB-62-2024,CUSCO,16.7914
29.11.2024,COMB-62-2024,EL MILAGRO,17.0628
29.11.2024,COMB-62-2024,ETEN,15.8238
29.11.2024,COMB-62-2024,ILO,16.3784
29.11.2024,COMB-62-2024,IQUITOS,12.25
29.11.2024,COMB-62-2024,JULIACA,16.6852
29.11.2024,COMB-62-2024,LIMA,15.5288
29.11.2024,COMB-62-2024,MOLLENDO,16.2014
29.11.2024,COMB-62-2024,PISCO,15.8828
29.11.2024,COMB-62-2024,PIURA,15.7294
29.11.2024,COMB-62-2024,PTO. MALDONADO,14.47
29.11.2024,COMB-62-2024,PUCALLPA,12.24
29.11.2024,COMB-62-2024,SALAVERRY,15.8474
29.11.2024,COMB-62-2024,SUPE,15.6822
29.11.2024,COMB-62-2024,TALARA,15.5288
29.11.2024,COMB-62-2024,TARAPOTO,17.4581
29.11.2024,COMB-62-2024,YURIMAGUAS,12.67
29.11.2025,COMB-76-2025,CHIMBOTE,13.9948
29.11.2025,COMB-76-2025,CUSCO,15.871
29.11.2025,COMB-76-2025,EL MILAGRO,15.576
29.11.2025,COMB-76-2025,ETEN,14.5966
29.11.2025,COMB-76-2025,ILO,15.3282
29.11.2025,COMB-76-2025,IQUITOS,12.36
29.11.2025,COMB-76-2025,JULIACA,15.7648
29.11.2025,COMB-76-2025,LIMA,14.360600000000002
29.11.2025,COMB-76-2025,MOLLENDO,15.1512
29.11.2025,COMB-76-2025,PISCO,14.6556
29.11.2025,COMB-76-2025,PIURA,13.5582
29.11.2025,COMB-76-2025,PTO. MALDONADO,14.64
29.11.2025,COMB-76-2025,PUCALLPA,12.35
29.11.2025,COMB-76-2025,SALAVERRY,14.8562
29.11.2025,COMB-76-2025,SUPE,14.455
29.11.2025,COMB-76-2025,TALARA,13.3576
29.11.2025,COMB-76-2025,TARAPOTO,15.9713
29.11.2025,COMB-76-2025,YURIMAGUAS,12.78
29.12.2023,COMB-66-2023,CHIMBOTE,19.9066
29.12.2023,COMB-66-2023,CUSCO,20.886
29.12.2023,COMB-66-2023,EL MILAGRO,20.3432
29.12.2023,COMB-66-2023,ETEN,19.9184
29.12.2023,COMB-66-2023,ILO,20.473
29.12.2023,COMB-66-2023,IQUITOS,15.03
29.12.2023,COMB-66-2023,JULIACA,20.7798
29.12.2023,COMB-66-2023,LIMA,19.6234
29.12.2023,COMB-66-2023,MOLLENDO,20.296
29.12.2023,COMB-66-2023,PISCO,19.9774
29.12.2023,COMB-66-2023,PIURA,19.824
29.12.2023,COMB-66-2023,PTO. MALDONADO,17.25
29.12.2023,COMB-66-2023,PUCALLPA,15.02
29.12.2023,COMB-66-2023,SALAVERRY,19.942
29.12.2023,COMB-66-2023,SUPE,19.7768
29.12.2023,COMB-66-2023,TALARA,19.6234
29.12.2023,COMB-66-2023,TARAPOTO,20.6913
29.12.2023,COMB-66-2023,YURIMAGUAS,15.45
30.01.2025,COMB-09-2025,CHIMBOTE,16.8386
30.01.2025,COMB-09-2025,CUSCO,17.818
30.01.2025,COMB-09-2025,EL MILAGRO,18.0894
30.01.2025,COMB-09-2025,ETEN,16.8504
30.01.2025,COMB-09-2025,ILO,17.405
30.01.2025,COMB-09-2025,IQUITOS,13.12
30.01.2025,COMB-09-2025,JULIACA,17.7118
30.01.2025,COMB-09-2025,LIMA,16.5554
30.01.2025,COMB-09-2025,MOLLENDO,17.228
30.01.2025,COMB-09-2025,PISCO,16.9094
30.01.2025,COMB-09-2025,PIURA,16.756
30.01.2025,COMB-09-2025,PTO. MALDONADO,15.14
30.01.2025,COMB-09-2025,PUCALLPA,13.11
30.01.2025,COMB-09-2025,SALAVERRY,16.874
30.01.2025,COMB-09-2025,SUPE,16.7088
30.01.2025,COMB-09-2025,TALARA,16.5554
30.01.2025,COMB-09-2025,TARAPOTO,18.4847
30.01.2025,COMB-09-2025,YURIMAGUAS,13.54
30.04.2021,COMB-19-2021,CHIMBOTE,12.2366
30.04.2021,COMB-19-2021,CUSCO,12.8856
30.04.2021,COMB-19-2021,EL MILAGRO,12.4018
30.04.2021,COMB-19-2021,ETEN,12.3664
30.04.2021,COMB-19-2021,ILO,12.6732
30.04.2021,COMB-19-2021,JULIACA,12.9446
30.04.2021,COMB-19-2021,LIMA,12.0714
30.04.2021,COMB-19-2021,MOLLENDO,12.626
30.04.2021,COMB-19-2021,PISCO,12.3074
30.04.2021,COMB-19-2021,PIURA,12.272
30.04.2021,COMB-19-2021,PTO. MALDONADO,10.75
30.04.2021,COMB-19-2021,SALAVERRY,12.39
30.04.2021,COMB-19-2021,SUPE,12.1658
30.04.2021,COMB-19-2021,TALARA,12.0714
30.04.2021,COMB-19-2021,TARAPOTO,12.5493
30.06.2023,COMB-30-2023,CHIMBOTE,18.1838
30.06.2023,COMB-30-2023,CUSCO,19.1632
30.06.2023,COMB-30-2023,EL MILAGRO,18.6204
30.06.2023,COMB-30-2023,ETEN,18.1956
30.06.2023,COMB-30-2023,ILO,18.7502
30.06.2023,COMB-30-2023,IQUITOS,13.57
30.06.2023,COMB-30-2023,JULIACA,19.057
30.06.2023,COMB-30-2023,LIMA,17.9006
30.06.2023,COMB-30-2023,MOLLENDO,18.5732
30.06.2023,COMB-30-2023,PISCO,18.2546
30.06.2023,COMB-30-2023,PIURA,18.1012
30.06.2023,COMB-30-2023,PTO. MALDONADO,15.79
30.06.2023,COMB-30-2023,PUCALLPA,13.56
30.06.2023,COMB-30-2023,SALAVERRY,18.2192
30.06.2023,COMB-30-2023,SUPE,18.054
30.06.2023,COMB-30-2023,TALARA,17.9006
30.06.2023,COMB-30-2023,TARAPOTO,18.9685
30.06.2023,COMB-30-2023,YURIMAGUAS,13.99
30.07.2021,COMB-35-2021,CHIMBOTE,14.455
30.07.2021,COMB-35-2021,CUSCO,15.104
30.07.2021,COMB-35-2021,EL MILAGRO,14.6202
30.07.2021,COMB-35-2021,ETEN,14.5848
30.07.2021,COMB-35-2021,ILO,14.8916
30.07.2021,COMB-35-2021,JULIACA,15.163
30.07.2021,COMB-35-2021,LIMA,14.2898
30.07.2021,COMB-35-2021,MOLLENDO,14.8444
30.07.2021,COMB-35-2021,PISCO,14.5258
30.07.2021,COMB-35-2021,PIURA,14.4904
30.07.2021,COMB-35-2021,PTO. MALDONADO,12.63
30.07.2021,COMB-35-2021,SALAVERRY,14.6084
30.07.2021,COMB-35-2021,SUPE,14.3842
30.07.2021,COMB-35-2021,TALARA,14.2898
30.07.2021,COMB-35-2021,TARAPOTO,14.7677
30.08.2024,COMB-43-2024,CHIMBOTE,16.6498
30.08.2024,COMB-43-2024,CUSCO,17.6292
30.08.2024,COMB-43-2024,EL MILAGRO,17.0864
30.08.2024,COMB-43-2024,ETEN,16.6616
30.08.2024,COMB-43-2024,ILO,17.2162
30.08.2024,COMB-43-2024,IQUITOS,12.27
30.08.2024,COMB-43-2024,JULIACA,17.523
30.08.2024,COMB-43-2024,LIMA,16.3666
30.08.2024,COMB-43-2024,MOLLENDO,17.0392
30.08.2024,COMB-43-2024,PISCO,16.7206
30.08.2024,COMB-43-2024,PIURA,16.5672
30.08.2024,COMB-43-2024,PTO. MALDONADO,14.49
30.08.2024,COMB-43-2024,PUCALLPA,12.26
30.08.2024,COMB-43-2024,SALAVERRY,16.6852
30.08.2024,COMB-43-2024,SUPE,16.52
30.08.2024,COMB-43-2024,TALARA,16.3666
30.08.2024,COMB-43-2024,TARAPOTO,17.4817
30.08.2024,COMB-43-2024,YURIMAGUAS,12.69
30.09.2022,COMB-45-2022,CHIMBOTE,21.712
30.09.2022,COMB-45-2022,CUSCO,22.361
30.09.2022,COMB-45-2022,EL MILAGRO,21.8772
30.09.2022,COMB-45-2022,ETEN,21.8418
30.09.2022,COMB-45-2022,ILO,22.1486
30.09.2022,COMB-45-2022,JULIACA,22.42
30.09.2022,COMB-45-2022,LIMA,21.5468
30.09.2022,COMB-45-2022,MOLLENDO,22.1014
30.09.2022,COMB-45-2022,PISCO,21.7828
30.09.2022,COMB-45-2022,PIURA,21.7474
30.09.2022,COMB-45-2022,PTO. MALDONADO,18.78
30.09.2022,COMB-45-2022,SALAVERRY,21.8654
30.09.2022,COMB-45-2022,SUPE,21.5822
30.09.2022,COMB-45-2022,TALARA,21.5468
30.09.2022,COMB-45-2022,TARAPOTO,22.0247
30.09.2023,COMB-50-2023,CHIMBOTE,22.7976
30.09.2023,COMB-50-2023,CUSCO,23.777
30.09.2023,COMB-50-2023,EL MILAGRO,23.2342
30.09.2023,COMB-50-2023,ETEN,22.8094
30.09.2023,COMB-50-2023,ILO,23.364
30.09.2023,COMB-50-2023,IQUITOS,17.48
30.09.2023,COMB-50-2023,JULIACA,23.6708
30.09.2023,COMB-50-2023,LIMA,22.5144
30.09.2023,COMB-50-2023,MOLLENDO,23.187
30.09.2023,COMB-50-2023,PISCO,22.8684
30.09.2023,COMB-50-2023,PIURA,22.715
30.09.2023,COMB-50-2023,PTO. MALDONADO,19.7
30.09.2023,COMB-50-2023,PUCALLPA,17.47
30.09.2023,COMB-50-2023,SALAVERRY,22.833
30.09.2023,COMB-50-2023,SUPE,22.6678
30.09.2023,COMB-50-2023,TALARA,22.5144
30.09.2023,COMB-50-2023,TARAPOTO,23.5823
30.09.2023,COMB-50-2023,YURIMAGUAS,17.9
30.09.2025,COMB-63-2025,CHIMBOTE,13.7824
30.09.2025,COMB-63-2025,CUSCO,14.7618
30.09.2025,COMB-63-2025,EL MILAGRO,15.0332
30.09.2025,COMB-63-2025,ETEN,13.7942
30.09.2025,COMB-63-2025,ILO,14.3488
30.09.2025,COMB-63-2025,IQUITOS,11.68
30.09.2025,COMB-63-2025,JULIACA,14.6556
30.09.2025,COMB-63-2025,LIMA,13.4992
30.09.2025,COMB-63-2025,MOLLENDO,14.1718
30.09.2025,COMB-63-2025,PISCO,13.8532
30.09.2025,COMB-63-2025,PIURA,12.7204
30.09.2025,COMB-63-2025,PTO. MALDONADO,13.7
30.09.2025,COMB-63-2025,PUCALLPA,11.67
30.09.2025,COMB-63-2025,SALAVERRY,13.8178
30.09.2025,COMB-63-2025,SUPE,13.6526
30.09.2025,COMB-63-2025,TALARA,12.5198
30.09.2025,COMB-63-2025,TARAPOTO,15.4285
30.09.2025,COMB-63-2025,YURIMAGUAS,12.1
30.10.2021,COMB-55-2021,CHIMBOTE,16.0244
30.10.2021,COMB-55-2021,CUSCO,16.6734
30.10.2021,COMB-55-2021,EL MILAGRO,16.1896
30.10.2021,COMB-55-2021,ETEN,16.1542
30.10.2021,COMB-55-2021,ILO,16.461
30.10.2021,COMB-55-2021,JULIACA,16.7324
30.10.2021,COMB-55-2021,LIMA,15.8592
30.10.2021,COMB-55-2021,MOLLENDO,16.4138
30.10.2021,COMB-55-2021,PISCO,16.0952
30.10.2021,COMB-55-2021,PIURA,16.0598
30.10.2021,COMB-55-2021,PTO. MALDONADO,13.96
30.10.2021,COMB-55-2021,SALAVERRY,16.1778
30.10.2021,COMB-55-2021,SUPE,15.8946
30.10.2021,COMB-55-2021,TALARA,15.8592
30.10.2021,COMB-55-2021,TARAPOTO,16.3371
30.12.2022,COMB-60-2022,CHIMBOTE,21.1338
30.12.2022,COMB-60-2022,CUSCO,21.7828
30.12.2022,COMB-60-2022,EL MILAGRO,21.299
30.12.2022,COMB-60-2022,ETEN,21.2636
30.12.2022,COMB-60-2022,ILO,21.5704
30.12.2022,COMB-60-2022,JULIACA,21.8418
30.12.2022,COMB-60-2022,LIMA,20.9686
30.12.2022,COMB-60-2022,MOLLENDO,21.5232
30.12.2022,COMB-60-2022,PISCO,21.2046
30.12.2022,COMB-60-2022,PIURA,21.1692
30.12.2022,COMB-60-2022,PTO. MALDONADO,18.29
30.12.2022,COMB-60-2022,SALAVERRY,21.2872
30.12.2022,COMB-60-2022,SUPE,21.004
30.12.2022,COMB-60-2022,TALARA,20.9686
30.12.2022,COMB-60-2022,TARAPOTO,21.4465
30.12.2023,COMB-67-2023,CHIMBOTE,19.6352
30.12.2023,COMB-67-2023,CUSCO,20.6146
30.12.2023,COMB-67-2023,EL MILAGRO,20.0718
30.12.2023,COMB-67-2023,ETEN,19.647
30.12.2023,COMB-67-2023,ILO,20.2016
30.12.2023,COMB-67-2023,IQUITOS,14.8
30.12.2023,COMB-67-2023,JULIACA,20.5084
30.12.2023,COMB-67-2023,LIMA,19.352
30.12.2023,COMB-67-2023,MOLLENDO,20.0246
30.12.2023,COMB-67-2023,PISCO,19.706
30.12.2023,COMB-67-2023,PIURA,19.5526
30.12.2023,COMB-67-2023,PTO. MALDONADO,17.02
30.12.2023,COMB-67-2023,PUCALLPA,14.79
30.12.2023,COMB-67-2023,SALAVERRY,19.6706
30.12.2023,COMB-67-2023,SUPE,19.5054
30.12.2023,COMB-67-2023,TALARA,19.352
30.12.2023,COMB-67-2023,TARAPOTO,20.4199
30.12.2023,COMB-67-2023,YURIMAGUAS,15.22
30.12.2025,COMB-83-2025,CHIMBOTE,13.0862
30.12.2025,COMB-83-2025,CUSCO,15.1512
30.12.2025,COMB-83-2025,EL MILAGRO,14.6674
30.12.2025,COMB-83-2025,ETEN,13.688
30.12.2025,COMB-83-2025,ILO,14.4196
30.12.2025,COMB-83-2025,IQUITOS,11.69
30.12.2025,COMB-83-2025,JULIACA,15.045
30.12.2025,COMB-83-2025,LIMA,13.452
30.12.2025,COMB-83-2025,MOLLENDO,14.573
30.12.2025,COMB-83-2025,PISCO,13.747
30.12.2025,COMB-83-2025,PIURA,12.6496
30.12.2025,COMB-83-2025,PTO. MALDONADO,12.2483
30.12.2025,COMB-83-2025,PUCALLPA,11.68
30.12.2025,COMB-83-2025,SALAVERRY,13.9476
30.12.2025,COMB-83-2025,SUPE,13.5464
30.12.2025,COMB-83-2025,TALARA,12.449
30.12.2025,COMB-83-2025,TARAPOTO,15.0627
30.12.2025,COMB-83-2025,YURIMAGUAS,12.11
31.01.2025,COMB-10-2025,CHIMBOTE,16.8386
31.01.2025,COMB-10-2025,CUSCO,17.818
31.01.2025,COMB-10-2025,EL MILAGRO,18.0894
31.01.2025,COMB-10-2025,ETEN,16.8504
31.01.2025,COMB-10-2025,ILO,17.405
31.01.2025,COMB-10-2025,IQUITOS,13.12
31.01.2025,COMB-10-2025,JULIACA,17.7118
31.01.2025,COMB-10-2025,LIMA,16.5554
31.01.2025,COMB-10-2025,MOLLENDO,17.228
31.01.2025,COMB-10-2025,PISCO,16.9094
31.01.2025,COMB-10-2025,PIURA,16.756
31.01.2025,COMB-10-2025,PTO. MALDONADO,15.14
31.01.2025,COMB-10-2025,PUCALLPA,13.11
31.01.2025,COMB-10-2025,SALAVERRY,16.874
31.01.2025,COMB-10-2025,SUPE,16.7088
31.01.2025,COMB-10-2025,TALARA,16.5554
31.01.2025,COMB-10-2025,TARAPOTO,18.4847
31.01.2025,COMB-10-2025,YURIMAGUAS,13.54
31.03.2023,COMB-15-2023,CHIMBOTE,20.5792
31.03.2023,COMB-15-2023,CUSCO,21.2282
31.03.2023,COMB-15-2023,EL MILAGRO,20.7444
31.03.2023,COMB-15-2023,ETEN,20.709
31.03.2023,COMB-15-2023,ILO,21.0158
31.03.2023,COMB-15-2023,IQUITOS,15.6
31.03.2023,COMB-15-2023,JULIACA,21.2872
31.03.2023,COMB-15-2023,LIMA,20.414
31.03.2023,COMB-15-2023,MOLLENDO,20.9686
31.03.2023,COMB-15-2023,PISCO,20.65
31.03.2023,COMB-15-2023,PIURA,20.6146
31.03.2023,COMB-15-2023,PTO. MALDONADO,17.82
31.03.2023,COMB-15-2023,PUCALLPA,15.59
31.03.2023,COMB-15-2023,SALAVERRY,20.7326
31.03.2023,COMB-15-2023,SUPE,20.4494
31.03.2023,COMB-15-2023,TALARA,20.414
31.03.2023,COMB-15-2023,TARAPOTO,20.8919
31.03.2023,COMB-15-2023,YURIMAGUAS,16.02
31.03.2026,COMB-18-2026,CHIMBOTE,22.1604
31.03.2026,COMB-18-2026,CUSCO,25.3464
31.03.2026,COMB-18-2026,EL MILAGRO,23.6118
31.03.2026,COMB-18-2026,ETEN,23.3404
31.03.2026,COMB-18-2026,ILO,25.016
31.03.2026,COMB-18-2026,IQUITOS,19.88
31.03.2026,COMB-18-2026,JULIACA,25.2402
31.03.2026,COMB-18-2026,LIMA,22.8684
31.03.2026,COMB-18-2026,MOLLENDO,25.0632
31.03.2026,COMB-18-2026,PISCO,23.5174
31.03.2026,COMB-18-2026,PIURA,21.299
31.03.2026,COMB-18-2026,PTO. MALDONADO,21.3383
31.03.2026,COMB-18-2026,PUCALLPA,19.87
31.03.2026,COMB-18-2026,SALAVERRY,23.6
31.03.2026,COMB-18-2026,SUPE,23.3168
31.03.2026,COMB-18-2026,TALARA,21.0984
31.03.2026,COMB-18-2026,TARAPOTO,24.0071
31.03.2026,COMB-18-2026,YURIMAGUAS,20.01
31.05.2024,COMB-28-2024,CHIMBOTE,17.0156
31.05.2024,COMB-28-2024,CUSCO,17.995
31.05.2024,COMB-28-2024,EL MILAGRO,17.4522
31.05.2024,COMB-28-2024,ETEN,17.0274
31.05.2024,COMB-28-2024,ILO,17.582
31.05.2024,COMB-28-2024,IQUITOS,12.58
31.05.2024,COMB-28-2024,JULIACA,17.8888
31.05.2024,COMB-28-2024,LIMA,16.7324
31.05.2024,COMB-28-2024,MOLLENDO,17.405
31.05.2024,COMB-28-2024,PISCO,17.0864
31.05.2024,COMB-28-2024,PIURA,16.933
31.05.2024,COMB-28-2024,PTO. MALDONADO,14.8
31.05.2024,COMB-28-2024,PUCALLPA,12.57
31.05.2024,COMB-28-2024,SALAVERRY,17.051
31.05.2024,COMB-28-2024,SUPE,16.8858
31.05.2024,COMB-28-2024,TALARA,16.7324
31.05.2024,COMB-28-2024,TARAPOTO,17.8003
31.05.2024,COMB-28-2024,YURIMAGUAS,13.0
31.10.2023,COMB-55-2023,CHIMBOTE,22.6442
31.10.2023,COMB-55-2023,CUSCO,23.6236
31.10.2023,COMB-55-2023,EL MILAGRO,23.0808
31.10.2023,COMB-55-2023,ETEN,22.656
31.10.2023,COMB-55-2023,ILO,23.2106
31.10.2023,COMB-55-2023,IQUITOS,17.35
31.10.2023,COMB-55-2023,JULIACA,23.5174
31.10.2023,COMB-55-2023,LIMA,22.361
31.10.2023,COMB-55-2023,MOLLENDO,23.0336
31.10.2023,COMB-55-2023,PISCO,22.715
31.10.2023,COMB-55-2023,PIURA,22.5616
31.10.2023,COMB-55-2023,PTO. MALDONADO,19.57
31.10.2023,COMB-55-2023,PUCALLPA,17.34
31.10.2023,COMB-55-2023,SALAVERRY,22.6796
31.10.2023,COMB-55-2023,SUPE,22.5144
31.10.2023,COMB-55-2023,TALARA,22.361
31.10.2023,COMB-55-2023,TARAPOTO,23.4289
31.10.2023,COMB-55-2023,YURIMAGUAS,17.77
31.12.2021,COMB-64-2021,CHIMBOTE,14.9152
31.12.2021,COMB-64-2021,CUSCO,15.5642
31.12.2021,COMB-64-2021,EL MILAGRO,15.0804
31.12.2021,COMB-64-2021,ETEN,15.045
31.12.2021,COMB-64-2021,ILO,15.3518
31.12.2021,COMB-64-2021,JULIACA,15.6232
31.12.2021,COMB-64-2021,LIMA,14.75
31.12.2021,COMB-64-2021,MOLLENDO,15.3046
31.12.2021,COMB-64-2021,PISCO,14.986
31.12.2021,COMB-64-2021,PIURA,14.9506
31.12.2021,COMB-64-2021,PTO. MALDONADO,13.02
31.12.2021,COMB-64-2021,SALAVERRY,15.0686
31.12.2021,COMB-64-2021,SUPE,14.7854
31.12.2021,COMB-64-2021,TALARA,14.75
31.12.2021,COMB-64-2021,TARAPOTO,15.2279
31.12.2022,COMB-61-2022,CHIMBOTE,21.1338
31.12.2022,COMB-61-2022,CUSCO,21.7828
31.12.2022,COMB-61-2022,EL MILAGRO,21.299
31.12.2022,COMB-61-2022,ETEN,21.2636
31.12.2022,COMB-61-2022,ILO,21.5704
31.12.2022,COMB-61-2022,JULIACA,21.8418
31.12.2022,COMB-61-2022,LIMA,20.9686
31.12.2022,COMB-61-2022,MOLLENDO,21.5232
31.12.2022,COMB-61-2022,PISCO,21.2046
31.12.2022,COMB-61-2022,PIURA,21.1692
31.12.2022,COMB-61-2022,PTO. MALDONADO,18.29
31.12.2022,COMB-61-2022,SALAVERRY,21.2872
31.12.2022,COMB-61-2022,SUPE,21.004
31.12.2022,COMB-61-2022,TALARA,20.9686
31.12.2022,COMB-61-2022,TARAPOTO,21.4465
31.12.2024,COMB-70-2024,CHIMBOTE,15.6822
31.12.2024,COMB-70-2024,CUSCO,16.6616
31.12.2024,COMB-70-2024,EL MILAGRO,16.933
31.12.2024,COMB-70-2024,ETEN,15.694
31.12.2024,COMB-70-2024,ILO,16.2486
31.12.2024,COMB-70-2024,IQUITOS,12.14
31.12.2024,COMB-70-2024,JULIACA,16.5554
31.12.2024,COMB-70-2024,LIMA,15.399
31.12.2024,COMB-70-2024,MOLLENDO,16.0716
31.12.2024,COMB-70-2024,PISCO,15.753
31.12.2024,COMB-70-2024,PIURA,15.5996
31.12.2024,COMB-70-2024,PTO. MALDONADO,14.16
31.12.2024,COMB-70-2024,PUCALLPA,12.13
31.12.2024,COMB-70-2024,SALAVERRY,15.7176
31.12.2024,COMB-70-2024,SUPE,15.5524
31.12.2024,COMB-70-2024,TALARA,15.399
31.12.2024,COMB-70-2024,TARAPOTO,17.3283
31.12.2024,COMB-70-2024,YURIMAGUAS,12.56
